/* Copyright 2026 Rhett Creighton - Apache License 2.0
 * Generated C23 embedding of the Inter 4.1 Medium Basic Latin subset. */
static const unsigned char g_zcl_inter_medium_ascii[] = {
  0x00, 0x01, 0x00, 0x00, 0x00, 0x11, 0x01, 0x00, 0x00, 0x04, 0x00, 0x10,
  0x47, 0x44, 0x45, 0x46, 0x03, 0x09, 0x03, 0x16, 0x00, 0x00, 0x01, 0xa0,
  0x00, 0x00, 0x00, 0x46, 0x47, 0x50, 0x4f, 0x53, 0x03, 0x1c, 0x07, 0x5a,
  0x00, 0x00, 0x2d, 0xac, 0x00, 0x00, 0x26, 0xf8, 0x47, 0x53, 0x55, 0x42,
  0x3d, 0x5b, 0x49, 0x62, 0x00, 0x00, 0x1d, 0xc4, 0x00, 0x00, 0x0f, 0xe6,
  0x4f, 0x53, 0x2f, 0x32, 0x72, 0x50, 0x74, 0x00, 0x00, 0x00, 0x01, 0xe8,
  0x00, 0x00, 0x00, 0x60, 0x63, 0x6d, 0x61, 0x70, 0x09, 0x2e, 0x08, 0xa8,
  0x00, 0x00, 0x02, 0x48, 0x00, 0x00, 0x00, 0xae, 0x63, 0x76, 0x74, 0x20,
  0x7f, 0x5c, 0x40, 0xf8, 0x00, 0x00, 0x03, 0xe8, 0x00, 0x00, 0x01, 0x04,
  0x66, 0x70, 0x67, 0x6d, 0x62, 0x2f, 0x07, 0x81, 0x00, 0x00, 0x0f, 0xb8,
  0x00, 0x00, 0x0e, 0x0c, 0x67, 0x61, 0x73, 0x70, 0x00, 0x00, 0x00, 0x10,
  0x00, 0x00, 0x01, 0x1c, 0x00, 0x00, 0x00, 0x08, 0x67, 0x6c, 0x79, 0x66,
  0xcd, 0x5b, 0x5f, 0xca, 0x00, 0x00, 0x54, 0xa4, 0x00, 0x00, 0x49, 0x7a,
  0x68, 0x65, 0x61, 0x64, 0x34, 0x79, 0x74, 0x2b, 0x00, 0x00, 0x01, 0x68,
  0x00, 0x00, 0x00, 0x36, 0x68, 0x68, 0x65, 0x61, 0x16, 0x63, 0x13, 0x26,
  0x00, 0x00, 0x01, 0x44, 0x00, 0x00, 0x00, 0x24, 0x68, 0x6d, 0x74, 0x78,
  0x98, 0xd9, 0x5a, 0xde, 0x00, 0x00, 0x07, 0xbc, 0x00, 0x00, 0x02, 0xc8,
  0x6c, 0x6f, 0x63, 0x61, 0x48, 0x46, 0x34, 0x9d, 0x00, 0x00, 0x04, 0xec,
  0x00, 0x00, 0x01, 0x66, 0x6d, 0x61, 0x78, 0x70, 0x02, 0xb8, 0x0f, 0x8e,
  0x00, 0x00, 0x01, 0x24, 0x00, 0x00, 0x00, 0x20, 0x6e, 0x61, 0x6d, 0x65,
  0x19, 0xa1, 0x34, 0xf6, 0x00, 0x00, 0x06, 0x54, 0x00, 0x00, 0x01, 0x68,
  0x70, 0x6f, 0x73, 0x74, 0x23, 0xea, 0xad, 0xc7, 0x00, 0x00, 0x0a, 0x84,
  0x00, 0x00, 0x05, 0x31, 0x70, 0x72, 0x65, 0x70, 0x68, 0xff, 0x23, 0x7a,
  0x00, 0x00, 0x02, 0xf8, 0x00, 0x00, 0x00, 0xef, 0x00, 0x01, 0x00, 0x01,
  0xff, 0xff, 0x00, 0x0f, 0x00, 0x01, 0x00, 0x00, 0x00, 0xb2, 0x00, 0x84,
  0x00, 0x0a, 0x00, 0x68, 0x00, 0x07, 0x00, 0x02, 0x00, 0x52, 0x00, 0x93,
  0x00, 0x8d, 0x00, 0x00, 0x01, 0x0e, 0x0e, 0x0c, 0x00, 0x07, 0x00, 0x01,
  0x00, 0x01, 0x00, 0x00, 0x07, 0xc0, 0xfe, 0x12, 0x00, 0x00, 0x15, 0x74,
  0xf9, 0xf6, 0xf6, 0xee, 0x14, 0xaa, 0x08, 0x00, 0x00, 0x00, 0x00, 0x00,
  0x00, 0x00, 0x00, 0x00, 0x00, 0x00, 0x00, 0x00, 0x00, 0x00, 0x00, 0xb2,
  0x00, 0x01, 0x00, 0x00, 0x00, 0x04, 0x00, 0x42, 0xa7, 0xa3, 0x47, 0xdb,
  0x5f, 0x0f, 0x3c, 0xf5, 0x00, 0x07, 0x08, 0x00, 0x00, 0x00, 0x00, 0x00,
  0xe3, 0x5d, 0x94, 0x32, 0x00, 0x00, 0x00, 0x00, 0xe3, 0x5d, 0x94, 0x7b,
  0xf9, 0xf6, 0xfd, 0x64, 0x14, 0xaa, 0x08, 0xe0, 0x00, 0x00, 0x00, 0x03,
  0x00, 0x02, 0x00, 0x00, 0x00, 0x00, 0x00, 0x00, 0x00, 0x01, 0x00, 0x00,
  0x00, 0x0c, 0x00, 0x00, 0x00, 0x00, 0x00, 0x00, 0x00, 0x02, 0x00, 0x09,
  0x00, 0x01, 0x00, 0x23, 0x00, 0x01, 0x00, 0x27, 0x00, 0x38, 0x00, 0x01,
  0x00, 0x3a, 0x00, 0x3b, 0x00, 0x01, 0x00, 0x47, 0x00, 0x48, 0x00, 0x01,
  0x00, 0x4e, 0x00, 0x4f, 0x00, 0x01, 0x00, 0x72, 0x00, 0x72, 0x00, 0x01,
  0x00, 0x74, 0x00, 0x75, 0x00, 0x01, 0x00, 0x82, 0x00, 0x82, 0x00, 0x01,
  0x00, 0x84, 0x00, 0x85, 0x00, 0x01, 0x00, 0x00, 0x00, 0x04, 0x05, 0x26,
  0x01, 0xf4, 0x00, 0x05, 0x00, 0x00, 0x05, 0x33, 0x04, 0xcd, 0x00, 0x00,
  0x00, 0x9a, 0x05, 0x33, 0x04, 0xcd, 0x00, 0x00, 0x02, 0xcd, 0x00, 0x9d,
  0x02, 0x9f, 0x00, 0x00, 0x02, 0x00, 0x06, 0x03, 0x00, 0x00, 0x00, 0x02,
  0x00, 0x04, 0x00, 0x00, 0x00, 0x01, 0x00, 0x00, 0x00, 0x00, 0x00, 0x00,
  0x00, 0x00, 0x00, 0x00, 0x00, 0x00, 0x52, 0x53, 0x4d, 0x53, 0x00, 0xc0,
  0x00, 0x20, 0x00, 0x7e, 0x07, 0xc0, 0xfe, 0x12, 0x00, 0x00, 0x07, 0xc0,
  0x01, 0xee, 0x00, 0x00, 0x01, 0x9f, 0x00, 0x00, 0x00, 0x00, 0x04, 0x5e,
  0x05, 0xd2, 0x00, 0x00, 0x00, 0x20, 0x00, 0x0c, 0x00, 0x00, 0x00, 0x02,
  0x00, 0x00, 0x00, 0x03, 0x00, 0x00, 0x00, 0x14, 0x00, 0x03, 0x00, 0x01,
  0x00, 0x00, 0x00, 0x14, 0x00, 0x04, 0x00, 0x9a, 0x00, 0x00, 0x00, 0x12,
  0x00, 0x10, 0x00, 0x03, 0x00, 0x02, 0x00, 0x2f, 0x00, 0x39, 0x00, 0x40,
  0x00, 0x5a, 0x00, 0x60, 0x00, 0x69, 0x00, 0x7a, 0x00, 0x7e, 0xff, 0xff,
  0x00, 0x00, 0x00, 0x20, 0x00, 0x30, 0x00, 0x3a, 0x00, 0x41, 0x00, 0x5b,
  0x00, 0x61, 0x00, 0x6a, 0x00, 0x7b, 0xff, 0xff, 0x00, 0x00, 0x00, 0x08,
  0x00, 0x00, 0xff, 0xc0, 0x00, 0x00, 0xff, 0xba, 0xff, 0xbc, 0x00, 0x00,
  0x00, 0x01, 0x00, 0x12, 0x00, 0x00, 0x00, 0x2e, 0x00, 0x00, 0x00, 0x38,
  0x00, 0x00, 0x00, 0x00, 0x00, 0x3e, 0x00, 0x00, 0x00, 0x95, 0x00, 0x43,
  0x00, 0x5b, 0x00, 0x53, 0x00, 0x37, 0x00, 0x92, 0x00, 0x42, 0x00, 0x5a,
  0x00, 0x45, 0x00, 0x46, 0x00, 0x6d, 0x00, 0x64, 0x00, 0x5c, 0x00, 0x57,
  0x00, 0x5d, 0x00, 0x54, 0x00, 0x5e, 0x00, 0x60, 0x00, 0x61, 0x00, 0x63,
  0x00, 0x62, 0x00, 0x44, 0x00, 0x4b, 0x00, 0x47, 0x00, 0x56, 0x00, 0x48,
  0x00, 0x6c, 0x00, 0x6b, 0x00, 0x93, 0x00, 0x49, 0x00, 0x55, 0x00, 0x4a,
  0x00, 0x65, 0x00, 0x00, 0x00, 0x4b, 0xb8, 0x00, 0xc8, 0x52, 0x58, 0xb1,
  0x01, 0x01, 0x8e, 0x59, 0xb0, 0x01, 0xb9, 0x08, 0x00, 0x08, 0x00, 0x63,
  0x70, 0xb1, 0x00, 0x07, 0x42, 0x40, 0x09, 0x7f, 0x6f, 0x5f, 0x4f, 0x43,
  0x37, 0x27, 0x07, 0x00, 0x2a, 0xb1, 0x00, 0x07, 0x42, 0x40, 0x10, 0x74,
  0x08, 0x64, 0x08, 0x54, 0x08, 0x48, 0x06, 0x3c, 0x06, 0x2c, 0x08, 0x1e,
  0x07, 0x07, 0x0a, 0x2a, 0xb1, 0x00, 0x07, 0x42, 0x40, 0x10, 0x7c, 0x06,
  0x6c, 0x06, 0x5c, 0x06, 0x4e, 0x04, 0x42, 0x04, 0x34, 0x06, 0x25, 0x05,
  0x07, 0x0a, 0x2a, 0xb1, 0x00, 0x0e, 0x42, 0x41, 0x09, 0x1d, 0x40, 0x19,
  0x40, 0x15, 0x40, 0x12, 0x40, 0x0f, 0x40, 0x0b, 0x40, 0x07, 0xc0, 0x00,
  0x07, 0x00, 0x0b, 0x2a, 0xb1, 0x00, 0x15, 0x42, 0x41, 0x09, 0x00, 0x40,
  0x00, 0x40, 0x00, 0x40, 0x00, 0x40, 0x00, 0x40, 0x00, 0x40, 0x00, 0x40,
  0x00, 0x07, 0x00, 0x0b, 0x2a, 0xb9, 0x00, 0x03, 0x00, 0x00, 0x44, 0xb1,
  0x24, 0x01, 0x88, 0x51, 0x58, 0xb0, 0x40, 0x88, 0x58, 0xb9, 0x00, 0x03,
  0x00, 0x00, 0x44, 0xb1, 0x28, 0x01, 0x88, 0x51, 0x58, 0xb8, 0x08, 0x00,
  0x88, 0x58, 0xb9, 0x00, 0x03, 0x00, 0x00, 0x44, 0x59, 0x1b, 0xb1, 0x27,
  0x01, 0x88, 0x51, 0x58, 0xba, 0x08, 0x80, 0x00, 0x01, 0x04, 0x40, 0x88,
  0x63, 0x54, 0x58, 0xb9, 0x00, 0x03, 0x00, 0x00, 0x44, 0x59, 0x59, 0x59,
  0x59, 0x59, 0x40, 0x10, 0x76, 0x06, 0x66, 0x06, 0x56, 0x06, 0x4a, 0x04,
  0x3e, 0x04, 0x2e, 0x06, 0x20, 0x05, 0x07, 0x0e, 0x2a, 0xb8, 0x01, 0xff,
  0x85, 0xb0, 0x04, 0x8d, 0xb1, 0x02, 0x00, 0x44, 0xb3, 0x05, 0x64, 0x06,
  0x00, 0x44, 0x44, 0x00, 0x00, 0x00, 0x00, 0x00, 0x00, 0x00, 0x00, 0x00,
  0x00, 0x00, 0x00, 0x00, 0x00, 0x00, 0x00, 0x00, 0x00, 0x00, 0x00, 0x00,
  0x00, 0x00, 0x00, 0x00, 0x00, 0x00, 0x00, 0x00, 0x00, 0x00, 0x00, 0x00,
  0x00, 0x00, 0x00, 0x00, 0x00, 0x00, 0x00, 0x00, 0x00, 0x00, 0x00, 0x00,
  0x00, 0x00, 0x00, 0x00, 0x00, 0x00, 0x00, 0x00, 0x00, 0x00, 0x00, 0x00,
  0x00, 0xdf, 0x00, 0xdf, 0x00, 0xba, 0x00, 0xba, 0x05, 0xd2, 0x00, 0x00,
  0x04, 0x5e, 0x00, 0x00, 0xfe, 0x5e, 0x05, 0xe6, 0xff, 0xec, 0x04, 0x6c,
  0xff, 0xe8, 0xfe, 0x56, 0x00, 0xdf, 0x00, 0xdf, 0x00, 0xba, 0x00, 0xba,
  0x05, 0xd2, 0xff, 0xf0, 0x05, 0xd2, 0x04, 0x5e, 0xff, 0xf0, 0xfe, 0x5e,
  0x05, 0xe6, 0xff, 0xec, 0x05, 0xea, 0x04, 0x6c, 0xff, 0xf0, 0xfe, 0x5e,
  0x00, 0xc3, 0x00, 0xc3, 0x00, 0x8e, 0x00, 0x8e, 0x01, 0xfe, 0x01, 0x3d,
  0xfe, 0xd2, 0xfd, 0xee, 0x02, 0x33, 0x01, 0x43, 0xfe, 0xc7, 0xfd, 0xe9,
  0x00, 0xc3, 0x00, 0xc3, 0x00, 0x8e, 0x00, 0x8e, 0x06, 0xae, 0x05, 0xed,
  0x03, 0x82, 0x02, 0x9e, 0x06, 0xe3, 0x05, 0xf3, 0x03, 0x77, 0x02, 0x99,
  0x00, 0xdf, 0x00, 0xdf, 0x00, 0xba, 0x00, 0xba, 0x05, 0xd2, 0x00, 0x00,
  0x05, 0xd2, 0x04, 0x5e, 0x00, 0x00, 0xfe, 0x5e, 0x05, 0xe6, 0xff, 0xec,
  0x06, 0x03, 0x04, 0x6c, 0xff, 0xe8, 0xfe, 0x56, 0x00, 0xc3, 0x00, 0xc3,
  0x00, 0x8e, 0x00, 0x8e, 0x01, 0xfe, 0xfe, 0xd2, 0x01, 0xfe, 0x01, 0x3d,
  0xfe, 0xd2, 0xfd, 0xee, 0x02, 0x08, 0xfe, 0xc8, 0x02, 0x33, 0x01, 0x43,
  0xfe, 0xc7, 0xfd, 0xee, 0x00, 0xc3, 0x00, 0xc3, 0x00, 0x8e, 0x00, 0x8e,
  0x06, 0xae, 0x03, 0x82, 0x06, 0xae, 0x05, 0xed, 0x03, 0x82, 0x02, 0x9e,
  0x06, 0xb8, 0x03, 0x78, 0x06, 0xe3, 0x05, 0xf3, 0x03, 0x77, 0x02, 0x99,
  0x00, 0x00, 0x00, 0x00, 0x00, 0x3a, 0x00, 0x8f, 0x00, 0xe1, 0x01, 0x1c,
  0x01, 0x4b, 0x01, 0x74, 0x01, 0xcb, 0x01, 0xf6, 0x02, 0x10, 0x02, 0x43,
  0x02, 0x79, 0x02, 0x97, 0x02, 0xe7, 0x03, 0x22, 0x03, 0x6e, 0x03, 0xa8,
  0x04, 0x0b, 0x04, 0x51, 0x04, 0xb2, 0x04, 0xd5, 0x05, 0x09, 0x05, 0x37,
  0x05, 0x84, 0x05, 0xc8, 0x05, 0xfb, 0x06, 0x39, 0x06, 0xb4, 0x07, 0x22,
  0x07, 0x6b, 0x07, 0xd9, 0x08, 0x2a, 0x08, 0x81, 0x09, 0x08, 0x09, 0x3d,
  0x09, 0x49, 0x09, 0x62, 0x09, 0x84, 0x09, 0x90, 0x09, 0xc6, 0x09, 0xe0,
  0x0a, 0x40, 0x0a, 0x84, 0x0a, 0xce, 0x0b, 0x3b, 0x0b, 0xa5, 0x0b, 0xeb,
  0x0c, 0x3e, 0x0c, 0x81, 0x0c, 0xca, 0x0c, 0xf7, 0x0d, 0x43, 0x0d, 0x83,
  0x0d, 0xbf, 0x0d, 0xee, 0x0e, 0x68, 0x0e, 0xb0, 0x0e, 0xd5, 0x0f, 0x1c,
  0x0f, 0x84, 0x0f, 0xbf, 0x10, 0x1b, 0x10, 0x88, 0x10, 0xae, 0x11, 0x21,
  0x11, 0x8f, 0x12, 0x33, 0x12, 0x67, 0x12, 0xc3, 0x12, 0xf0, 0x13, 0x21,
  0x13, 0x47, 0x13, 0x6d, 0x13, 0xcb, 0x14, 0x2b, 0x15, 0x6a, 0x15, 0x78,
  0x15, 0x86, 0x15, 0x94, 0x15, 0xa2, 0x15, 0xb0, 0x15, 0xbe, 0x15, 0xcc,
  0x16, 0x42, 0x16, 0x5d, 0x16, 0x76, 0x16, 0x91, 0x16, 0xae, 0x16, 0xbc,
  0x16, 0xdd, 0x16, 0xf8, 0x17, 0x04, 0x17, 0x14, 0x17, 0x37, 0x17, 0x49,
  0x17, 0x61, 0x17, 0x79, 0x17, 0x91, 0x17, 0xab, 0x17, 0xd6, 0x18, 0x15,
  0x18, 0x63, 0x18, 0x71, 0x18, 0x7f, 0x18, 0x8d, 0x18, 0x9b, 0x18, 0xa9,
  0x18, 0xc9, 0x18, 0xf2, 0x19, 0x31, 0x19, 0x72, 0x19, 0xb7, 0x1a, 0x0e,
  0x1a, 0x29, 0x1a, 0x63, 0x1a, 0x86, 0x1a, 0xc8, 0x1b, 0x2a, 0x1b, 0x62,
  0x1c, 0x11, 0x1c, 0x6f, 0x1c, 0x94, 0x1c, 0xfd, 0x1d, 0xa4, 0x1d, 0xce,
  0x1d, 0xf9, 0x1e, 0x21, 0x1e, 0x4a, 0x1e, 0x6d, 0x1e, 0x8a, 0x1e, 0x9a,
  0x1e, 0xaa, 0x1e, 0xba, 0x1e, 0xca, 0x1e, 0xda, 0x1e, 0xea, 0x1e, 0xfa,
  0x1f, 0x0a, 0x1f, 0x1a, 0x1f, 0x2a, 0x1f, 0x3a, 0x1f, 0x4a, 0x1f, 0x5a,
  0x1f, 0x6a, 0x1f, 0x90, 0x1f, 0xad, 0x20, 0x7b, 0x20, 0x83, 0x20, 0xa5,
  0x20, 0xa5, 0x20, 0xa5, 0x20, 0xe1, 0x21, 0x1d, 0x21, 0x49, 0x21, 0x82,
  0x21, 0xbd, 0x21, 0xf8, 0x22, 0x23, 0x22, 0x5b, 0x22, 0x93, 0x22, 0xee,
  0x23, 0x49, 0x23, 0x93, 0x23, 0xdd, 0x23, 0xeb, 0x23, 0xf9, 0x24, 0x07,
  0x24, 0x15, 0x24, 0x23, 0x24, 0x31, 0x24, 0x3f, 0x24, 0x4d, 0x24, 0x5b,
  0x24, 0x69, 0x24, 0x77, 0x24, 0x85, 0x24, 0x93, 0x24, 0xbd, 0x00, 0x00,
  0x00, 0x00, 0x00, 0x07, 0x00, 0x5a, 0x00, 0x03, 0x00, 0x01, 0x04, 0x09,
  0x00, 0x00, 0x00, 0x50, 0x00, 0xbe, 0x00, 0x03, 0x00, 0x01, 0x04, 0x09,
  0x00, 0x01, 0x00, 0x18, 0x00, 0xa6, 0x00, 0x03, 0x00, 0x01, 0x04, 0x09,
  0x00, 0x02, 0x00, 0x0e, 0x00, 0x98, 0x00, 0x03, 0x00, 0x01, 0x04, 0x09,
  0x00, 0x03, 0x00, 0x4a, 0x00, 0x4e, 0x00, 0x03, 0x00, 0x01, 0x04, 0x09,
  0x00, 0x04, 0x00, 0x18, 0x00, 0xa6, 0x00, 0x03, 0x00, 0x01, 0x04, 0x09,
  0x00, 0x05, 0x00, 0x36, 0x00, 0x18, 0x00, 0x03, 0x00, 0x01, 0x04, 0x09,
  0x00, 0x06, 0x00, 0x18, 0x00, 0x00, 0x00, 0x49, 0x00, 0x6e, 0x00, 0x74,
  0x00, 0x65, 0x00, 0x72, 0x00, 0x2d, 0x00, 0x4d, 0x00, 0x65, 0x00, 0x64,
  0x00, 0x69, 0x00, 0x75, 0x00, 0x6d, 0x00, 0x56, 0x00, 0x65, 0x00, 0x72,
  0x00, 0x73, 0x00, 0x69, 0x00, 0x6f, 0x00, 0x6e, 0x00, 0x20, 0x00, 0x34,
  0x00, 0x2e, 0x00, 0x30, 0x00, 0x30, 0x00, 0x31, 0x00, 0x3b, 0x00, 0x67,
  0x00, 0x69, 0x00, 0x74, 0x00, 0x2d, 0x00, 0x39, 0x00, 0x32, 0x00, 0x32,
  0x00, 0x31, 0x00, 0x62, 0x00, 0x65, 0x00, 0x65, 0x00, 0x64, 0x00, 0x33,
  0x00, 0x34, 0x00, 0x2e, 0x00, 0x30, 0x00, 0x30, 0x00, 0x31, 0x00, 0x3b,
  0x00, 0x67, 0x00, 0x69, 0x00, 0x74, 0x00, 0x2d, 0x00, 0x39, 0x00, 0x32,
  0x00, 0x32, 0x00, 0x31, 0x00, 0x62, 0x00, 0x65, 0x00, 0x65, 0x00, 0x64,
  0x00, 0x33, 0x00, 0x3b, 0x00, 0x52, 0x00, 0x53, 0x00, 0x4d, 0x00, 0x53,
  0x00, 0x3b, 0x00, 0x49, 0x00, 0x6e, 0x00, 0x74, 0x00, 0x65, 0x00, 0x72,
  0x00, 0x2d, 0x00, 0x4d, 0x00, 0x65, 0x00, 0x64, 0x00, 0x69, 0x00, 0x75,
  0x00, 0x6d, 0x00, 0x52, 0x00, 0x65, 0x00, 0x67, 0x00, 0x75, 0x00, 0x6c,
  0x00, 0x61, 0x00, 0x72, 0x00, 0x49, 0x00, 0x6e, 0x00, 0x74, 0x00, 0x65,
  0x00, 0x72, 0x00, 0x20, 0x00, 0x4d, 0x00, 0x65, 0x00, 0x64, 0x00, 0x69,
  0x00, 0x75, 0x00, 0x6d, 0x00, 0x43, 0x00, 0x6f, 0x00, 0x70, 0x00, 0x79,
  0x00, 0x72, 0x00, 0x69, 0x00, 0x67, 0x00, 0x68, 0x00, 0x74, 0x00, 0x20,
  0x00, 0x32, 0x00, 0x30, 0x00, 0x31, 0x00, 0x36, 0x00, 0x20, 0x00, 0x54,
  0x00, 0x68, 0x00, 0x65, 0x00, 0x20, 0x00, 0x49, 0x00, 0x6e, 0x00, 0x74,
  0x00, 0x65, 0x00, 0x72, 0x00, 0x20, 0x00, 0x50, 0x00, 0x72, 0x00, 0x6f,
  0x00, 0x6a, 0x00, 0x65, 0x00, 0x63, 0x00, 0x74, 0x00, 0x20, 0x00, 0x41,
  0x00, 0x75, 0x00, 0x74, 0x00, 0x68, 0x00, 0x6f, 0x00, 0x72, 0x00, 0x73,
  0x05, 0x40, 0x01, 0x48, 0x05, 0xac, 0x00, 0x33, 0x05, 0x41, 0x00, 0xa5,
  0x05, 0xde, 0x00, 0x71, 0x05, 0xc6, 0x00, 0xa5, 0x04, 0xd3, 0x00, 0xa5,
  0x04, 0xb7, 0x00, 0xa5, 0x05, 0xfb, 0x00, 0x71, 0x05, 0xf5, 0x00, 0xa5,
  0x02, 0x2e, 0x00, 0xa5, 0x04, 0x9a, 0x00, 0x59, 0x05, 0x80, 0x00, 0xa5,
  0x04, 0x86, 0x00, 0xa5, 0x07, 0x4d, 0x00, 0xa5, 0x06, 0x0d, 0x00, 0xa5,
  0x06, 0x22, 0x00, 0x71, 0x05, 0x22, 0x00, 0xa5, 0x06, 0x26, 0x00, 0x71,
  0x05, 0x2f, 0x00, 0xa5, 0x05, 0x2b, 0x00, 0x6a, 0x05, 0x39, 0x00, 0x5a,
  0x05, 0xec, 0x00, 0xa5, 0x05, 0xac, 0x00, 0x33, 0x08, 0x06, 0x00, 0x33,
  0x05, 0x9b, 0x00, 0x37, 0x05, 0x92, 0x00, 0x33, 0x05, 0x20, 0x00, 0x77,
  0x04, 0x8b, 0x00, 0x53, 0x04, 0xf2, 0x00, 0x94, 0x04, 0x9e, 0x00, 0x60,
  0x04, 0xf2, 0x00, 0x60, 0x04, 0xb3, 0x00, 0x60, 0x03, 0x09, 0x00, 0x14,
  0x04, 0xf5, 0x00, 0x60, 0x04, 0xd0, 0x00, 0x94, 0x02, 0x04, 0x00, 0x79,
  0x02, 0x04, 0x00, 0x94, 0x02, 0x04, 0xff, 0xde, 0x02, 0x04, 0xff, 0xde,
  0x04, 0x79, 0x00, 0x94, 0x02, 0x04, 0x00, 0x94, 0x07, 0x1b, 0x00, 0x94,
  0x04, 0xd0, 0x00, 0x94, 0x04, 0xd5, 0x00, 0x60, 0x04, 0xf2, 0x00, 0x94,
  0x04, 0xf2, 0x00, 0x60, 0x03, 0x18, 0x00, 0x94, 0x04, 0x4f, 0x00, 0x62,
  0x02, 0xb9, 0x00, 0x14, 0x04, 0xd0, 0x00, 0x94, 0x04, 0x99, 0x00, 0x2e,
  0x06, 0xa2, 0x00, 0x39, 0x04, 0x75, 0x00, 0x39, 0x04, 0x9a, 0x00, 0x2e,
  0x04, 0x79, 0x00, 0x7c, 0x05, 0x2b, 0x00, 0x6a, 0x05, 0x2a, 0x00, 0x71,
  0x03, 0x52, 0x00, 0x5f, 0x04, 0xee, 0x00, 0x8e, 0x05, 0x04, 0x00, 0x74,
  0x05, 0x40, 0x00, 0x72, 0x04, 0xd3, 0x00, 0x74, 0x05, 0x0a, 0x00, 0x71,
  0x04, 0x92, 0x00, 0x5a, 0x05, 0x09, 0x00, 0x71, 0x05, 0x0a, 0x00, 0x71,
  0x05, 0x3a, 0x00, 0x60, 0x02, 0x6f, 0x00, 0xa3, 0x04, 0x38, 0x00, 0x51,
  0x02, 0xf3, 0x00, 0xca, 0x02, 0xf3, 0x00, 0x56, 0x02, 0xf3, 0x00, 0xd3,
  0x02, 0xf3, 0x00, 0x74, 0x03, 0x86, 0x00, 0x8f, 0x03, 0x86, 0x00, 0x74,
  0x07, 0xdc, 0x00, 0x71, 0x02, 0xf3, 0x00, 0xca, 0x02, 0xf3, 0x00, 0x56,
  0x02, 0xf3, 0x00, 0xd3, 0x02, 0xf3, 0x00, 0x74, 0x03, 0x86, 0x00, 0x8f,
  0x03, 0x86, 0x00, 0x74, 0x07, 0xdc, 0x00, 0x71, 0x05, 0x1c, 0x00, 0x1e,
  0x02, 0xf5, 0x00, 0x28, 0x02, 0xc4, 0x00, 0xfe, 0x02, 0xf5, 0x00, 0x28,
  0x03, 0xb3, 0x00, 0x8f, 0x03, 0xb3, 0x00, 0x8f, 0x02, 0x38, 0x00, 0xa2,
  0x02, 0x81, 0x00, 0xcf, 0x03, 0xf5, 0x00, 0xcf, 0x02, 0x6d, 0x00, 0x7d,
  0x02, 0x6d, 0x00, 0xa3, 0x02, 0x6d, 0x00, 0xa3, 0x02, 0x6d, 0x00, 0xa3,
  0x02, 0x86, 0x00, 0x7d, 0x05, 0x57, 0x00, 0xab, 0x05, 0x57, 0x00, 0xe2,
  0x05, 0x57, 0x00, 0xd8, 0x05, 0x57, 0x00, 0xbf, 0x05, 0x57, 0x00, 0xa2,
  0x05, 0x57, 0x00, 0xab, 0x05, 0x57, 0x00, 0xe2, 0x05, 0x57, 0x00, 0xd8,
  0x05, 0x57, 0x00, 0xbf, 0x05, 0x57, 0x00, 0xa2, 0x03, 0xb4, 0x00, 0x00,
  0x03, 0xd0, 0x00, 0x4e, 0x04, 0x2a, 0x00, 0x81, 0x05, 0x3c, 0x00, 0xbf,
  0x01, 0xa7, 0x00, 0x52, 0x03, 0x8d, 0x00, 0x5a, 0x01, 0x96, 0xfe, 0x70,
  0x03, 0x1e, 0x00, 0x4b, 0x02, 0x21, 0x00, 0x4d, 0x02, 0xf4, 0x00, 0x5a,
  0x03, 0x11, 0x00, 0x5c, 0x03, 0x26, 0x00, 0x56, 0x03, 0x05, 0x00, 0x70,
  0x03, 0x13, 0x00, 0x4b, 0x02, 0xc6, 0x00, 0x42, 0x03, 0x0f, 0x00, 0x4b,
  0x03, 0x13, 0x00, 0x4b, 0x03, 0x1d, 0x00, 0x77, 0x03, 0x1e, 0x00, 0x81,
  0x01, 0xea, 0x00, 0x7d, 0x01, 0xea, 0x00, 0x37, 0x01, 0xf1, 0x00, 0x82,
  0x01, 0xf1, 0x00, 0x64, 0x03, 0x1e, 0x00, 0x4b, 0x02, 0x21, 0x00, 0x4d,
  0x02, 0xf4, 0x00, 0x5a, 0x03, 0x11, 0x00, 0x5c, 0x03, 0x26, 0x00, 0x56,
  0x03, 0x05, 0x00, 0x70, 0x03, 0x13, 0x00, 0x4b, 0x02, 0xc6, 0x00, 0x42,
  0x03, 0x0f, 0x00, 0x4b, 0x03, 0x13, 0x00, 0x4b, 0x03, 0x1d, 0x00, 0x77,
  0x03, 0x1e, 0x00, 0x81, 0x01, 0xea, 0x00, 0x7d, 0x01, 0xea, 0x00, 0x37,
  0x01, 0xf1, 0x00, 0x82, 0x01, 0xf1, 0x00, 0x64, 0x07, 0xf2, 0x00, 0xd7,
  0x02, 0xb2, 0x00, 0x9a, 0x00, 0x00, 0x00, 0x9a, 0x02, 0x22, 0x00, 0x00,
  0x01, 0x63, 0x00, 0x00, 0x07, 0xa2, 0x00, 0xca, 0x0a, 0xba, 0x00, 0xca,
  0x15, 0x74, 0x00, 0xca, 0x0a, 0xba, 0x00, 0xca, 0x07, 0xa2, 0x01, 0x00,
  0x0a, 0xba, 0x01, 0x00, 0x15, 0x74, 0x01, 0x00, 0x07, 0xa2, 0x01, 0x00,
  0x0a, 0xba, 0x01, 0x00, 0x0a, 0xba, 0x00, 0xca, 0x0e, 0x00, 0x00, 0xca,
  0x0a, 0xba, 0x00, 0xca, 0x0e, 0x00, 0x00, 0xca, 0x07, 0xa2, 0x00, 0xca,
  0x0a, 0xba, 0x00, 0xca, 0x15, 0x74, 0x00, 0xca, 0x0a, 0xba, 0x00, 0xca,
  0x07, 0xa2, 0x01, 0x00, 0x0a, 0xba, 0x01, 0x00, 0x15, 0x74, 0x01, 0x00,
  0x07, 0xa2, 0x01, 0x00, 0x0a, 0xba, 0x01, 0x00, 0x0a, 0xba, 0x00, 0xca,
  0x0e, 0x00, 0x00, 0xca, 0x0a, 0xba, 0x00, 0xca, 0x0e, 0x00, 0x00, 0xca,
  0x00, 0x00, 0x00, 0x7d, 0x00, 0x02, 0x00, 0x00, 0x00, 0x00, 0x00, 0x00,
  0xfe, 0xac, 0x00, 0x9d, 0x00, 0x00, 0x00, 0x00, 0x00, 0x00, 0x00, 0x00,
  0x00, 0x00, 0x00, 0x00, 0x00, 0x00, 0x00, 0x00, 0x00, 0x00, 0x00, 0x00,
  0x00, 0xb2, 0x00, 0x00, 0x00, 0x24, 0x00, 0x25, 0x00, 0x26, 0x00, 0x27,
  0x00, 0x28, 0x00, 0x29, 0x00, 0x2a, 0x00, 0x2b, 0x00, 0x2c, 0x00, 0x2d,
  0x00, 0x2e, 0x00, 0x2f, 0x00, 0x30, 0x00, 0x31, 0x00, 0x32, 0x00, 0x33,
  0x00, 0x34, 0x00, 0x35, 0x00, 0x36, 0x00, 0x37, 0x00, 0x38, 0x00, 0x39,
  0x00, 0x3a, 0x00, 0x3b, 0x00, 0x3c, 0x00, 0x3d, 0x00, 0x44, 0x00, 0x45,
  0x00, 0x46, 0x00, 0x47, 0x00, 0x48, 0x00, 0x49, 0x00, 0x4a, 0x00, 0x4b,
  0x00, 0x4c, 0x00, 0xd7, 0x01, 0x02, 0x00, 0x4d, 0x00, 0x4e, 0x00, 0x4f,
  0x00, 0x50, 0x00, 0x51, 0x00, 0x52, 0x00, 0x53, 0x00, 0x54, 0x00, 0x55,
  0x00, 0x56, 0x00, 0x57, 0x00, 0x58, 0x00, 0x59, 0x00, 0x5a, 0x00, 0x5b,
  0x00, 0x5c, 0x00, 0x5d, 0x00, 0x07, 0x00, 0x13, 0x00, 0x14, 0x00, 0x15,
  0x00, 0x16, 0x00, 0x17, 0x00, 0x18, 0x00, 0x19, 0x00, 0x1a, 0x00, 0x1b,
  0x00, 0x1c, 0x00, 0x09, 0x00, 0x04, 0x00, 0x22, 0x00, 0x0b, 0x00, 0x0c,
  0x00, 0x3e, 0x00, 0x40, 0x00, 0x5e, 0x00, 0x60, 0x00, 0x23, 0x01, 0x03,
  0x01, 0x04, 0x01, 0x05, 0x01, 0x06, 0x01, 0x07, 0x01, 0x08, 0x01, 0x09,
  0x00, 0x06, 0x00, 0x12, 0x00, 0x5f, 0x00, 0x3f, 0x00, 0x10, 0x01, 0x0a,
  0x00, 0xb7, 0x00, 0x0a, 0x00, 0x05, 0x00, 0x0f, 0x00, 0x11, 0x00, 0x1d,
  0x01, 0x0b, 0x00, 0x1e, 0x00, 0x1f, 0x00, 0x21, 0x00, 0x20, 0x00, 0x0e,
  0x00, 0x61, 0x01, 0x0c, 0x01, 0x0d, 0x01, 0x0e, 0x01, 0x0f, 0x01, 0x10,
  0x00, 0x42, 0x00, 0x41, 0x00, 0x0d, 0x01, 0x11, 0x01, 0x12, 0x01, 0x13,
  0x00, 0xbc, 0x01, 0x14, 0x01, 0x15, 0x01, 0x16, 0x01, 0x17, 0x01, 0x18,
  0x01, 0x19, 0x01, 0x1a, 0x01, 0x1b, 0x01, 0x1c, 0x01, 0x1d, 0x01, 0x1e,
  0x01, 0x1f, 0x01, 0x20, 0x01, 0x21, 0x01, 0x22, 0x01, 0x23, 0x01, 0x24,
  0x01, 0x25, 0x01, 0x26, 0x01, 0x27, 0x01, 0x28, 0x01, 0x29, 0x01, 0x2a,
  0x01, 0x2b, 0x01, 0x2c, 0x01, 0x2d, 0x01, 0x2e, 0x01, 0x2f, 0x01, 0x30,
  0x01, 0x31, 0x01, 0x32, 0x01, 0x33, 0x00, 0x08, 0x00, 0x43, 0x01, 0x34,
  0x00, 0x03, 0x01, 0x35, 0x01, 0x36, 0x01, 0x37, 0x01, 0x38, 0x01, 0x39,
  0x01, 0x3a, 0x01, 0x3b, 0x01, 0x3c, 0x01, 0x3d, 0x01, 0x3e, 0x01, 0x3f,
  0x01, 0x40, 0x01, 0x41, 0x01, 0x42, 0x01, 0x43, 0x01, 0x44, 0x01, 0x45,
  0x01, 0x46, 0x01, 0x47, 0x01, 0x48, 0x01, 0x49, 0x01, 0x4a, 0x01, 0x4b,
  0x01, 0x4c, 0x01, 0x4d, 0x01, 0x4e, 0x01, 0x4f, 0x01, 0x50, 0x07, 0x75,
  0x6e, 0x69, 0x30, 0x32, 0x33, 0x37, 0x0e, 0x70, 0x61, 0x72, 0x65, 0x6e,
  0x6c, 0x65, 0x66, 0x74, 0x2e, 0x63, 0x61, 0x73, 0x65, 0x0f, 0x70, 0x61,
  0x72, 0x65, 0x6e, 0x72, 0x69, 0x67, 0x68, 0x74, 0x2e, 0x63, 0x61, 0x73,
  0x65, 0x10, 0x62, 0x72, 0x61, 0x63, 0x6b, 0x65, 0x74, 0x6c, 0x65, 0x66,
  0x74, 0x2e, 0x63, 0x61, 0x73, 0x65, 0x11, 0x62, 0x72, 0x61, 0x63, 0x6b,
  0x65, 0x74, 0x72, 0x69, 0x67, 0x68, 0x74, 0x2e, 0x63, 0x61, 0x73, 0x65,
  0x0e, 0x62, 0x72, 0x61, 0x63, 0x65, 0x6c, 0x65, 0x66, 0x74, 0x2e, 0x63,
  0x61, 0x73, 0x65, 0x0f, 0x62, 0x72, 0x61, 0x63, 0x65, 0x72, 0x69, 0x67,
  0x68, 0x74, 0x2e, 0x63, 0x61, 0x73, 0x65, 0x07, 0x61, 0x74, 0x2e, 0x63,
  0x61, 0x73, 0x65, 0x0b, 0x68, 0x79, 0x70, 0x68, 0x65, 0x6e, 0x2e, 0x63,
  0x61, 0x73, 0x65, 0x0a, 0x63, 0x6f, 0x6c, 0x6f, 0x6e, 0x2e, 0x63, 0x61,
  0x73, 0x65, 0x09, 0x6c, 0x65, 0x73, 0x73, 0x2e, 0x63, 0x61, 0x73, 0x65,
  0x0c, 0x67, 0x72, 0x65, 0x61, 0x74, 0x65, 0x72, 0x2e, 0x63, 0x61, 0x73,
  0x65, 0x0a, 0x65, 0x71, 0x75, 0x61, 0x6c, 0x2e, 0x63, 0x61, 0x73, 0x65,
  0x09, 0x70, 0x6c, 0x75, 0x73, 0x2e, 0x63, 0x61, 0x73, 0x65, 0x0f, 0x61,
  0x73, 0x63, 0x69, 0x69, 0x74, 0x69, 0x6c, 0x64, 0x65, 0x2e, 0x63, 0x61,
  0x73, 0x65, 0x0d, 0x61, 0x73, 0x74, 0x65, 0x72, 0x69, 0x73, 0x6b, 0x2e,
  0x63, 0x61, 0x73, 0x65, 0x06, 0x69, 0x2e, 0x6e, 0x75, 0x6d, 0x72, 0x06,
  0x6e, 0x2e, 0x6e, 0x75, 0x6d, 0x72, 0x09, 0x7a, 0x65, 0x72, 0x6f, 0x2e,
  0x64, 0x6e, 0x6f, 0x6d, 0x08, 0x6f, 0x6e, 0x65, 0x2e, 0x64, 0x6e, 0x6f,
  0x6d, 0x08, 0x74, 0x77, 0x6f, 0x2e, 0x64, 0x6e, 0x6f, 0x6d, 0x0a, 0x74,
  0x68, 0x72, 0x65, 0x65, 0x2e, 0x64, 0x6e, 0x6f, 0x6d, 0x09, 0x66, 0x6f,
  0x75, 0x72, 0x2e, 0x64, 0x6e, 0x6f, 0x6d, 0x09, 0x66, 0x69, 0x76, 0x65,
  0x2e, 0x64, 0x6e, 0x6f, 0x6d, 0x08, 0x73, 0x69, 0x78, 0x2e, 0x64, 0x6e,
  0x6f, 0x6d, 0x0a, 0x73, 0x65, 0x76, 0x65, 0x6e, 0x2e, 0x64, 0x6e, 0x6f,
  0x6d, 0x0a, 0x65, 0x69, 0x67, 0x68, 0x74, 0x2e, 0x64, 0x6e, 0x6f, 0x6d,
  0x09, 0x6e, 0x69, 0x6e, 0x65, 0x2e, 0x64, 0x6e, 0x6f, 0x6d, 0x09, 0x70,
  0x6c, 0x75, 0x73, 0x2e, 0x64, 0x6e, 0x6f, 0x6d, 0x0a, 0x65, 0x71, 0x75,
  0x61, 0x6c, 0x2e, 0x64, 0x6e, 0x6f, 0x6d, 0x0e, 0x70, 0x61, 0x72, 0x65,
  0x6e, 0x6c, 0x65, 0x66, 0x74, 0x2e, 0x64, 0x6e, 0x6f, 0x6d, 0x0f, 0x70,
  0x61, 0x72, 0x65, 0x6e, 0x72, 0x69, 0x67, 0x68, 0x74, 0x2e, 0x64, 0x6e,
  0x6f, 0x6d, 0x0b, 0x70, 0x65, 0x72, 0x69, 0x6f, 0x64, 0x2e, 0x64, 0x6e,
  0x6f, 0x6d, 0x0a, 0x63, 0x6f, 0x6d, 0x6d, 0x61, 0x2e, 0x64, 0x6e, 0x6f,
  0x6d, 0x09, 0x7a, 0x65, 0x72, 0x6f, 0x2e, 0x6e, 0x75, 0x6d, 0x72, 0x08,
  0x6f, 0x6e, 0x65, 0x2e, 0x6e, 0x75, 0x6d, 0x72, 0x08, 0x74, 0x77, 0x6f,
  0x2e, 0x6e, 0x75, 0x6d, 0x72, 0x0a, 0x74, 0x68, 0x72, 0x65, 0x65, 0x2e,
  0x6e, 0x75, 0x6d, 0x72, 0x09, 0x66, 0x6f, 0x75, 0x72, 0x2e, 0x6e, 0x75,
  0x6d, 0x72, 0x09, 0x66, 0x69, 0x76, 0x65, 0x2e, 0x6e, 0x75, 0x6d, 0x72,
  0x08, 0x73, 0x69, 0x78, 0x2e, 0x6e, 0x75, 0x6d, 0x72, 0x0a, 0x73, 0x65,
  0x76, 0x65, 0x6e, 0x2e, 0x6e, 0x75, 0x6d, 0x72, 0x0a, 0x65, 0x69, 0x67,
  0x68, 0x74, 0x2e, 0x6e, 0x75, 0x6d, 0x72, 0x09, 0x6e, 0x69, 0x6e, 0x65,
  0x2e, 0x6e, 0x75, 0x6d, 0x72, 0x09, 0x70, 0x6c, 0x75, 0x73, 0x2e, 0x6e,
  0x75, 0x6d, 0x72, 0x0a, 0x65, 0x71, 0x75, 0x61, 0x6c, 0x2e, 0x6e, 0x75,
  0x6d, 0x72, 0x0e, 0x70, 0x61, 0x72, 0x65, 0x6e, 0x6c, 0x65, 0x66, 0x74,
  0x2e, 0x6e, 0x75, 0x6d, 0x72, 0x0f, 0x70, 0x61, 0x72, 0x65, 0x6e, 0x72,
  0x69, 0x67, 0x68, 0x74, 0x2e, 0x6e, 0x75, 0x6d, 0x72, 0x0b, 0x70, 0x65,
  0x72, 0x69, 0x6f, 0x64, 0x2e, 0x6e, 0x75, 0x6d, 0x72, 0x0a, 0x63, 0x6f,
  0x6d, 0x6d, 0x61, 0x2e, 0x6e, 0x75, 0x6d, 0x72, 0x09, 0x67, 0x72, 0x61,
  0x76, 0x65, 0x63, 0x6f, 0x6d, 0x62, 0x07, 0x75, 0x6e, 0x69, 0x32, 0x30,
  0x30, 0x39, 0x09, 0x61, 0x72, 0x72, 0x6f, 0x77, 0x6c, 0x65, 0x66, 0x74,
  0x07, 0x75, 0x6e, 0x69, 0x32, 0x37, 0x46, 0x35, 0x0e, 0x6c, 0x65, 0x66,
  0x74, 0x4c, 0x6f, 0x6e, 0x67, 0x41, 0x72, 0x72, 0x6f, 0x77, 0x32, 0x07,
  0x75, 0x6e, 0x69, 0x32, 0x37, 0x46, 0x38, 0x0a, 0x61, 0x72, 0x72, 0x6f,
  0x77, 0x72, 0x69, 0x67, 0x68, 0x74, 0x07, 0x75, 0x6e, 0x69, 0x32, 0x37,
  0x46, 0x36, 0x0f, 0x72, 0x69, 0x67, 0x68, 0x74, 0x4c, 0x6f, 0x6e, 0x67,
  0x41, 0x72, 0x72, 0x6f, 0x77, 0x32, 0x0d, 0x61, 0x72, 0x72, 0x6f, 0x77,
  0x64, 0x62, 0x6c, 0x72, 0x69, 0x67, 0x68, 0x74, 0x07, 0x75, 0x6e, 0x69,
  0x32, 0x37, 0x46, 0x39, 0x09, 0x61, 0x72, 0x72, 0x6f, 0x77, 0x62, 0x6f,
  0x74, 0x68, 0x07, 0x75, 0x6e, 0x69, 0x32, 0x37, 0x46, 0x37, 0x0c, 0x61,
  0x72, 0x72, 0x6f, 0x77, 0x64, 0x62, 0x6c, 0x62, 0x6f, 0x74, 0x68, 0x07,
  0x75, 0x6e, 0x69, 0x32, 0x37, 0x46, 0x41, 0x0e, 0x61, 0x72, 0x72, 0x6f,
  0x77, 0x6c, 0x65, 0x66, 0x74, 0x2e, 0x63, 0x61, 0x73, 0x65, 0x0c, 0x75,
  0x6e, 0x69, 0x32, 0x37, 0x46, 0x35, 0x2e, 0x63, 0x61, 0x73, 0x65, 0x13,
  0x6c, 0x65, 0x66, 0x74, 0x4c, 0x6f, 0x6e, 0x67, 0x41, 0x72, 0x72, 0x6f,
  0x77, 0x32, 0x2e, 0x63, 0x61, 0x73, 0x65, 0x0c, 0x75, 0x6e, 0x69, 0x32,
  0x37, 0x46, 0x38, 0x2e, 0x63, 0x61, 0x73, 0x65, 0x0f, 0x61, 0x72, 0x72,
  0x6f, 0x77, 0x72, 0x69, 0x67, 0x68, 0x74, 0x2e, 0x63, 0x61, 0x73, 0x65,
  0x0c, 0x75, 0x6e, 0x69, 0x32, 0x37, 0x46, 0x36, 0x2e, 0x63, 0x61, 0x73,
  0x65, 0x14, 0x72, 0x69, 0x67, 0x68, 0x74, 0x4c, 0x6f, 0x6e, 0x67, 0x41,
  0x72, 0x72, 0x6f, 0x77, 0x32, 0x2e, 0x63, 0x61, 0x73, 0x65, 0x12, 0x61,
  0x72, 0x72, 0x6f, 0x77, 0x64, 0x62, 0x6c, 0x72, 0x69, 0x67, 0x68, 0x74,
  0x2e, 0x63, 0x61, 0x73, 0x65, 0x0c, 0x75, 0x6e, 0x69, 0x32, 0x37, 0x46,
  0x39, 0x2e, 0x63, 0x61, 0x73, 0x65, 0x0e, 0x61, 0x72, 0x72, 0x6f, 0x77,
  0x62, 0x6f, 0x74, 0x68, 0x2e, 0x63, 0x61, 0x73, 0x65, 0x0c, 0x75, 0x6e,
  0x69, 0x32, 0x37, 0x46, 0x37, 0x2e, 0x63, 0x61, 0x73, 0x65, 0x11, 0x61,
  0x72, 0x72, 0x6f, 0x77, 0x64, 0x62, 0x6c, 0x62, 0x6f, 0x74, 0x68, 0x2e,
  0x63, 0x61, 0x73, 0x65, 0x0c, 0x75, 0x6e, 0x69, 0x32, 0x37, 0x46, 0x41,
  0x2e, 0x63, 0x61, 0x73, 0x65, 0x07, 0x75, 0x6e, 0x69, 0x30, 0x33, 0x30,
  0x37, 0x00, 0x00, 0x00, 0xb0, 0x00, 0x2c, 0x20, 0xb0, 0x00, 0x55, 0x58,
  0x45, 0x59, 0x20, 0x20, 0x4b, 0xb8, 0x00, 0x0e, 0x51, 0x4b, 0xb0, 0x06,
  0x53, 0x5a, 0x58, 0xb0, 0x34, 0x1b, 0xb0, 0x28, 0x59, 0x60, 0x66, 0x20,
  0x8a, 0x55, 0x58, 0xb0, 0x02, 0x25, 0x61, 0xb9, 0x08, 0x00, 0x08, 0x00,
  0x63, 0x63, 0x23, 0x62, 0x1b, 0x21, 0x21, 0xb0, 0x00, 0x59, 0xb0, 0x00,
  0x43, 0x23, 0x44, 0xb2, 0x00, 0x01, 0x00, 0x43, 0x60, 0x42, 0x2d, 0xb0,
  0x01, 0x2c, 0xb0, 0x20, 0x60, 0x66, 0x2d, 0xb0, 0x02, 0x2c, 0x23, 0x21,
  0x23, 0x21, 0x2d, 0xb0, 0x03, 0x2c, 0x20, 0x64, 0xb3, 0x03, 0x14, 0x15,
  0x00, 0x42, 0x43, 0xb0, 0x13, 0x43, 0x20, 0x60, 0x60, 0x42, 0xb1, 0x02,
  0x14, 0x43, 0x42, 0xb1, 0x25, 0x03, 0x43, 0xb0, 0x02, 0x43, 0x54, 0x78,
  0x20, 0xb0, 0x0c, 0x23, 0xb0, 0x02, 0x43, 0x43, 0x61, 0x64, 0xb0, 0x04,
  0x50, 0x78, 0xb2, 0x02, 0x02, 0x02, 0x43, 0x60, 0x42, 0xb0, 0x21, 0x65,
  0x1c, 0x21, 0xb0, 0x02, 0x43, 0x43, 0xb2, 0x0e, 0x15, 0x01, 0x42, 0x1c,
  0x20, 0xb0, 0x02, 0x43, 0x23, 0x42, 0xb2, 0x13, 0x01, 0x13, 0x43, 0x60,
  0x42, 0x23, 0xb0, 0x00, 0x50, 0x58, 0x65, 0x59, 0xb2, 0x16, 0x01, 0x02,
  0x43, 0x60, 0x42, 0x2d, 0xb0, 0x04, 0x2c, 0xb0, 0x03, 0x2b, 0xb0, 0x15,
  0x43, 0x58, 0x23, 0x21, 0x23, 0x21, 0xb0, 0x16, 0x43, 0x43, 0x23, 0xb0,
  0x00, 0x50, 0x58, 0x65, 0x59, 0x1b, 0x20, 0x64, 0x20, 0xb0, 0xc0, 0x50,
  0xb0, 0x04, 0x26, 0x5a, 0xb2, 0x28, 0x01, 0x0d, 0x43, 0x45, 0x63, 0x45,
  0xb0, 0x06, 0x45, 0x58, 0x21, 0xb0, 0x03, 0x25, 0x59, 0x52, 0x5b, 0x58,
  0x21, 0x23, 0x21, 0x1b, 0x8a, 0x58, 0x20, 0xb0, 0x50, 0x50, 0x58, 0x21,
  0xb0, 0x40, 0x59, 0x1b, 0x20, 0xb0, 0x38, 0x50, 0x58, 0x21, 0xb0, 0x38,
  0x59, 0x59, 0x20, 0xb1, 0x01, 0x0d, 0x43, 0x45, 0x63, 0x45, 0x61, 0x64,
  0xb0, 0x28, 0x50, 0x58, 0x21, 0xb1, 0x01, 0x0d, 0x43, 0x45, 0x63, 0x45,
  0x20, 0xb0, 0x30, 0x50, 0x58, 0x21, 0xb0, 0x30, 0x59, 0x1b, 0x20, 0xb0,
  0xc0, 0x50, 0x58, 0x20, 0x66, 0x20, 0x8a, 0x8a, 0x61, 0x20, 0xb0, 0x0a,
  0x50, 0x58, 0x60, 0x1b, 0x20, 0xb0, 0x20, 0x50, 0x58, 0x21, 0xb0, 0x0a,
  0x60, 0x1b, 0x20, 0xb0, 0x36, 0x50, 0x58, 0x21, 0xb0, 0x36, 0x60, 0x1b,
  0x60, 0x59, 0x59, 0x59, 0x1b, 0xb0, 0x02, 0x25, 0xb0, 0x0c, 0x43, 0x63,
  0xb0, 0x00, 0x52, 0x58, 0xb0, 0x00, 0x4b, 0xb0, 0x0a, 0x50, 0x58, 0x21,
  0xb0, 0x0c, 0x43, 0x1b, 0x4b, 0xb0, 0x1e, 0x50, 0x58, 0x21, 0xb0, 0x1e,
  0x4b, 0x61, 0xb8, 0x10, 0x00, 0x63, 0xb0, 0x0c, 0x43, 0x63, 0xb8, 0x05,
  0x00, 0x62, 0x59, 0x59, 0x64, 0x61, 0x59, 0xb0, 0x01, 0x2b, 0x59, 0x59,
  0x23, 0xb0, 0x00, 0x50, 0x58, 0x65, 0x59, 0x59, 0x20, 0x64, 0xb0, 0x16,
  0x43, 0x23, 0x42, 0x59, 0x2d, 0xb0, 0x05, 0x2c, 0x20, 0x45, 0x20, 0xb0,
  0x04, 0x25, 0x61, 0x64, 0x20, 0xb0, 0x07, 0x43, 0x50, 0x58, 0xb0, 0x07,
  0x23, 0x42, 0xb0, 0x08, 0x23, 0x42, 0x1b, 0x21, 0x21, 0x59, 0xb0, 0x01,
  0x60, 0x2d, 0xb0, 0x06, 0x2c, 0x23, 0x21, 0x23, 0x21, 0xb0, 0x03, 0x2b,
  0x20, 0x64, 0xb1, 0x07, 0x62, 0x42, 0x20, 0xb0, 0x08, 0x23, 0x42, 0xb0,
  0x06, 0x45, 0x58, 0x1b, 0xb1, 0x01, 0x0d, 0x43, 0x45, 0x63, 0xb1, 0x01,
  0x0d, 0x43, 0xb0, 0x07, 0x60, 0x45, 0x63, 0xb0, 0x05, 0x2a, 0x21, 0x20,
  0xb0, 0x08, 0x43, 0x20, 0x8a, 0x20, 0x8a, 0xb0, 0x01, 0x2b, 0xb1, 0x30,
  0x05, 0x25, 0xb0, 0x04, 0x26, 0x51, 0x58, 0x60, 0x50, 0x1b, 0x61, 0x52,
  0x59, 0x58, 0x23, 0x59, 0x21, 0x59, 0x20, 0xb0, 0x40, 0x53, 0x58, 0xb0,
  0x01, 0x2b, 0x1b, 0x21, 0xb0, 0x40, 0x59, 0x23, 0xb0, 0x00, 0x50, 0x58,
  0x65, 0x59, 0x2d, 0xb0, 0x07, 0x2c, 0xb0, 0x09, 0x43, 0x2b, 0xb2, 0x00,
  0x02, 0x00, 0x43, 0x60, 0x42, 0x2d, 0xb0, 0x08, 0x2c, 0xb0, 0x09, 0x23,
  0x42, 0x23, 0x20, 0xb0, 0x00, 0x23, 0x42, 0x61, 0xb0, 0x02, 0x62, 0x66,
  0xb0, 0x01, 0x63, 0xb0, 0x01, 0x60, 0xb0, 0x07, 0x2a, 0x2d, 0xb0, 0x09,
  0x2c, 0x20, 0x20, 0x45, 0x20, 0xb0, 0x0e, 0x43, 0x63, 0xb8, 0x04, 0x00,
  0x62, 0x20, 0xb0, 0x00, 0x50, 0x58, 0xb0, 0x40, 0x60, 0x59, 0x66, 0xb0,
  0x01, 0x63, 0x60, 0x44, 0xb0, 0x01, 0x60, 0x2d, 0xb0, 0x0a, 0x2c, 0xb2,
  0x09, 0x0e, 0x00, 0x43, 0x45, 0x42, 0x2a, 0x21, 0xb2, 0x00, 0x01, 0x00,
  0x43, 0x60, 0x42, 0x2d, 0xb0, 0x0b, 0x2c, 0xb0, 0x00, 0x43, 0x23, 0x44,
  0xb2, 0x00, 0x01, 0x00, 0x43, 0x60, 0x42, 0x2d, 0xb0, 0x0c, 0x2c, 0x20,
  0x20, 0x45, 0x20, 0xb0, 0x01, 0x2b, 0x23, 0xb0, 0x00, 0x43, 0xb0, 0x04,
  0x25, 0x60, 0x20, 0x45, 0x8a, 0x23, 0x61, 0x20, 0x64, 0x20, 0xb0, 0x20,
  0x50, 0x58, 0x21, 0xb0, 0x00, 0x1b, 0xb0, 0x30, 0x50, 0x58, 0xb0, 0x20,
  0x1b, 0xb0, 0x40, 0x59, 0x59, 0x23, 0xb0, 0x00, 0x50, 0x58, 0x65, 0x59,
  0xb0, 0x03, 0x25, 0x23, 0x61, 0x44, 0x44, 0xb0, 0x01, 0x60, 0x2d, 0xb0,
  0x0d, 0x2c, 0x20, 0x20, 0x45, 0x20, 0xb0, 0x01, 0x2b, 0x23, 0xb0, 0x00,
  0x43, 0xb0, 0x04, 0x25, 0x60, 0x20, 0x45, 0x8a, 0x23, 0x61, 0x20, 0x64,
  0xb0, 0x24, 0x50, 0x58, 0xb0, 0x00, 0x1b, 0xb0, 0x40, 0x59, 0x23, 0xb0,
  0x00, 0x50, 0x58, 0x65, 0x59, 0xb0, 0x03, 0x25, 0x23, 0x61, 0x44, 0x44,
  0xb0, 0x01, 0x60, 0x2d, 0xb0, 0x0e, 0x2c, 0x20, 0xb0, 0x00, 0x23, 0x42,
  0xb3, 0x0d, 0x0c, 0x00, 0x03, 0x45, 0x50, 0x58, 0x21, 0x1b, 0x23, 0x21,
  0x59, 0x2a, 0x21, 0x2d, 0xb0, 0x0f, 0x2c, 0xb1, 0x02, 0x02, 0x45, 0xb0,
  0x64, 0x61, 0x44, 0x2d, 0xb0, 0x10, 0x2c, 0xb0, 0x01, 0x60, 0x20, 0x20,
  0xb0, 0x0f, 0x43, 0x4a, 0xb0, 0x00, 0x50, 0x58, 0x20, 0xb0, 0x0f, 0x23,
  0x42, 0x59, 0xb0, 0x10, 0x43, 0x4a, 0xb0, 0x00, 0x52, 0x58, 0x20, 0xb0,
  0x10, 0x23, 0x42, 0x59, 0x2d, 0xb0, 0x11, 0x2c, 0x20, 0xb0, 0x10, 0x62,
  0x66, 0xb0, 0x01, 0x63, 0x20, 0xb8, 0x04, 0x00, 0x63, 0x8a, 0x23, 0x61,
  0xb0, 0x11, 0x43, 0x60, 0x20, 0x8a, 0x60, 0x20, 0xb0, 0x11, 0x23, 0x42,
  0x23, 0x2d, 0xb0, 0x12, 0x2c, 0x4b, 0x54, 0x58, 0xb1, 0x04, 0x64, 0x44,
  0x59, 0x24, 0xb0, 0x0d, 0x65, 0x23, 0x78, 0x2d, 0xb0, 0x13, 0x2c, 0x4b,
  0x51, 0x58, 0x4b, 0x53, 0x58, 0xb1, 0x04, 0x64, 0x44, 0x59, 0x1b, 0x21,
  0x59, 0x24, 0xb0, 0x13, 0x65, 0x23, 0x78, 0x2d, 0xb0, 0x14, 0x2c, 0xb1,
  0x00, 0x12, 0x43, 0x55, 0x58, 0xb1, 0x12, 0x12, 0x43, 0xb0, 0x01, 0x61,
  0x42, 0xb0, 0x11, 0x2b, 0x59, 0xb0, 0x00, 0x43, 0xb0, 0x02, 0x25, 0x42,
  0xb1, 0x0f, 0x02, 0x25, 0x42, 0xb1, 0x10, 0x02, 0x25, 0x42, 0xb0, 0x01,
  0x16, 0x23, 0x20, 0xb0, 0x03, 0x25, 0x50, 0x58, 0xb1, 0x01, 0x00, 0x43,
  0x60, 0xb0, 0x04, 0x25, 0x42, 0x8a, 0x8a, 0x20, 0x8a, 0x23, 0x61, 0xb0,
  0x10, 0x2a, 0x21, 0x23, 0xb0, 0x01, 0x61, 0x20, 0x8a, 0x23, 0x61, 0xb0,
  0x10, 0x2a, 0x21, 0x1b, 0xb1, 0x01, 0x00, 0x43, 0x60, 0xb0, 0x02, 0x25,
  0x42, 0xb0, 0x02, 0x25, 0x61, 0xb0, 0x10, 0x2a, 0x21, 0x59, 0xb0, 0x0f,
  0x43, 0x47, 0xb0, 0x10, 0x43, 0x47, 0x60, 0xb0, 0x02, 0x62, 0x20, 0xb0,
  0x00, 0x50, 0x58, 0xb0, 0x40, 0x60, 0x59, 0x66, 0xb0, 0x01, 0x63, 0x20,
  0xb0, 0x0e, 0x43, 0x63, 0xb8, 0x04, 0x00, 0x62, 0x20, 0xb0, 0x00, 0x50,
  0x58, 0xb0, 0x40, 0x60, 0x59, 0x66, 0xb0, 0x01, 0x63, 0x60, 0xb1, 0x00,
  0x00, 0x13, 0x23, 0x44, 0xb0, 0x01, 0x43, 0xb0, 0x00, 0x3e, 0xb2, 0x01,
  0x01, 0x01, 0x43, 0x60, 0x42, 0x2d, 0xb0, 0x15, 0x2c, 0x00, 0xb1, 0x00,
  0x02, 0x45, 0x54, 0x58, 0xb0, 0x12, 0x23, 0x42, 0x20, 0x45, 0xb0, 0x0e,
  0x23, 0x42, 0xb0, 0x0d, 0x23, 0xb0, 0x07, 0x60, 0x42, 0x20, 0x60, 0xb7,
  0x18, 0x18, 0x01, 0x00, 0x11, 0x00, 0x13, 0x00, 0x42, 0x42, 0x42, 0x8a,
  0x60, 0x20, 0xb0, 0x14, 0x23, 0x42, 0xb0, 0x01, 0x61, 0xb1, 0x14, 0x08,
  0x2b, 0xb0, 0x8b, 0x2b, 0x1b, 0x22, 0x59, 0x2d, 0xb0, 0x16, 0x2c, 0xb1,
  0x00, 0x15, 0x2b, 0x2d, 0xb0, 0x17, 0x2c, 0xb1, 0x01, 0x15, 0x2b, 0x2d,
  0xb0, 0x18, 0x2c, 0xb1, 0x02, 0x15, 0x2b, 0x2d, 0xb0, 0x19, 0x2c, 0xb1,
  0x03, 0x15, 0x2b, 0x2d, 0xb0, 0x1a, 0x2c, 0xb1, 0x04, 0x15, 0x2b, 0x2d,
  0xb0, 0x1b, 0x2c, 0xb1, 0x05, 0x15, 0x2b, 0x2d, 0xb0, 0x1c, 0x2c, 0xb1,
  0x06, 0x15, 0x2b, 0x2d, 0xb0, 0x1d, 0x2c, 0xb1, 0x07, 0x15, 0x2b, 0x2d,
  0xb0, 0x1e, 0x2c, 0xb1, 0x08, 0x15, 0x2b, 0x2d, 0xb0, 0x1f, 0x2c, 0xb1,
  0x09, 0x15, 0x2b, 0x2d, 0xb0, 0x2b, 0x2c, 0x23, 0x20, 0xb0, 0x10, 0x62,
  0x66, 0xb0, 0x01, 0x63, 0xb0, 0x06, 0x60, 0x4b, 0x54, 0x58, 0x23, 0x20,
  0x2e, 0xb0, 0x01, 0x5d, 0x1b, 0x21, 0x21, 0x59, 0x2d, 0xb0, 0x2c, 0x2c,
  0x23, 0x20, 0xb0, 0x10, 0x62, 0x66, 0xb0, 0x01, 0x63, 0xb0, 0x16, 0x60,
  0x4b, 0x54, 0x58, 0x23, 0x20, 0x2e, 0xb0, 0x01, 0x71, 0x1b, 0x21, 0x21,
  0x59, 0x2d, 0xb0, 0x2d, 0x2c, 0x23, 0x20, 0xb0, 0x10, 0x62, 0x66, 0xb0,
  0x01, 0x63, 0xb0, 0x26, 0x60, 0x4b, 0x54, 0x58, 0x23, 0x20, 0x2e, 0xb0,
  0x01, 0x72, 0x1b, 0x21, 0x21, 0x59, 0x2d, 0xb0, 0x20, 0x2c, 0x00, 0xb0,
  0x0f, 0x2b, 0xb1, 0x00, 0x02, 0x45, 0x54, 0x58, 0xb0, 0x12, 0x23, 0x42,
  0x20, 0x45, 0xb0, 0x0e, 0x23, 0x42, 0xb0, 0x0d, 0x23, 0xb0, 0x07, 0x60,
  0x42, 0x20, 0x60, 0xb0, 0x01, 0x61, 0xb5, 0x18, 0x18, 0x01, 0x00, 0x11,
  0x00, 0x42, 0x42, 0x8a, 0x60, 0xb1, 0x14, 0x08, 0x2b, 0xb0, 0x8b, 0x2b,
  0x1b, 0x22, 0x59, 0x2d, 0xb0, 0x21, 0x2c, 0xb1, 0x00, 0x20, 0x2b, 0x2d,
  0xb0, 0x22, 0x2c, 0xb1, 0x01, 0x20, 0x2b, 0x2d, 0xb0, 0x23, 0x2c, 0xb1,
  0x02, 0x20, 0x2b, 0x2d, 0xb0, 0x24, 0x2c, 0xb1, 0x03, 0x20, 0x2b, 0x2d,
  0xb0, 0x25, 0x2c, 0xb1, 0x04, 0x20, 0x2b, 0x2d, 0xb0, 0x26, 0x2c, 0xb1,
  0x05, 0x20, 0x2b, 0x2d, 0xb0, 0x27, 0x2c, 0xb1, 0x06, 0x20, 0x2b, 0x2d,
  0xb0, 0x28, 0x2c, 0xb1, 0x07, 0x20, 0x2b, 0x2d, 0xb0, 0x29, 0x2c, 0xb1,
  0x08, 0x20, 0x2b, 0x2d, 0xb0, 0x2a, 0x2c, 0xb1, 0x09, 0x20, 0x2b, 0x2d,
  0xb0, 0x2e, 0x2c, 0x20, 0x3c, 0xb0, 0x01, 0x60, 0x2d, 0xb0, 0x2f, 0x2c,
  0x20, 0x60, 0xb0, 0x18, 0x60, 0x20, 0x43, 0x23, 0xb0, 0x01, 0x60, 0x43,
  0xb0, 0x02, 0x25, 0x61, 0xb0, 0x01, 0x60, 0xb0, 0x2e, 0x2a, 0x21, 0x2d,
  0xb0, 0x30, 0x2c, 0xb0, 0x2f, 0x2b, 0xb0, 0x2f, 0x2a, 0x2d, 0xb0, 0x31,
  0x2c, 0x20, 0x20, 0x47, 0x20, 0x20, 0xb0, 0x0e, 0x43, 0x63, 0xb8, 0x04,
  0x00, 0x62, 0x20, 0xb0, 0x00, 0x50, 0x58, 0xb0, 0x40, 0x60, 0x59, 0x66,
  0xb0, 0x01, 0x63, 0x60, 0x23, 0x61, 0x38, 0x23, 0x20, 0x8a, 0x55, 0x58,
  0x20, 0x47, 0x20, 0x20, 0xb0, 0x0e, 0x43, 0x63, 0xb8, 0x04, 0x00, 0x62,
  0x20, 0xb0, 0x00, 0x50, 0x58, 0xb0, 0x40, 0x60, 0x59, 0x66, 0xb0, 0x01,
  0x63, 0x60, 0x23, 0x61, 0x38, 0x1b, 0x21, 0x59, 0x2d, 0xb0, 0x32, 0x2c,
  0x00, 0xb1, 0x00, 0x02, 0x45, 0x54, 0x58, 0xb1, 0x0e, 0x06, 0x45, 0x42,
  0xb0, 0x01, 0x16, 0xb0, 0x31, 0x2a, 0xb1, 0x05, 0x01, 0x15, 0x45, 0x58,
  0x30, 0x59, 0x1b, 0x22, 0x59, 0x2d, 0xb0, 0x33, 0x2c, 0x00, 0xb0, 0x0f,
  0x2b, 0xb1, 0x00, 0x02, 0x45, 0x54, 0x58, 0xb1, 0x0e, 0x06, 0x45, 0x42,
  0xb0, 0x01, 0x16, 0xb0, 0x31, 0x2a, 0xb1, 0x05, 0x01, 0x15, 0x45, 0x58,
  0x30, 0x59, 0x1b, 0x22, 0x59, 0x2d, 0xb0, 0x34, 0x2c, 0x20, 0x35, 0xb0,
  0x01, 0x60, 0x2d, 0xb0, 0x35, 0x2c, 0x00, 0xb1, 0x0e, 0x06, 0x45, 0x42,
  0xb0, 0x01, 0x45, 0x63, 0xb8, 0x04, 0x00, 0x62, 0x20, 0xb0, 0x00, 0x50,
  0x58, 0xb0, 0x40, 0x60, 0x59, 0x66, 0xb0, 0x01, 0x63, 0xb0, 0x01, 0x2b,
  0xb0, 0x0e, 0x43, 0x63, 0xb8, 0x04, 0x00, 0x62, 0x20, 0xb0, 0x00, 0x50,
  0x58, 0xb0, 0x40, 0x60, 0x59, 0x66, 0xb0, 0x01, 0x63, 0xb0, 0x01, 0x2b,
  0xb0, 0x00, 0x16, 0xb4, 0x00, 0x00, 0x00, 0x00, 0x00, 0x44, 0x3e, 0x23,
  0x38, 0xb1, 0x34, 0x01, 0x15, 0x2a, 0x21, 0x2d, 0xb0, 0x36, 0x2c, 0x20,
  0x3c, 0x20, 0x47, 0x20, 0xb0, 0x0e, 0x43, 0x63, 0xb8, 0x04, 0x00, 0x62,
  0x20, 0xb0, 0x00, 0x50, 0x58, 0xb0, 0x40, 0x60, 0x59, 0x66, 0xb0, 0x01,
  0x63, 0x60, 0xb0, 0x00, 0x43, 0x61, 0x38, 0x2d, 0xb0, 0x37, 0x2c, 0x2e,
  0x17, 0x3c, 0x2d, 0xb0, 0x38, 0x2c, 0x20, 0x3c, 0x20, 0x47, 0x20, 0xb0,
  0x0e, 0x43, 0x63, 0xb8, 0x04, 0x00, 0x62, 0x20, 0xb0, 0x00, 0x50, 0x58,
  0xb0, 0x40, 0x60, 0x59, 0x66, 0xb0, 0x01, 0x63, 0x60, 0xb0, 0x00, 0x43,
  0x61, 0xb0, 0x01, 0x43, 0x63, 0x38, 0x2d, 0xb0, 0x39, 0x2c, 0xb1, 0x02,
  0x00, 0x16, 0x25, 0x20, 0x2e, 0x20, 0x47, 0xb0, 0x00, 0x23, 0x42, 0xb0,
  0x02, 0x25, 0x49, 0x8a, 0x8a, 0x47, 0x23, 0x47, 0x23, 0x61, 0x20, 0x58,
  0x62, 0x1b, 0x21, 0x59, 0xb0, 0x01, 0x23, 0x42, 0xb2, 0x38, 0x01, 0x01,
  0x15, 0x14, 0x2a, 0x2d, 0xb0, 0x3a, 0x2c, 0xb0, 0x00, 0x16, 0xb0, 0x17,
  0x23, 0x42, 0xb0, 0x04, 0x25, 0xb0, 0x04, 0x25, 0x47, 0x23, 0x47, 0x23,
  0x61, 0xb1, 0x0c, 0x00, 0x42, 0xb0, 0x0b, 0x43, 0x2b, 0x65, 0x8a, 0x2e,
  0x23, 0x20, 0x20, 0x3c, 0x8a, 0x38, 0x2d, 0xb0, 0x3b, 0x2c, 0xb0, 0x00,
  0x16, 0xb0, 0x17, 0x23, 0x42, 0xb0, 0x04, 0x25, 0xb0, 0x04, 0x25, 0x20,
  0x2e, 0x47, 0x23, 0x47, 0x23, 0x61, 0x20, 0xb0, 0x06, 0x23, 0x42, 0xb1,
  0x0c, 0x00, 0x42, 0xb0, 0x0b, 0x43, 0x2b, 0x20, 0xb0, 0x60, 0x50, 0x58,
  0x20, 0xb0, 0x40, 0x51, 0x58, 0xb3, 0x04, 0x20, 0x05, 0x20, 0x1b, 0xb3,
  0x04, 0x26, 0x05, 0x1a, 0x59, 0x42, 0x42, 0x23, 0x20, 0xb0, 0x0a, 0x43,
  0x20, 0x8a, 0x23, 0x47, 0x23, 0x47, 0x23, 0x61, 0x23, 0x46, 0x60, 0xb0,
  0x06, 0x43, 0xb0, 0x02, 0x62, 0x20, 0xb0, 0x00, 0x50, 0x58, 0xb0, 0x40,
  0x60, 0x59, 0x66, 0xb0, 0x01, 0x63, 0x60, 0x20, 0xb0, 0x01, 0x2b, 0x20,
  0x8a, 0x8a, 0x61, 0x20, 0xb0, 0x04, 0x43, 0x60, 0x64, 0x23, 0xb0, 0x05,
  0x43, 0x61, 0x64, 0x50, 0x58, 0xb0, 0x04, 0x43, 0x61, 0x1b, 0xb0, 0x05,
  0x43, 0x60, 0x59, 0xb0, 0x03, 0x25, 0xb0, 0x02, 0x62, 0x20, 0xb0, 0x00,
  0x50, 0x58, 0xb0, 0x40, 0x60, 0x59, 0x66, 0xb0, 0x01, 0x63, 0x61, 0x23,
  0x20, 0x20, 0xb0, 0x04, 0x26, 0x23, 0x46, 0x61, 0x38, 0x1b, 0x23, 0xb0,
  0x0a, 0x43, 0x46, 0xb0, 0x02, 0x25, 0xb0, 0x0a, 0x43, 0x47, 0x23, 0x47,
  0x23, 0x61, 0x60, 0x20, 0xb0, 0x06, 0x43, 0xb0, 0x02, 0x62, 0x20, 0xb0,
  0x00, 0x50, 0x58, 0xb0, 0x40, 0x60, 0x59, 0x66, 0xb0, 0x01, 0x63, 0x60,
  0x23, 0x20, 0xb0, 0x01, 0x2b, 0x23, 0xb0, 0x06, 0x43, 0x60, 0xb0, 0x01,
  0x2b, 0xb0, 0x05, 0x25, 0x61, 0xb0, 0x05, 0x25, 0xb0, 0x02, 0x62, 0x20,
  0xb0, 0x00, 0x50, 0x58, 0xb0, 0x40, 0x60, 0x59, 0x66, 0xb0, 0x01, 0x63,
  0xb0, 0x04, 0x26, 0x61, 0x20, 0xb0, 0x04, 0x25, 0x60, 0x64, 0x23, 0xb0,
  0x03, 0x25, 0x60, 0x64, 0x50, 0x58, 0x21, 0x1b, 0x23, 0x21, 0x59, 0x23,
  0x20, 0x20, 0xb0, 0x04, 0x26, 0x23, 0x46, 0x61, 0x38, 0x59, 0x2d, 0xb0,
  0x3c, 0x2c, 0xb0, 0x00, 0x16, 0xb0, 0x17, 0x23, 0x42, 0x20, 0x20, 0x20,
  0xb0, 0x05, 0x26, 0x20, 0x2e, 0x47, 0x23, 0x47, 0x23, 0x61, 0x23, 0x3c,
  0x38, 0x2d, 0xb0, 0x3d, 0x2c, 0xb0, 0x00, 0x16, 0xb0, 0x17, 0x23, 0x42,
  0x20, 0xb0, 0x0a, 0x23, 0x42, 0x20, 0x20, 0x20, 0x46, 0x23, 0x47, 0xb0,
  0x01, 0x2b, 0x23, 0x61, 0x38, 0x2d, 0xb0, 0x3e, 0x2c, 0xb0, 0x00, 0x16,
  0xb0, 0x17, 0x23, 0x42, 0xb0, 0x03, 0x25, 0xb0, 0x02, 0x25, 0x47, 0x23,
  0x47, 0x23, 0x61, 0xb0, 0x00, 0x54, 0x58, 0x2e, 0x20, 0x3c, 0x23, 0x21,
  0x1b, 0xb0, 0x02, 0x25, 0xb0, 0x02, 0x25, 0x47, 0x23, 0x47, 0x23, 0x61,
  0x20, 0xb0, 0x05, 0x25, 0xb0, 0x04, 0x25, 0x47, 0x23, 0x47, 0x23, 0x61,
  0xb0, 0x06, 0x25, 0xb0, 0x05, 0x25, 0x49, 0xb0, 0x02, 0x25, 0x61, 0xb9,
  0x08, 0x00, 0x08, 0x00, 0x63, 0x63, 0x23, 0x20, 0x58, 0x62, 0x1b, 0x21,
  0x59, 0x63, 0xb8, 0x04, 0x00, 0x62, 0x20, 0xb0, 0x00, 0x50, 0x58, 0xb0,
  0x40, 0x60, 0x59, 0x66, 0xb0, 0x01, 0x63, 0x60, 0x23, 0x2e, 0x23, 0x20,
  0x20, 0x3c, 0x8a, 0x38, 0x23, 0x21, 0x59, 0x2d, 0xb0, 0x3f, 0x2c, 0xb0,
  0x00, 0x16, 0xb0, 0x17, 0x23, 0x42, 0x20, 0xb0, 0x0a, 0x43, 0x20, 0x2e,
  0x47, 0x23, 0x47, 0x23, 0x61, 0x20, 0x60, 0xb0, 0x20, 0x60, 0x66, 0xb0,
  0x02, 0x62, 0x20, 0xb0, 0x00, 0x50, 0x58, 0xb0, 0x40, 0x60, 0x59, 0x66,
  0xb0, 0x01, 0x63, 0x23, 0x20, 0x20, 0x3c, 0x8a, 0x38, 0x2d, 0xb0, 0x40,
  0x2c, 0x23, 0x20, 0x2e, 0x46, 0xb0, 0x02, 0x25, 0x46, 0xb0, 0x17, 0x43,
  0x58, 0x50, 0x1b, 0x52, 0x59, 0x58, 0x20, 0x3c, 0x59, 0x2e, 0xb1, 0x30,
  0x01, 0x14, 0x2b, 0x2d, 0xb0, 0x41, 0x2c, 0x23, 0x20, 0x2e, 0x46, 0xb0,
  0x02, 0x25, 0x46, 0xb0, 0x17, 0x43, 0x58, 0x52, 0x1b, 0x50, 0x59, 0x58,
  0x20, 0x3c, 0x59, 0x2e, 0xb1, 0x30, 0x01, 0x14, 0x2b, 0x2d, 0xb0, 0x42,
  0x2c, 0x23, 0x20, 0x2e, 0x46, 0xb0, 0x02, 0x25, 0x46, 0xb0, 0x17, 0x43,
  0x58, 0x50, 0x1b, 0x52, 0x59, 0x58, 0x20, 0x3c, 0x59, 0x23, 0x20, 0x2e,
  0x46, 0xb0, 0x02, 0x25, 0x46, 0xb0, 0x17, 0x43, 0x58, 0x52, 0x1b, 0x50,
  0x59, 0x58, 0x20, 0x3c, 0x59, 0x2e, 0xb1, 0x30, 0x01, 0x14, 0x2b, 0x2d,
  0xb0, 0x43, 0x2c, 0xb0, 0x3a, 0x2b, 0x23, 0x20, 0x2e, 0x46, 0xb0, 0x02,
  0x25, 0x46, 0xb0, 0x17, 0x43, 0x58, 0x50, 0x1b, 0x52, 0x59, 0x58, 0x20,
  0x3c, 0x59, 0x2e, 0xb1, 0x30, 0x01, 0x14, 0x2b, 0x2d, 0xb0, 0x44, 0x2c,
  0xb0, 0x3b, 0x2b, 0x8a, 0x20, 0x20, 0x3c, 0xb0, 0x06, 0x23, 0x42, 0x8a,
  0x38, 0x23, 0x20, 0x2e, 0x46, 0xb0, 0x02, 0x25, 0x46, 0xb0, 0x17, 0x43,
  0x58, 0x50, 0x1b, 0x52, 0x59, 0x58, 0x20, 0x3c, 0x59, 0x2e, 0xb1, 0x30,
  0x01, 0x14, 0x2b, 0xb0, 0x06, 0x43, 0x2e, 0xb0, 0x30, 0x2b, 0x2d, 0xb0,
  0x45, 0x2c, 0xb0, 0x00, 0x16, 0xb0, 0x04, 0x25, 0xb0, 0x04, 0x26, 0x20,
  0x20, 0x20, 0x46, 0x23, 0x47, 0x61, 0xb0, 0x0c, 0x23, 0x42, 0x2e, 0x47,
  0x23, 0x47, 0x23, 0x61, 0xb0, 0x0b, 0x43, 0x2b, 0x23, 0x20, 0x3c, 0x20,
  0x2e, 0x23, 0x38, 0xb1, 0x30, 0x01, 0x14, 0x2b, 0x2d, 0xb0, 0x46, 0x2c,
  0xb1, 0x0a, 0x04, 0x25, 0x42, 0xb0, 0x00, 0x16, 0xb0, 0x04, 0x25, 0xb0,
  0x04, 0x25, 0x20, 0x2e, 0x47, 0x23, 0x47, 0x23, 0x61, 0x20, 0xb0, 0x06,
  0x23, 0x42, 0xb1, 0x0c, 0x00, 0x42, 0xb0, 0x0b, 0x43, 0x2b, 0x20, 0xb0,
  0x60, 0x50, 0x58, 0x20, 0xb0, 0x40, 0x51, 0x58, 0xb3, 0x04, 0x20, 0x05,
  0x20, 0x1b, 0xb3, 0x04, 0x26, 0x05, 0x1a, 0x59, 0x42, 0x42, 0x23, 0x20,
  0x47, 0xb0, 0x06, 0x43, 0xb0, 0x02, 0x62, 0x20, 0xb0, 0x00, 0x50, 0x58,
  0xb0, 0x40, 0x60, 0x59, 0x66, 0xb0, 0x01, 0x63, 0x60, 0x20, 0xb0, 0x01,
  0x2b, 0x20, 0x8a, 0x8a, 0x61, 0x20, 0xb0, 0x04, 0x43, 0x60, 0x64, 0x23,
  0xb0, 0x05, 0x43, 0x61, 0x64, 0x50, 0x58, 0xb0, 0x04, 0x43, 0x61, 0x1b,
  0xb0, 0x05, 0x43, 0x60, 0x59, 0xb0, 0x03, 0x25, 0xb0, 0x02, 0x62, 0x20,
  0xb0, 0x00, 0x50, 0x58, 0xb0, 0x40, 0x60, 0x59, 0x66, 0xb0, 0x01, 0x63,
  0x61, 0xb0, 0x02, 0x25, 0x46, 0x61, 0x38, 0x23, 0x20, 0x3c, 0x23, 0x38,
  0x1b, 0x21, 0x20, 0x20, 0x46, 0x23, 0x47, 0xb0, 0x01, 0x2b, 0x23, 0x61,
  0x38, 0x21, 0x59, 0xb1, 0x30, 0x01, 0x14, 0x2b, 0x2d, 0xb0, 0x47, 0x2c,
  0xb1, 0x00, 0x3a, 0x2b, 0x2e, 0xb1, 0x30, 0x01, 0x14, 0x2b, 0x2d, 0xb0,
  0x48, 0x2c, 0xb1, 0x00, 0x3b, 0x2b, 0x21, 0x23, 0x20, 0x20, 0x3c, 0xb0,
  0x06, 0x23, 0x42, 0x23, 0x38, 0xb1, 0x30, 0x01, 0x14, 0x2b, 0xb0, 0x06,
  0x43, 0x2e, 0xb0, 0x30, 0x2b, 0x2d, 0xb0, 0x49, 0x2c, 0xb0, 0x00, 0x15,
  0x20, 0x47, 0xb0, 0x00, 0x23, 0x42, 0xb2, 0x00, 0x01, 0x01, 0x15, 0x14,
  0x13, 0x2e, 0xb0, 0x36, 0x2a, 0x2d, 0xb0, 0x4a, 0x2c, 0xb0, 0x00, 0x15,
  0x20, 0x47, 0xb0, 0x00, 0x23, 0x42, 0xb2, 0x00, 0x01, 0x01, 0x15, 0x14,
  0x13, 0x2e, 0xb0, 0x36, 0x2a, 0x2d, 0xb0, 0x4b, 0x2c, 0xb1, 0x00, 0x01,
  0x14, 0x13, 0xb0, 0x37, 0x2a, 0x2d, 0xb0, 0x4c, 0x2c, 0xb0, 0x39, 0x2a,
  0x2d, 0xb0, 0x4d, 0x2c, 0xb0, 0x00, 0x16, 0x45, 0x23, 0x20, 0x2e, 0x20,
  0x46, 0x8a, 0x23, 0x61, 0x38, 0xb1, 0x30, 0x01, 0x14, 0x2b, 0x2d, 0xb0,
  0x4e, 0x2c, 0xb0, 0x0a, 0x23, 0x42, 0xb0, 0x4d, 0x2b, 0x2d, 0xb0, 0x4f,
  0x2c, 0xb2, 0x00, 0x00, 0x46, 0x2b, 0x2d, 0xb0, 0x50, 0x2c, 0xb2, 0x00,
  0x01, 0x46, 0x2b, 0x2d, 0xb0, 0x51, 0x2c, 0xb2, 0x01, 0x00, 0x46, 0x2b,
  0x2d, 0xb0, 0x52, 0x2c, 0xb2, 0x01, 0x01, 0x46, 0x2b, 0x2d, 0xb0, 0x53,
  0x2c, 0xb2, 0x00, 0x00, 0x47, 0x2b, 0x2d, 0xb0, 0x54, 0x2c, 0xb2, 0x00,
  0x01, 0x47, 0x2b, 0x2d, 0xb0, 0x55, 0x2c, 0xb2, 0x01, 0x00, 0x47, 0x2b,
  0x2d, 0xb0, 0x56, 0x2c, 0xb2, 0x01, 0x01, 0x47, 0x2b, 0x2d, 0xb0, 0x57,
  0x2c, 0xb3, 0x00, 0x00, 0x00, 0x43, 0x2b, 0x2d, 0xb0, 0x58, 0x2c, 0xb3,
  0x00, 0x01, 0x00, 0x43, 0x2b, 0x2d, 0xb0, 0x59, 0x2c, 0xb3, 0x01, 0x00,
  0x00, 0x43, 0x2b, 0x2d, 0xb0, 0x5a, 0x2c, 0xb3, 0x01, 0x01, 0x00, 0x43,
  0x2b, 0x2d, 0xb0, 0x5b, 0x2c, 0xb3, 0x00, 0x00, 0x01, 0x43, 0x2b, 0x2d,
  0xb0, 0x5c, 0x2c, 0xb3, 0x00, 0x01, 0x01, 0x43, 0x2b, 0x2d, 0xb0, 0x5d,
  0x2c, 0xb3, 0x01, 0x00, 0x01, 0x43, 0x2b, 0x2d, 0xb0, 0x5e, 0x2c, 0xb3,
  0x01, 0x01, 0x01, 0x43, 0x2b, 0x2d, 0xb0, 0x5f, 0x2c, 0xb2, 0x00, 0x00,
  0x45, 0x2b, 0x2d, 0xb0, 0x60, 0x2c, 0xb2, 0x00, 0x01, 0x45, 0x2b, 0x2d,
  0xb0, 0x61, 0x2c, 0xb2, 0x01, 0x00, 0x45, 0x2b, 0x2d, 0xb0, 0x62, 0x2c,
  0xb2, 0x01, 0x01, 0x45, 0x2b, 0x2d, 0xb0, 0x63, 0x2c, 0xb2, 0x00, 0x00,
  0x48, 0x2b, 0x2d, 0xb0, 0x64, 0x2c, 0xb2, 0x00, 0x01, 0x48, 0x2b, 0x2d,
  0xb0, 0x65, 0x2c, 0xb2, 0x01, 0x00, 0x48, 0x2b, 0x2d, 0xb0, 0x66, 0x2c,
  0xb2, 0x01, 0x01, 0x48, 0x2b, 0x2d, 0xb0, 0x67, 0x2c, 0xb3, 0x00, 0x00,
  0x00, 0x44, 0x2b, 0x2d, 0xb0, 0x68, 0x2c, 0xb3, 0x00, 0x01, 0x00, 0x44,
  0x2b, 0x2d, 0xb0, 0x69, 0x2c, 0xb3, 0x01, 0x00, 0x00, 0x44, 0x2b, 0x2d,
  0xb0, 0x6a, 0x2c, 0xb3, 0x01, 0x01, 0x00, 0x44, 0x2b, 0x2d, 0xb0, 0x6b,
  0x2c, 0xb3, 0x00, 0x00, 0x01, 0x44, 0x2b, 0x2d, 0xb0, 0x6c, 0x2c, 0xb3,
  0x00, 0x01, 0x01, 0x44, 0x2b, 0x2d, 0xb0, 0x6d, 0x2c, 0xb3, 0x01, 0x00,
  0x01, 0x44, 0x2b, 0x2d, 0xb0, 0x6e, 0x2c, 0xb3, 0x01, 0x01, 0x01, 0x44,
  0x2b, 0x2d, 0xb0, 0x6f, 0x2c, 0xb1, 0x00, 0x3c, 0x2b, 0x2e, 0xb1, 0x30,
  0x01, 0x14, 0x2b, 0x2d, 0xb0, 0x70, 0x2c, 0xb1, 0x00, 0x3c, 0x2b, 0xb0,
  0x40, 0x2b, 0x2d, 0xb0, 0x71, 0x2c, 0xb1, 0x00, 0x3c, 0x2b, 0xb0, 0x41,
  0x2b, 0x2d, 0xb0, 0x72, 0x2c, 0xb0, 0x00, 0x16, 0xb1, 0x00, 0x3c, 0x2b,
  0xb0, 0x42, 0x2b, 0x2d, 0xb0, 0x73, 0x2c, 0xb1, 0x01, 0x3c, 0x2b, 0xb0,
  0x40, 0x2b, 0x2d, 0xb0, 0x74, 0x2c, 0xb1, 0x01, 0x3c, 0x2b, 0xb0, 0x41,
  0x2b, 0x2d, 0xb0, 0x75, 0x2c, 0xb0, 0x00, 0x16, 0xb1, 0x01, 0x3c, 0x2b,
  0xb0, 0x42, 0x2b, 0x2d, 0xb0, 0x76, 0x2c, 0xb1, 0x00, 0x3d, 0x2b, 0x2e,
  0xb1, 0x30, 0x01, 0x14, 0x2b, 0x2d, 0xb0, 0x77, 0x2c, 0xb1, 0x00, 0x3d,
  0x2b, 0xb0, 0x40, 0x2b, 0x2d, 0xb0, 0x78, 0x2c, 0xb1, 0x00, 0x3d, 0x2b,
  0xb0, 0x41, 0x2b, 0x2d, 0xb0, 0x79, 0x2c, 0xb1, 0x00, 0x3d, 0x2b, 0xb0,
  0x42, 0x2b, 0x2d, 0xb0, 0x7a, 0x2c, 0xb1, 0x01, 0x3d, 0x2b, 0xb0, 0x40,
  0x2b, 0x2d, 0xb0, 0x7b, 0x2c, 0xb1, 0x01, 0x3d, 0x2b, 0xb0, 0x41, 0x2b,
  0x2d, 0xb0, 0x7c, 0x2c, 0xb1, 0x01, 0x3d, 0x2b, 0xb0, 0x42, 0x2b, 0x2d,
  0xb0, 0x7d, 0x2c, 0xb1, 0x00, 0x3e, 0x2b, 0x2e, 0xb1, 0x30, 0x01, 0x14,
  0x2b, 0x2d, 0xb0, 0x7e, 0x2c, 0xb1, 0x00, 0x3e, 0x2b, 0xb0, 0x40, 0x2b,
  0x2d, 0xb0, 0x7f, 0x2c, 0xb1, 0x00, 0x3e, 0x2b, 0xb0, 0x41, 0x2b, 0x2d,
  0xb0, 0x80, 0x2c, 0xb1, 0x00, 0x3e, 0x2b, 0xb0, 0x42, 0x2b, 0x2d, 0xb0,
  0x81, 0x2c, 0xb1, 0x01, 0x3e, 0x2b, 0xb0, 0x40, 0x2b, 0x2d, 0xb0, 0x82,
  0x2c, 0xb1, 0x01, 0x3e, 0x2b, 0xb0, 0x41, 0x2b, 0x2d, 0xb0, 0x83, 0x2c,
  0xb1, 0x01, 0x3e, 0x2b, 0xb0, 0x42, 0x2b, 0x2d, 0xb0, 0x84, 0x2c, 0xb1,
  0x00, 0x3f, 0x2b, 0x2e, 0xb1, 0x30, 0x01, 0x14, 0x2b, 0x2d, 0xb0, 0x85,
  0x2c, 0xb1, 0x00, 0x3f, 0x2b, 0xb0, 0x40, 0x2b, 0x2d, 0xb0, 0x86, 0x2c,
  0xb1, 0x00, 0x3f, 0x2b, 0xb0, 0x41, 0x2b, 0x2d, 0xb0, 0x87, 0x2c, 0xb1,
  0x00, 0x3f, 0x2b, 0xb0, 0x42, 0x2b, 0x2d, 0xb0, 0x88, 0x2c, 0xb1, 0x01,
  0x3f, 0x2b, 0xb0, 0x40, 0x2b, 0x2d, 0xb0, 0x89, 0x2c, 0xb1, 0x01, 0x3f,
  0x2b, 0xb0, 0x41, 0x2b, 0x2d, 0xb0, 0x8a, 0x2c, 0xb1, 0x01, 0x3f, 0x2b,
  0xb0, 0x42, 0x2b, 0x2d, 0xb0, 0x8b, 0x2c, 0xb2, 0x0b, 0x00, 0x03, 0x45,
  0x50, 0x58, 0xb0, 0x06, 0x1b, 0xb2, 0x04, 0x02, 0x03, 0x45, 0x58, 0x23,
  0x21, 0x1b, 0x21, 0x59, 0x59, 0x42, 0x2b, 0xb0, 0x08, 0x65, 0xb0, 0x03,
  0x24, 0x50, 0x78, 0xb1, 0x05, 0x01, 0x15, 0x45, 0x58, 0x30, 0x59, 0x2d,
  0x00, 0x01, 0x00, 0x00, 0x00, 0x0a, 0x00, 0x2a, 0x00, 0x7a, 0x00, 0x02,
  0x44, 0x46, 0x4c, 0x54, 0x00, 0x0e, 0x6c, 0x61, 0x74, 0x6e, 0x00, 0x0e,
  0x00, 0x04, 0x00, 0x00, 0x00, 0x00, 0xff, 0xff, 0x00, 0x04, 0x00, 0x00,
  0x00, 0x01, 0x00, 0x02, 0x00, 0x03, 0x00, 0x04, 0x63, 0x61, 0x6c, 0x74,
  0x00, 0x44, 0x64, 0x6e, 0x6f, 0x6d, 0x00, 0x3e, 0x66, 0x72, 0x61, 0x63,
  0x00, 0x20, 0x6e, 0x75, 0x6d, 0x72, 0x00, 0x1a, 0x00, 0x00, 0x00, 0x01,
  0x00, 0x00, 0x00, 0x00, 0x00, 0x0d, 0x00, 0x02, 0x00, 0x04, 0x00, 0x06,
  0x00, 0x08, 0x00, 0x0a, 0x00, 0x0c, 0x00, 0x0e, 0x00, 0x10, 0x00, 0x12,
  0x00, 0x14, 0x00, 0x16, 0x00, 0x18, 0x00, 0x1a, 0x00, 0x00, 0x00, 0x01,
  0x00, 0x01, 0x00, 0x00, 0x00, 0x04, 0x00, 0x1c, 0x00, 0x1d, 0x00, 0x20,
  0x00, 0x21, 0x00, 0x23, 0x0f, 0x12, 0x0e, 0xc8, 0x0c, 0xa0, 0x0c, 0x92,
  0x0c, 0x72, 0x0c, 0x44, 0x0c, 0x1e, 0x0c, 0x44, 0x0c, 0x00, 0x0c, 0x44,
  0x0b, 0xe0, 0x0c, 0x44, 0x0b, 0xbe, 0x0c, 0x44, 0x0b, 0x9a, 0x0c, 0x44,
  0x0b, 0x74, 0x0c, 0x44, 0x0b, 0x4c, 0x0c, 0x44, 0x0b, 0x22, 0x0c, 0x44,
  0x0a, 0xf6, 0x0c, 0x44, 0x0a, 0xd2, 0x0e, 0xc8, 0x0a, 0xb0, 0x0a, 0xa2,
  0x09, 0x62, 0x08, 0xec, 0x08, 0xd2, 0x08, 0xb0, 0x07, 0x16, 0x00, 0x8e,
  0x00, 0x48, 0x00, 0x01, 0x00, 0x00, 0x00, 0x01, 0x00, 0x08, 0x00, 0x02,
  0x04, 0xa6, 0x00, 0x1c, 0x00, 0x4c, 0x00, 0x4d, 0x00, 0x4e, 0x00, 0x4f,
  0x00, 0x50, 0x00, 0x51, 0x00, 0x52, 0x00, 0x58, 0x00, 0x5f, 0x00, 0x66,
  0x00, 0x67, 0x00, 0x68, 0x00, 0x69, 0x00, 0x6a, 0x00, 0x6e, 0x00, 0xa4,
  0x00, 0xa5, 0x00, 0xa6, 0x00, 0xa7, 0x00, 0xa8, 0x00, 0xa9, 0x00, 0xaa,
  0x00, 0xab, 0x00, 0xac, 0x00, 0xad, 0x00, 0xae, 0x00, 0xaf, 0x00, 0xb0,
  0x00, 0x06, 0x00, 0x00, 0x00, 0x3a, 0x06, 0x66, 0x06, 0x4a, 0x06, 0x30,
  0x05, 0xfc, 0x05, 0xe8, 0x05, 0xd2, 0x05, 0xba, 0x05, 0xa0, 0x05, 0x82,
  0x05, 0x6e, 0x05, 0x58, 0x05, 0x40, 0x05, 0x26, 0x05, 0x08, 0x04, 0xf4,
  0x04, 0xde, 0x04, 0xc6, 0x04, 0xac, 0x04, 0x48, 0x04, 0x2e, 0x04, 0x1a,
  0x04, 0x08, 0x03, 0xf8, 0x03, 0xe6, 0x03, 0xd2, 0x03, 0xbc, 0x03, 0xa4,
  0x03, 0x92, 0x03, 0x80, 0x03, 0x6c, 0x03, 0x56, 0x03, 0x3e, 0x03, 0x24,
  0x03, 0x10, 0x02, 0xfa, 0x02, 0xe2, 0x02, 0xcc, 0x02, 0xb4, 0x02, 0x9a,
  0x02, 0x82, 0x02, 0x68, 0x02, 0x4c, 0x02, 0x12, 0x01, 0xf6, 0x01, 0xde,
  0x01, 0xc4, 0x01, 0xa8, 0x01, 0x8a, 0x01, 0x6e, 0x01, 0x56, 0x01, 0x3c,
  0x01, 0x20, 0x01, 0x02, 0x00, 0xe6, 0x00, 0xce, 0x00, 0xb4, 0x00, 0x98,
  0x00, 0x7a, 0x00, 0x03, 0x00, 0x07, 0x05, 0x9a, 0x05, 0x9a, 0x05, 0x9a,
  0x05, 0x9a, 0x05, 0x9a, 0x05, 0x9a, 0x00, 0x82, 0x00, 0x01, 0x04, 0xa0,
  0x00, 0x00, 0x00, 0x01, 0x00, 0x00, 0x00, 0x22, 0x00, 0x03, 0x00, 0x06,
  0x05, 0x7c, 0x05, 0x7c, 0x05, 0x7c, 0x05, 0x7c, 0x05, 0x7c, 0x00, 0x64,
  0x00, 0x01, 0x04, 0x82, 0x00, 0x00, 0x00, 0x01, 0x00, 0x00, 0x00, 0x22,
  0x00, 0x03, 0x00, 0x05, 0x05, 0x60, 0x05, 0x60, 0x05, 0x60, 0x05, 0x60,
  0x00, 0x48, 0x00, 0x01, 0x04, 0x66, 0x00, 0x00, 0x00, 0x01, 0x00, 0x00,
  0x00, 0x22, 0x00, 0x03, 0x00, 0x04, 0x05, 0x46, 0x05, 0x46, 0x05, 0x46,
  0x00, 0x2e, 0x00, 0x01, 0x04, 0x4c, 0x00, 0x00, 0x00, 0x01, 0x00, 0x00,
  0x00, 0x22, 0x00, 0x03, 0x00, 0x03, 0x05, 0x2e, 0x05, 0x2e, 0x00, 0x16,
  0x00, 0x01, 0x04, 0x34, 0x00, 0x00, 0x00, 0x01, 0x00, 0x00, 0x00, 0x22,
  0x00, 0x01, 0x00, 0x01, 0x00, 0x4e, 0x00, 0x03, 0x00, 0x07, 0x05, 0x12,
  0x05, 0x12, 0x05, 0x12, 0x05, 0x12, 0x05, 0x12, 0x05, 0x12, 0x00, 0x82,
  0x00, 0x01, 0x04, 0x92, 0x00, 0x00, 0x00, 0x01, 0x00, 0x00, 0x00, 0x22,
  0x00, 0x03, 0x00, 0x06, 0x04, 0xf4, 0x04, 0xf4, 0x04, 0xf4, 0x04, 0xf4,
  0x04, 0xf4, 0x00, 0x64, 0x00, 0x01, 0x04, 0x74, 0x00, 0x00, 0x00, 0x01,
  0x00, 0x00, 0x00, 0x22, 0x00, 0x03, 0x00, 0x05, 0x04, 0xd8, 0x04, 0xd8,
  0x04, 0xd8, 0x04, 0xd8, 0x00, 0x48, 0x00, 0x01, 0x04, 0x58, 0x00, 0x00,
  0x00, 0x01, 0x00, 0x00, 0x00, 0x22, 0x00, 0x03, 0x00, 0x04, 0x04, 0xbe,
  0x04, 0xbe, 0x04, 0xbe, 0x00, 0x2e, 0x00, 0x01, 0x04, 0x3e, 0x00, 0x00,
  0x00, 0x01, 0x00, 0x00, 0x00, 0x22, 0x00, 0x03, 0x00, 0x03, 0x04, 0xa6,
  0x04, 0xa6, 0x00, 0x16, 0x00, 0x01, 0x04, 0x26, 0x00, 0x00, 0x00, 0x01,
  0x00, 0x00, 0x00, 0x22, 0x00, 0x01, 0x00, 0x01, 0x00, 0x50, 0x00, 0x03,
  0x00, 0x07, 0x04, 0x8a, 0x04, 0x8a, 0x04, 0x8a, 0x04, 0x8a, 0x04, 0x8a,
  0x04, 0x8a, 0x00, 0x82, 0x00, 0x01, 0x04, 0xba, 0x00, 0x00, 0x00, 0x01,
  0x00, 0x00, 0x00, 0x22, 0x00, 0x03, 0x00, 0x06, 0x04, 0x6c, 0x04, 0x6c,
  0x04, 0x6c, 0x04, 0x6c, 0x04, 0x6c, 0x00, 0x64, 0x00, 0x01, 0x04, 0x9c,
  0x00, 0x00, 0x00, 0x01, 0x00, 0x00, 0x00, 0x22, 0x00, 0x03, 0x00, 0x05,
  0x04, 0x50, 0x04, 0x50, 0x04, 0x50, 0x04, 0x50, 0x00, 0x48, 0x00, 0x01,
  0x04, 0x80, 0x00, 0x00, 0x00, 0x01, 0x00, 0x00, 0x00, 0x22, 0x00, 0x03,
  0x00, 0x04, 0x04, 0x36, 0x04, 0x36, 0x04, 0x36, 0x00, 0x2e, 0x00, 0x01,
  0x04, 0x66, 0x00, 0x00, 0x00, 0x01, 0x00, 0x00, 0x00, 0x22, 0x00, 0x03,
  0x00, 0x03, 0x04, 0x1e, 0x04, 0x1e, 0x00, 0x16, 0x00, 0x01, 0x04, 0x4e,
  0x00, 0x00, 0x00, 0x01, 0x00, 0x00, 0x00, 0x22, 0x00, 0x01, 0x00, 0x01,
  0x00, 0x4c, 0x00, 0x03, 0x00, 0x01, 0x00, 0x12, 0x00, 0x01, 0x02, 0x56,
  0x00, 0x00, 0x00, 0x01, 0x00, 0x00, 0x00, 0x22, 0x00, 0x02, 0x00, 0x06,
  0x00, 0x4c, 0x00, 0x52, 0x00, 0x00, 0x00, 0x58, 0x00, 0x58, 0x00, 0x07,
  0x00, 0x5f, 0x00, 0x5f, 0x00, 0x08, 0x00, 0x66, 0x00, 0x6a, 0x00, 0x09,
  0x00, 0x6e, 0x00, 0x6e, 0x00, 0x0e, 0x00, 0xa4, 0x00, 0xb0, 0x00, 0x0f,
  0x00, 0x03, 0x00, 0x03, 0x01, 0xf4, 0x01, 0xf4, 0x02, 0x44, 0x00, 0x01,
  0x02, 0x1c, 0x00, 0x03, 0x01, 0xf4, 0x01, 0xf4, 0x02, 0x44, 0x00, 0x01,
  0x00, 0x00, 0x00, 0x22, 0x00, 0x03, 0x00, 0x03, 0x01, 0xd8, 0x01, 0xd8,
  0x02, 0x28, 0x00, 0x01, 0x02, 0x00, 0x00, 0x02, 0x01, 0xd8, 0x02, 0x28,
  0x00, 0x01, 0x00, 0x00, 0x00, 0x22, 0x00, 0x03, 0x00, 0x03, 0x01, 0xbe,
  0x01, 0xbe, 0x02, 0x0e, 0x00, 0x01, 0x01, 0xe6, 0x00, 0x01, 0x02, 0x0e,
  0x00, 0x01, 0x00, 0x00, 0x00, 0x22, 0x00, 0x03, 0x00, 0x02, 0x01, 0xa6,
  0x01, 0xf6, 0x00, 0x01, 0x01, 0xce, 0x00, 0x03, 0x01, 0xa6, 0x01, 0xa6,
  0x01, 0xf6, 0x00, 0x01, 0x00, 0x00, 0x00, 0x22, 0x00, 0x03, 0x00, 0x02,
  0x01, 0x8c, 0x01, 0xdc, 0x00, 0x01, 0x01, 0xb4, 0x00, 0x02, 0x01, 0x8c,
  0x01, 0xdc, 0x00, 0x01, 0x00, 0x00, 0x00, 0x22, 0x00, 0x03, 0x00, 0x02,
  0x01, 0x74, 0x01, 0xc4, 0x00, 0x01, 0x01, 0x9c, 0x00, 0x01, 0x01, 0xc4,
  0x00, 0x01, 0x00, 0x00, 0x00, 0x22, 0x00, 0x03, 0x00, 0x01, 0x01, 0xae,
  0x00, 0x01, 0x01, 0x86, 0x00, 0x03, 0x01, 0x5e, 0x01, 0x5e, 0x01, 0xae,
  0x00, 0x01, 0x00, 0x00, 0x00, 0x22, 0x00, 0x03, 0x00, 0x01, 0x01, 0x96,
  0x00, 0x01, 0x01, 0x6e, 0x00, 0x02, 0x01, 0x46, 0x01, 0x96, 0x00, 0x01,
  0x00, 0x00, 0x00, 0x22, 0x00, 0x03, 0x00, 0x01, 0x01, 0x80, 0x00, 0x01,
  0x01, 0x58, 0x00, 0x01, 0x01, 0x80, 0x00, 0x01, 0x00, 0x00, 0x00, 0x22,
  0x00, 0x03, 0x00, 0x00, 0x00, 0x01, 0x01, 0x44, 0x00, 0x05, 0x01, 0x44,
  0x01, 0x44, 0x01, 0x44, 0x01, 0x44, 0x01, 0x6c, 0x00, 0x01, 0x00, 0x00,
  0x00, 0x22, 0x00, 0x03, 0x00, 0x00, 0x00, 0x01, 0x01, 0x2a, 0x00, 0x04,
  0x01, 0x2a, 0x01, 0x2a, 0x01, 0x2a, 0x01, 0x52, 0x00, 0x01, 0x00, 0x00,
  0x00, 0x22, 0x00, 0x03, 0x00, 0x00, 0x00, 0x01, 0x01, 0x12, 0x00, 0x03,
  0x01, 0x12, 0x01, 0x12, 0x01, 0x3a, 0x00, 0x01, 0x00, 0x00, 0x00, 0x22,
  0x00, 0x03, 0x00, 0x00, 0x00, 0x01, 0x00, 0xfc, 0x00, 0x02, 0x00, 0xfc,
  0x01, 0x24, 0x00, 0x01, 0x00, 0x00, 0x00, 0x22, 0x00, 0x03, 0x00, 0x00,
  0x00, 0x01, 0x00, 0xe8, 0x00, 0x01, 0x01, 0x10, 0x00, 0x01, 0x00, 0x00,
  0x00, 0x22, 0x00, 0x03, 0x00, 0x01, 0x00, 0xc6, 0x00, 0x01, 0x00, 0xd6,
  0x00, 0x02, 0x00, 0xd6, 0x00, 0xfe, 0x00, 0x00, 0x00, 0x03, 0x00, 0x05,
  0x00, 0xc4, 0x00, 0xc4, 0x00, 0xc4, 0x00, 0xc4, 0x00, 0xb4, 0x00, 0x01,
  0x00, 0xc4, 0x00, 0x01, 0x00, 0xec, 0x00, 0x00, 0x00, 0x03, 0x00, 0x04,
  0x00, 0xac, 0x00, 0xac, 0x00, 0xac, 0x00, 0x9c, 0x00, 0x01, 0x00, 0xac,
  0x00, 0x01, 0x00, 0xd4, 0x00, 0x00, 0x00, 0x03, 0x00, 0x03, 0x00, 0x96,
  0x00, 0x96, 0x00, 0x86, 0x00, 0x01, 0x00, 0x96, 0x00, 0x01, 0x00, 0xbe,
  0x00, 0x00, 0x00, 0x03, 0x00, 0x02, 0x00, 0x82, 0x00, 0x72, 0x00, 0x01,
  0x00, 0x82, 0x00, 0x01, 0x00, 0xaa, 0x00, 0x00, 0x00, 0x03, 0x00, 0x01,
  0x00, 0x60, 0x00, 0x01, 0x00, 0x70, 0x00, 0x01, 0x00, 0x98, 0x00, 0x00,
  0x00, 0x03, 0x00, 0x01, 0x00, 0x88, 0x00, 0x01, 0x00, 0x60, 0x00, 0x00,
  0x00, 0x01, 0x00, 0x00, 0x00, 0x22, 0x00, 0x03, 0x00, 0x01, 0x00, 0x76,
  0x00, 0x01, 0x00, 0x4e, 0x00, 0x03, 0x00, 0x26, 0x00, 0x26, 0x00, 0x3e,
  0x00, 0x00, 0x00, 0x03, 0x00, 0x01, 0x00, 0x62, 0x00, 0x01, 0x00, 0x3a,
  0x00, 0x02, 0x00, 0x12, 0x00, 0x2a, 0x00, 0x00, 0x00, 0x01, 0x00, 0x02,
  0x00, 0x95, 0x00, 0x96, 0x00, 0x03, 0x00, 0x01, 0x00, 0x48, 0x00, 0x01,
  0x00, 0x20, 0x00, 0x01, 0x00, 0x10, 0x00, 0x00, 0x00, 0x02, 0x00, 0x02,
  0x00, 0x1b, 0x00, 0x23, 0x00, 0x00, 0x00, 0x26, 0x00, 0x36, 0x00, 0x09,
  0x00, 0x02, 0x00, 0x06, 0x00, 0x45, 0x00, 0x4b, 0x00, 0x00, 0x00, 0x57,
  0x00, 0x57, 0x00, 0x07, 0x00, 0x5e, 0x00, 0x5e, 0x00, 0x08, 0x00, 0x61,
  0x00, 0x65, 0x00, 0x09, 0x00, 0x6d, 0x00, 0x6d, 0x00, 0x0e, 0x00, 0x97,
  0x00, 0xa3, 0x00, 0x0f, 0x00, 0x02, 0x00, 0x04, 0x00, 0x01, 0x00, 0x1a,
  0x00, 0x00, 0x00, 0x37, 0x00, 0x44, 0x00, 0x1a, 0x00, 0x55, 0x00, 0x55,
  0x00, 0x28, 0x00, 0x92, 0x00, 0x92, 0x00, 0x29, 0x00, 0x03, 0x00, 0x07,
  0x01, 0x68, 0x01, 0x68, 0x01, 0x68, 0x01, 0x68, 0x01, 0x68, 0x01, 0x68,
  0x00, 0x74, 0x00, 0x01, 0x00, 0x6e, 0x00, 0x00, 0x00, 0x00, 0x00, 0x03,
  0x00, 0x06, 0x01, 0x4e, 0x01, 0x4e, 0x01, 0x4e, 0x01, 0x4e, 0x01, 0x4e,
  0x00, 0x5a, 0x00, 0x01, 0x00, 0x54, 0x00, 0x00, 0x00, 0x00, 0x00, 0x03,
  0x00, 0x05, 0x01, 0x36, 0x01, 0x36, 0x01, 0x36, 0x01, 0x36, 0x00, 0x42,
  0x00, 0x01, 0x00, 0x3c, 0x00, 0x00, 0x00, 0x00, 0x00, 0x03, 0x00, 0x04,
  0x01, 0x20, 0x01, 0x20, 0x01, 0x20, 0x00, 0x2c, 0x00, 0x01, 0x00, 0x26,
  0x00, 0x00, 0x00, 0x00, 0x00, 0x03, 0x00, 0x03, 0x01, 0x0c, 0x01, 0x0c,
  0x00, 0x18, 0x00, 0x01, 0x00, 0x12, 0x00, 0x00, 0x00, 0x00, 0x00, 0x01,
  0x00, 0x01, 0x00, 0x48, 0x00, 0x01, 0x00, 0x01, 0x00, 0x47, 0x00, 0x03,
  0x00, 0x07, 0x00, 0xee, 0x00, 0xee, 0x00, 0xee, 0x00, 0xee, 0x00, 0xee,
  0x00, 0xee, 0x00, 0x74, 0x00, 0x01, 0x00, 0x6e, 0x00, 0x00, 0x00, 0x00,
  0x00, 0x03, 0x00, 0x06, 0x00, 0xd4, 0x00, 0xd4, 0x00, 0xd4, 0x00, 0xd4,
  0x00, 0xd4, 0x00, 0x5a, 0x00, 0x01, 0x00, 0x54, 0x00, 0x00, 0x00, 0x00,
  0x00, 0x03, 0x00, 0x05, 0x00, 0xbc, 0x00, 0xbc, 0x00, 0xbc, 0x00, 0xbc,
  0x00, 0x42, 0x00, 0x01, 0x00, 0x3c, 0x00, 0x00, 0x00, 0x00, 0x00, 0x03,
  0x00, 0x04, 0x00, 0xa6, 0x00, 0xa6, 0x00, 0xa6, 0x00, 0x2c, 0x00, 0x01,
  0x00, 0x26, 0x00, 0x00, 0x00, 0x00, 0x00, 0x03, 0x00, 0x03, 0x00, 0x92,
  0x00, 0x92, 0x00, 0x18, 0x00, 0x01, 0x00, 0x12, 0x00, 0x00, 0x00, 0x00,
  0x00, 0x01, 0x00, 0x01, 0x00, 0x4a, 0x00, 0x01, 0x00, 0x01, 0x00, 0x49,
  0x00, 0x03, 0x00, 0x07, 0x00, 0x74, 0x00, 0x74, 0x00, 0x74, 0x00, 0x74,
  0x00, 0x74, 0x00, 0x74, 0x00, 0x6e, 0x00, 0x01, 0x00, 0xa4, 0x00, 0x00,
  0x00, 0x00, 0x00, 0x03, 0x00, 0x06, 0x00, 0x5a, 0x00, 0x5a, 0x00, 0x5a,
  0x00, 0x5a, 0x00, 0x5a, 0x00, 0x54, 0x00, 0x01, 0x00, 0x8a, 0x00, 0x00,
  0x00, 0x00, 0x00, 0x03, 0x00, 0x05, 0x00, 0x42, 0x00, 0x42, 0x00, 0x42,
  0x00, 0x42, 0x00, 0x3c, 0x00, 0x01, 0x00, 0x72, 0x00, 0x00, 0x00, 0x00,
  0x00, 0x03, 0x00, 0x04, 0x00, 0x2c, 0x00, 0x2c, 0x00, 0x2c, 0x00, 0x26,
  0x00, 0x01, 0x00, 0x5c, 0x00, 0x00, 0x00, 0x00, 0x00, 0x03, 0x00, 0x03,
  0x00, 0x18, 0x00, 0x18, 0x00, 0x12, 0x00, 0x01, 0x00, 0x48, 0x00, 0x00,
  0x00, 0x00, 0x00, 0x01, 0x00, 0x01, 0x00, 0x45, 0x00, 0x02, 0x00, 0x04,
  0x00, 0x01, 0x00, 0x23, 0x00, 0x00, 0x00, 0x26, 0x00, 0x58, 0x00, 0x23,
  0x00, 0x5a, 0x00, 0x93, 0x00, 0x56, 0x00, 0x95, 0x00, 0xb0, 0x00, 0x90,
  0x00, 0x03, 0x00, 0x02, 0x02, 0x70, 0x00, 0x2e, 0x00, 0x01, 0x00, 0x14,
  0x00, 0x00, 0x00, 0x01, 0x00, 0x00, 0x00, 0x22, 0x00, 0x01, 0x00, 0x01,
  0x00, 0x46, 0x00, 0x03, 0x00, 0x01, 0x00, 0x14, 0x00, 0x01, 0x02, 0x7e,
  0x00, 0x01, 0x00, 0x30, 0x00, 0x01, 0x00, 0x00, 0x00, 0x22, 0x00, 0x01,
  0x00, 0x02, 0x00, 0x5e, 0x00, 0x5f, 0x00, 0x03, 0x00, 0x00, 0x00, 0x01,
  0x00, 0x1c, 0x00, 0x02, 0x02, 0x3a, 0x00, 0x14, 0x00, 0x01, 0x00, 0x00,
  0x00, 0x22, 0x00, 0x01, 0x00, 0x02, 0x00, 0x46, 0x00, 0x4d, 0x00, 0x01,
  0x00, 0x01, 0x00, 0x5e, 0x00, 0x04, 0x00, 0x00, 0x00, 0x01, 0x00, 0x08,
  0x00, 0x01, 0x01, 0x7e, 0x00, 0x08, 0x01, 0x3c, 0x01, 0x0c, 0x00, 0x56,
  0x00, 0x4e, 0x00, 0x44, 0x00, 0x3a, 0x00, 0x28, 0x00, 0x16, 0x00, 0x02,
  0x00, 0x0c, 0x00, 0x06, 0x00, 0xae, 0x00, 0x02, 0x00, 0x67, 0x00, 0xae,
  0x00, 0x02, 0x00, 0x62, 0x00, 0x02, 0x00, 0x0c, 0x00, 0x06, 0x00, 0xad,
  0x00, 0x02, 0x00, 0x67, 0x00, 0xad, 0x00, 0x02, 0x00, 0x62, 0x00, 0x01,
  0x00, 0x04, 0x00, 0xa1, 0x00, 0x02, 0x00, 0x62, 0x00, 0x01, 0x00, 0x04,
  0x00, 0xa0, 0x00, 0x02, 0x00, 0x62, 0x00, 0x03, 0x00, 0xde, 0x00, 0xd6,
  0x00, 0xca, 0x00, 0x12, 0x00, 0xac, 0x00, 0xa2, 0x00, 0x98, 0x00, 0x8e,
  0x00, 0x84, 0x00, 0x7a, 0x00, 0x70, 0x00, 0x66, 0x00, 0x5e, 0x00, 0x56,
  0x00, 0x4e, 0x00, 0x46, 0x00, 0x3e, 0x00, 0x36, 0x00, 0x2e, 0x00, 0x26,
  0x01, 0x02, 0x00, 0xf6, 0x00, 0xa7, 0x00, 0x03, 0x00, 0x68, 0x00, 0x68,
  0x00, 0xa7, 0x00, 0x03, 0x00, 0x68, 0x00, 0x63, 0x00, 0xa7, 0x00, 0x03,
  0x00, 0x63, 0x00, 0x68, 0x00, 0xa7, 0x00, 0x03, 0x00, 0x63, 0x00, 0x63,
  0x00, 0xaf, 0x00, 0x03, 0x00, 0x68, 0x00, 0x67, 0x00, 0xaf, 0x00, 0x03,
  0x00, 0x68, 0x00, 0x62, 0x00, 0xaf, 0x00, 0x03, 0x00, 0x63, 0x00, 0x67,
  0x00, 0xaf, 0x00, 0x03, 0x00, 0x63, 0x00, 0x62, 0x00, 0xb0, 0x00, 0x04,
  0x00, 0x68, 0x00, 0x68, 0x00, 0x67, 0x00, 0xb0, 0x00, 0x04, 0x00, 0x68,
  0x00, 0x68, 0x00, 0x62, 0x00, 0xb0, 0x00, 0x04, 0x00, 0x68, 0x00, 0x63,
  0x00, 0x67, 0x00, 0xb0, 0x00, 0x04, 0x00, 0x68, 0x00, 0x63, 0x00, 0x62,
  0x00, 0xb0, 0x00, 0x04, 0x00, 0x63, 0x00, 0x68, 0x00, 0x67, 0x00, 0xb0,
  0x00, 0x04, 0x00, 0x63, 0x00, 0x68, 0x00, 0x62, 0x00, 0xb0, 0x00, 0x04,
  0x00, 0x63, 0x00, 0x63, 0x00, 0x67, 0x00, 0xb0, 0x00, 0x04, 0x00, 0x63,
  0x00, 0x63, 0x00, 0x62, 0x00, 0x05, 0x00, 0x28, 0x00, 0x20, 0x00, 0x18,
  0x00, 0x12, 0x00, 0x0c, 0x00, 0xab, 0x00, 0x02, 0x00, 0x67, 0x00, 0x9e,
  0x00, 0x02, 0x00, 0x62, 0x00, 0xac, 0x00, 0x03, 0x00, 0x68, 0x00, 0x67,
  0x00, 0xac, 0x00, 0x03, 0x00, 0x63, 0x00, 0x67, 0x00, 0x9f, 0x00, 0x03,
  0x00, 0x63, 0x00, 0x62, 0x00, 0x07, 0x00, 0x38, 0x00, 0x30, 0x00, 0x28,
  0x00, 0x22, 0x00, 0x1c, 0x00, 0x16, 0x00, 0x10, 0x00, 0xae, 0x00, 0x02,
  0x00, 0xa9, 0x00, 0xa1, 0x00, 0x02, 0x00, 0x9c, 0x00, 0xad, 0x00, 0x02,
  0x00, 0xa8, 0x00, 0xa0, 0x00, 0x02, 0x00, 0x9b, 0x00, 0x9a, 0x00, 0x03,
  0x00, 0x63, 0x00, 0x63, 0x00, 0xa2, 0x00, 0x03, 0x00, 0x63, 0x00, 0x62,
  0x00, 0xa3, 0x00, 0x04, 0x00, 0x63, 0x00, 0x63, 0x00, 0x62, 0x00, 0x01,
  0x00, 0x08, 0x00, 0x61, 0x00, 0x63, 0x00, 0x66, 0x00, 0x68, 0x00, 0x97,
  0x00, 0x98, 0x00, 0xa4, 0x00, 0xa5, 0x00, 0x04, 0x00, 0x00, 0x00, 0x01,
  0x00, 0x08, 0x00, 0x01, 0x00, 0x7e, 0x00, 0x01, 0x00, 0x08, 0x00, 0x02,
  0x00, 0x0c, 0x00, 0x06, 0x00, 0xa4, 0x00, 0x02, 0x00, 0x58, 0x00, 0xa4,
  0x00, 0x02, 0x00, 0x57, 0x00, 0x04, 0x00, 0x00, 0x00, 0x01, 0x00, 0x08,
  0x00, 0x01, 0x00, 0x82, 0x00, 0x01, 0x00, 0x08, 0x00, 0x01, 0x00, 0x04,
  0x00, 0x97, 0x00, 0x02, 0x00, 0x57, 0x00, 0x06, 0x00, 0x00, 0x00, 0x04,
  0x00, 0x50, 0x00, 0x32, 0x00, 0x20, 0x00, 0x0e, 0x00, 0x03, 0x00, 0x00,
  0x00, 0x02, 0x00, 0x3c, 0x00, 0x34, 0x00, 0x00, 0x00, 0x01, 0x00, 0x00,
  0x00, 0x1f, 0x00, 0x03, 0x00, 0x00, 0x00, 0x02, 0x00, 0x50, 0x00, 0x4a,
  0x00, 0x00, 0x00, 0x01, 0x00, 0x00, 0x00, 0x1e, 0x00, 0x03, 0x00, 0x00,
  0x00, 0x02, 0x00, 0x18, 0x00, 0x10, 0x00, 0x01, 0x00, 0x2e, 0x00, 0x00,
  0x00, 0x01, 0x00, 0x02, 0x00, 0x57, 0x00, 0x58, 0x00, 0x01, 0x00, 0x01,
  0x00, 0x66, 0x00, 0x03, 0x00, 0x00, 0x00, 0x02, 0x00, 0x20, 0x00, 0x1a,
  0x00, 0x01, 0x00, 0x10, 0x00, 0x00, 0x00, 0x02, 0x00, 0x01, 0x00, 0x38,
  0x00, 0x41, 0x00, 0x00, 0x00, 0x01, 0x00, 0x01, 0x00, 0x57, 0x00, 0x01,
  0x00, 0x01, 0x00, 0x61, 0x00, 0x04, 0x00, 0x00, 0x00, 0x01, 0x00, 0x08,
  0x00, 0x01, 0x01, 0x2c, 0x00, 0x04, 0x00, 0xc0, 0x00, 0xb0, 0x00, 0x98,
  0x00, 0x0e, 0x00, 0x0c, 0x00, 0x80, 0x00, 0x76, 0x00, 0x6c, 0x00, 0x62,
  0x00, 0x58, 0x00, 0x4e, 0x00, 0x44, 0x00, 0x3a, 0x00, 0x32, 0x00, 0x2a,
  0x00, 0x22, 0x00, 0x1a, 0x00, 0xa5, 0x00, 0x03, 0x00, 0x58, 0x00, 0x58,
  0x00, 0xa5, 0x00, 0x03, 0x00, 0x58, 0x00, 0x57, 0x00, 0xa5, 0x00, 0x03,
  0x00, 0x57, 0x00, 0x58, 0x00, 0xa5, 0x00, 0x03, 0x00, 0x57, 0x00, 0x57,
  0x00, 0xa6, 0x00, 0x04, 0x00, 0x58, 0x00, 0x58, 0x00, 0x58, 0x00, 0xa6,
  0x00, 0x04, 0x00, 0x58, 0x00, 0x58, 0x00, 0x57, 0x00, 0xa6, 0x00, 0x04,
  0x00, 0x58, 0x00, 0x57, 0x00, 0x58, 0x00, 0xa6, 0x00, 0x04, 0x00, 0x58,
  0x00, 0x57, 0x00, 0x57, 0x00, 0xa6, 0x00, 0x04, 0x00, 0x57, 0x00, 0x58,
  0x00, 0x58, 0x00, 0xa6, 0x00, 0x04, 0x00, 0x57, 0x00, 0x58, 0x00, 0x57,
  0x00, 0xa6, 0x00, 0x04, 0x00, 0x57, 0x00, 0x57, 0x00, 0x58, 0x00, 0xa6,
  0x00, 0x04, 0x00, 0x57, 0x00, 0x57, 0x00, 0x57, 0x00, 0x02, 0x00, 0x0e,
  0x00, 0x06, 0x00, 0x98, 0x00, 0x03, 0x00, 0x57, 0x00, 0x57, 0x00, 0x99,
  0x00, 0x04, 0x00, 0x57, 0x00, 0x57, 0x00, 0x57, 0x00, 0x07, 0x00, 0x68,
  0x00, 0x5e, 0x00, 0x54, 0x00, 0x4a, 0x00, 0x3a, 0x00, 0x32, 0x00, 0x26,
  0x00, 0x0a, 0x00, 0x62, 0x00, 0x58, 0x00, 0x4e, 0x00, 0x44, 0x00, 0x3a,
  0x00, 0x32, 0x00, 0x2a, 0x00, 0x22, 0x00, 0x1c, 0x00, 0x16, 0x00, 0xa8,
  0x00, 0x02, 0x00, 0x67, 0x00, 0x9b, 0x00, 0x02, 0x00, 0x62, 0x00, 0xa9,
  0x00, 0x03, 0x00, 0x58, 0x00, 0x67, 0x00, 0xa9, 0x00, 0x03, 0x00, 0x57,
  0x00, 0x67, 0x00, 0x9c, 0x00, 0x03, 0x00, 0x57, 0x00, 0x62, 0x00, 0xaa,
  0x00, 0x04, 0x00, 0x58, 0x00, 0x58, 0x00, 0x67, 0x00, 0xaa, 0x00, 0x04,
  0x00, 0x58, 0x00, 0x57, 0x00, 0x67, 0x00, 0xaa, 0x00, 0x04, 0x00, 0x57,
  0x00, 0x58, 0x00, 0x67, 0x00, 0xaa, 0x00, 0x04, 0x00, 0x57, 0x00, 0x57,
  0x00, 0x67, 0x00, 0x9d, 0x00, 0x04, 0x00, 0x57, 0x00, 0x57, 0x00, 0x62,
  0x00, 0x01, 0x00, 0x04, 0x00, 0x57, 0x00, 0x58, 0x00, 0x61, 0x00, 0x66,
  0x00, 0x01, 0x00, 0x00, 0x00, 0x01, 0x00, 0x08, 0x00, 0x01, 0x00, 0x22,
  0x00, 0x01, 0x00, 0x06, 0x00, 0x00, 0x00, 0x01, 0x00, 0x08, 0x00, 0x03,
  0x00, 0x01, 0x04, 0x3e, 0x00, 0x01, 0x00, 0x14, 0x00, 0x01, 0x01, 0x82,
  0x00, 0x01, 0x00, 0x00, 0x00, 0x1b, 0x00, 0x01, 0x00, 0x01, 0x00, 0x95,
  0x00, 0x06, 0x00, 0x00, 0x00, 0x01, 0x00, 0x08, 0x00, 0x03, 0x00, 0x01,
  0x00, 0x12, 0x00, 0x01, 0x04, 0x1c, 0x00, 0x00, 0x00, 0x01, 0x00, 0x00,
  0x00, 0x19, 0x00, 0x02, 0x00, 0x01, 0x00, 0x71, 0x00, 0x81, 0x00, 0x00,
  0x00, 0x06, 0x00, 0x00, 0x00, 0x01, 0x00, 0x08, 0x00, 0x03, 0x00, 0x00,
  0x00, 0x01, 0x03, 0xf8, 0x00, 0x0a, 0x01, 0x3c, 0x01, 0x3c, 0x01, 0x3c,
  0x01, 0x3c, 0x01, 0x3c, 0x01, 0x3c, 0x01, 0x3c, 0x01, 0x3c, 0x01, 0x3c,
  0x01, 0x8e, 0x00, 0x01, 0x00, 0x00, 0x00, 0x17, 0x00, 0x06, 0x00, 0x00,
  0x00, 0x01, 0x00, 0x08, 0x00, 0x03, 0x00, 0x00, 0x00, 0x01, 0x03, 0xcc,
  0x00, 0x09, 0x01, 0x10, 0x01, 0x10, 0x01, 0x10, 0x01, 0x10, 0x01, 0x10,
  0x01, 0x10, 0x01, 0x10, 0x01, 0x10, 0x01, 0x62, 0x00, 0x01, 0x00, 0x00,
  0x00, 0x15, 0x00, 0x06, 0x00, 0x00, 0x00, 0x01, 0x00, 0x08, 0x00, 0x03,
  0x00, 0x00, 0x00, 0x01, 0x03, 0xa2, 0x00, 0x08, 0x00, 0xe6, 0x00, 0xe6,
  0x00, 0xe6, 0x00, 0xe6, 0x00, 0xe6, 0x00, 0xe6, 0x00, 0xe6, 0x01, 0x38,
  0x00, 0x01, 0x00, 0x00, 0x00, 0x13, 0x00, 0x06, 0x00, 0x00, 0x00, 0x01,
  0x00, 0x08, 0x00, 0x03, 0x00, 0x00, 0x00, 0x01, 0x03, 0x7a, 0x00, 0x07,
  0x00, 0xbe, 0x00, 0xbe, 0x00, 0xbe, 0x00, 0xbe, 0x00, 0xbe, 0x00, 0xbe,
  0x01, 0x10, 0x00, 0x01, 0x00, 0x00, 0x00, 0x11, 0x00, 0x06, 0x00, 0x00,
  0x00, 0x01, 0x00, 0x08, 0x00, 0x03, 0x00, 0x00, 0x00, 0x01, 0x03, 0x54,
  0x00, 0x06, 0x00, 0x98, 0x00, 0x98, 0x00, 0x98, 0x00, 0x98, 0x00, 0x98,
  0x00, 0xea, 0x00, 0x01, 0x00, 0x00, 0x00, 0x0f, 0x00, 0x06, 0x00, 0x00,
  0x00, 0x01, 0x00, 0x08, 0x00, 0x03, 0x00, 0x00, 0x00, 0x01, 0x03, 0x30,
  0x00, 0x05, 0x00, 0x74, 0x00, 0x74, 0x00, 0x74, 0x00, 0x74, 0x00, 0xc6,
  0x00, 0x01, 0x00, 0x00, 0x00, 0x0d, 0x00, 0x06, 0x00, 0x00, 0x00, 0x01,
  0x00, 0x08, 0x00, 0x03, 0x00, 0x00, 0x00, 0x01, 0x03, 0x0e, 0x00, 0x04,
  0x00, 0x52, 0x00, 0x52, 0x00, 0x52, 0x00, 0xa4, 0x00, 0x01, 0x00, 0x00,
  0x00, 0x0b, 0x00, 0x06, 0x00, 0x00, 0x00, 0x01, 0x00, 0x08, 0x00, 0x03,
  0x00, 0x00, 0x00, 0x01, 0x02, 0xee, 0x00, 0x03, 0x00, 0x32, 0x00, 0x32,
  0x00, 0x84, 0x00, 0x01, 0x00, 0x00, 0x00, 0x09, 0x00, 0x06, 0x00, 0x00,
  0x00, 0x01, 0x00, 0x08, 0x00, 0x03, 0x00, 0x00, 0x00, 0x01, 0x02, 0xd0,
  0x00, 0x02, 0x00, 0x14, 0x00, 0x66, 0x00, 0x01, 0x00, 0x00, 0x00, 0x07,
  0x00, 0x02, 0x00, 0x01, 0x00, 0x82, 0x00, 0x91, 0x00, 0x00, 0x00, 0x01,
  0x00, 0x00, 0x00, 0x01, 0x00, 0x08, 0x00, 0x02, 0x02, 0xaa, 0x00, 0x10,
  0x00, 0x82, 0x00, 0x83, 0x00, 0x84, 0x00, 0x85, 0x00, 0x86, 0x00, 0x87,
  0x00, 0x88, 0x00, 0x89, 0x00, 0x8a, 0x00, 0x8b, 0x00, 0x8e, 0x00, 0x8f,
  0x00, 0x91, 0x00, 0x90, 0x00, 0x8d, 0x00, 0x8c, 0x00, 0x06, 0x00, 0x00,
  0x00, 0x01, 0x00, 0x08, 0x00, 0x03, 0x00, 0x00, 0x00, 0x01, 0x02, 0x7c,
  0x00, 0x01, 0x00, 0x12, 0x00, 0x01, 0x00, 0x00, 0x00, 0x05, 0x00, 0x01,
  0x00, 0x01, 0x00, 0x71, 0x00, 0x01, 0x00, 0x00, 0x00, 0x01, 0x00, 0x08,
  0x00, 0x01, 0x02, 0x28, 0x00, 0x1d, 0x00, 0x06, 0x00, 0x00, 0x00, 0x01,
  0x00, 0x08, 0x00, 0x02, 0x02, 0x1a, 0x01, 0xf8, 0x01, 0xf0, 0x01, 0xf8,
  0x00, 0x02, 0x00, 0x00, 0x00, 0x10, 0x00, 0x15, 0x01, 0xc2, 0x01, 0xa4,
  0x01, 0x88, 0x01, 0x6c, 0x01, 0x52, 0x01, 0x38, 0x01, 0x20, 0x01, 0x08,
  0x00, 0xf2, 0x00, 0xdc, 0x00, 0xc8, 0x00, 0xb4, 0x00, 0xa2, 0x00, 0x90,
  0x00, 0x80, 0x00, 0x70, 0x00, 0x62, 0x00, 0x54, 0x00, 0x48, 0x00, 0x3c,
  0x00, 0x2c, 0x00, 0x01, 0x00, 0x01, 0x00, 0x01, 0x00, 0x01, 0x00, 0x01,
  0x00, 0x01, 0x00, 0x00, 0x00, 0x03, 0x00, 0x00, 0x00, 0x01, 0x00, 0x02,
  0x00, 0x01, 0x00, 0x02, 0x00, 0x00, 0x00, 0x02, 0x00, 0x01, 0x00, 0x02,
  0x00, 0x01, 0x00, 0x00, 0x00, 0x00, 0x00, 0x00, 0x00, 0x01, 0x00, 0x03,
  0x00, 0x01, 0x00, 0x01, 0x00, 0x02, 0x00, 0x00, 0x00, 0x03, 0x00, 0x01,
  0x00, 0x01, 0x00, 0x02, 0x00, 0x01, 0x00, 0x00, 0x00, 0x00, 0x00, 0x00,
  0x00, 0x01, 0x00, 0x04, 0x00, 0x01, 0x00, 0x01, 0x00, 0x01, 0x00, 0x02,
  0x00, 0x00, 0x00, 0x04, 0x00, 0x01, 0x00, 0x01, 0x00, 0x01, 0x00, 0x02,
  0x00, 0x01, 0x00, 0x00, 0x00, 0x00, 0x00, 0x00, 0x00, 0x01, 0x00, 0x05,
  0x00, 0x01, 0x00, 0x01, 0x00, 0x01, 0x00, 0x01, 0x00, 0x02, 0x00, 0x00,
  0x00, 0x05, 0x00, 0x01, 0x00, 0x01, 0x00, 0x01, 0x00, 0x01, 0x00, 0x02,
  0x00, 0x01, 0x00, 0x00, 0x00, 0x00, 0x00, 0x00, 0x00, 0x01, 0x00, 0x06,
  0x00, 0x01, 0x00, 0x01, 0x00, 0x01, 0x00, 0x01, 0x00, 0x01, 0x00, 0x02,
  0x00, 0x00, 0x00, 0x06, 0x00, 0x01, 0x00, 0x01, 0x00, 0x01, 0x00, 0x01,
  0x00, 0x01, 0x00, 0x02, 0x00, 0x01, 0x00, 0x00, 0x00, 0x00, 0x00, 0x00,
  0x00, 0x01, 0x00, 0x07, 0x00, 0x01, 0x00, 0x01, 0x00, 0x01, 0x00, 0x01,
  0x00, 0x01, 0x00, 0x01, 0x00, 0x02, 0x00, 0x00, 0x00, 0x07, 0x00, 0x01,
  0x00, 0x01, 0x00, 0x01, 0x00, 0x01, 0x00, 0x01, 0x00, 0x01, 0x00, 0x02,
  0x00, 0x01, 0x00, 0x00, 0x00, 0x00, 0x00, 0x00, 0x00, 0x01, 0x00, 0x08,
  0x00, 0x01, 0x00, 0x01, 0x00, 0x01, 0x00, 0x01, 0x00, 0x01, 0x00, 0x01,
  0x00, 0x01, 0x00, 0x02, 0x00, 0x00, 0x00, 0x08, 0x00, 0x01, 0x00, 0x01,
  0x00, 0x01, 0x00, 0x01, 0x00, 0x01, 0x00, 0x01, 0x00, 0x01, 0x00, 0x02,
  0x00, 0x01, 0x00, 0x00, 0x00, 0x00, 0x00, 0x00, 0x00, 0x01, 0x00, 0x09,
  0x00, 0x01, 0x00, 0x01, 0x00, 0x01, 0x00, 0x01, 0x00, 0x01, 0x00, 0x01,
  0x00, 0x01, 0x00, 0x01, 0x00, 0x02, 0x00, 0x00, 0x00, 0x09, 0x00, 0x01,
  0x00, 0x01, 0x00, 0x01, 0x00, 0x01, 0x00, 0x01, 0x00, 0x01, 0x00, 0x01,
  0x00, 0x01, 0x00, 0x02, 0x00, 0x01, 0x00, 0x00, 0x00, 0x00, 0x00, 0x00,
  0x00, 0x01, 0x00, 0x0a, 0x00, 0x01, 0x00, 0x01, 0x00, 0x01, 0x00, 0x01,
  0x00, 0x01, 0x00, 0x01, 0x00, 0x01, 0x00, 0x01, 0x00, 0x01, 0x00, 0x02,
  0x00, 0x00, 0x00, 0x0a, 0x00, 0x01, 0x00, 0x01, 0x00, 0x01, 0x00, 0x01,
  0x00, 0x01, 0x00, 0x01, 0x00, 0x01, 0x00, 0x01, 0x00, 0x01, 0x00, 0x02,
  0x00, 0x01, 0x00, 0x00, 0x00, 0x00, 0x00, 0x00, 0x00, 0x01, 0x00, 0x0b,
  0x00, 0x01, 0x00, 0x01, 0x00, 0x01, 0x00, 0x01, 0x00, 0x01, 0x00, 0x01,
  0x00, 0x01, 0x00, 0x01, 0x00, 0x01, 0x00, 0x01, 0x00, 0x02, 0x00, 0x00,
  0x00, 0x0b, 0x00, 0x01, 0x00, 0x01, 0x00, 0x01, 0x00, 0x01, 0x00, 0x01,
  0x00, 0x01, 0x00, 0x01, 0x00, 0x01, 0x00, 0x01, 0x00, 0x01, 0x00, 0x02,
  0x00, 0x01, 0x00, 0x00, 0x00, 0x00, 0x00, 0x01, 0x00, 0x54, 0x00, 0x01,
  0x00, 0x01, 0x00, 0x02, 0x00, 0x05, 0x00, 0x38, 0x00, 0x41, 0x00, 0x01,
  0x00, 0x45, 0x00, 0x46, 0x00, 0x01, 0x00, 0x54, 0x00, 0x54, 0x00, 0x02,
  0x00, 0x5c, 0x00, 0x5d, 0x00, 0x01, 0x00, 0x63, 0x00, 0x64, 0x00, 0x01,
  0x00, 0x01, 0x00, 0x01, 0x00, 0x54, 0x00, 0x01, 0x00, 0x00, 0x00, 0x01,
  0x00, 0x08, 0x00, 0x02, 0x00, 0x26, 0x00, 0x10, 0x00, 0x72, 0x00, 0x73,
  0x00, 0x74, 0x00, 0x75, 0x00, 0x76, 0x00, 0x77, 0x00, 0x78, 0x00, 0x79,
  0x00, 0x7a, 0x00, 0x7b, 0x00, 0x7e, 0x00, 0x7f, 0x00, 0x81, 0x00, 0x80,
  0x00, 0x7d, 0x00, 0x7c, 0x00, 0x02, 0x00, 0x04, 0x00, 0x38, 0x00, 0x41,
  0x00, 0x00, 0x00, 0x45, 0x00, 0x46, 0x00, 0x0a, 0x00, 0x5c, 0x00, 0x5d,
  0x00, 0x0c, 0x00, 0x63, 0x00, 0x64, 0x00, 0x0e, 0x00, 0x01, 0x00, 0x00,
  0x00, 0x01, 0x00, 0x08, 0x00, 0x02, 0x00, 0x2a, 0x00, 0x12, 0x00, 0x6f,
  0x00, 0x70, 0x00, 0x82, 0x00, 0x83, 0x00, 0x84, 0x00, 0x85, 0x00, 0x86,
  0x00, 0x87, 0x00, 0x88, 0x00, 0x89, 0x00, 0x8a, 0x00, 0x8b, 0x00, 0x8e,
  0x00, 0x8f, 0x00, 0x91, 0x00, 0x90, 0x00, 0x8d, 0x00, 0x8c, 0x00, 0x01,
  0x00, 0x12, 0x00, 0x23, 0x00, 0x2a, 0x00, 0x38, 0x00, 0x39, 0x00, 0x3a,
  0x00, 0x3b, 0x00, 0x3c, 0x00, 0x3d, 0x00, 0x3e, 0x00, 0x3f, 0x00, 0x40,
  0x00, 0x41, 0x00, 0x45, 0x00, 0x46, 0x00, 0x5c, 0x00, 0x5d, 0x00, 0x63,
  0x00, 0x64, 0x00, 0x00, 0x00, 0x01, 0x00, 0x00, 0x00, 0x0a, 0x00, 0x3c,
  0x00, 0x5e, 0x00, 0x04, 0x44, 0x46, 0x4c, 0x54, 0x00, 0x26, 0x63, 0x79,
  0x72, 0x6c, 0x00, 0x1a, 0x67, 0x72, 0x65, 0x6b, 0x00, 0x1a, 0x6c, 0x61,
  0x74, 0x6e, 0x00, 0x1a, 0x00, 0x04, 0x00, 0x00, 0x00, 0x00, 0xff, 0xff,
  0x00, 0x01, 0x00, 0x00, 0x00, 0x04, 0x00, 0x00, 0x00, 0x00, 0xff, 0xff,
  0x00, 0x01, 0x00, 0x01, 0x00, 0x02, 0x6b, 0x65, 0x72, 0x6e, 0x00, 0x1a,
  0x6b, 0x65, 0x72, 0x6e, 0x00, 0x0e, 0x00, 0x00, 0x00, 0x04, 0x00, 0x01,
  0x00, 0x00, 0x00, 0x01, 0x00, 0x00, 0x00, 0x00, 0x00, 0x02, 0x00, 0x01,
  0x00, 0x00, 0x00, 0x02, 0x0b, 0x4c, 0x00, 0x06, 0x00, 0x02, 0x00, 0x08,
  0x00, 0x02, 0x09, 0xd6, 0x00, 0x0a, 0x00, 0x02, 0x07, 0x90, 0x00, 0x04,
  0x00, 0x00, 0x08, 0xe4, 0x08, 0x0c, 0x00, 0x1e, 0x00, 0x20, 0x00, 0x00,
  0x00, 0x00, 0x00, 0x00, 0x00, 0x00, 0x00, 0x00, 0x00, 0x00, 0x00, 0x00,
  0x00, 0x00, 0x00, 0x00, 0x00, 0x00, 0x00, 0x00, 0x00, 0x00, 0x00, 0x00,
  0x00, 0x00, 0x00, 0x00, 0x00, 0x00, 0x00, 0x00, 0x00, 0x00, 0x00, 0x00,
  0x00, 0x00, 0xff, 0xed, 0x00, 0x00, 0xff, 0x9c, 0x00, 0x00, 0x00, 0x00,
  0x00, 0x00, 0x00, 0x00, 0x00, 0x00, 0xff, 0xce, 0x00, 0x00, 0x00, 0x00,
  0xff, 0xc3, 0x00, 0x00, 0x00, 0x00, 0x00, 0x00, 0x00, 0x00, 0x00, 0x00,
  0x00, 0x00, 0x00, 0x00, 0x00, 0x00, 0x00, 0x00, 0x00, 0x00, 0x00, 0x00,
  0x00, 0x00, 0x00, 0x00, 0x00, 0x00, 0x00, 0x00, 0x00, 0x00, 0x00, 0x00,
  0x00, 0x00, 0x00, 0x00, 0x00, 0x00, 0x00, 0x00, 0x00, 0x00, 0xff, 0x75,
  0x00, 0x00, 0x00, 0x00, 0x00, 0x00, 0x00, 0x00, 0x00, 0x00, 0x00, 0x00,
  0x00, 0x00, 0x00, 0x00, 0x00, 0x00, 0x00, 0x00, 0x00, 0x00, 0x00, 0x00,
  0x00, 0x00, 0x00, 0x00, 0x00, 0x00, 0x00, 0x00, 0x00, 0x00, 0x00, 0x00,
  0x00, 0x00, 0x00, 0x00, 0x00, 0x00, 0x00, 0x00, 0x00, 0x00, 0x00, 0x00,
  0x00, 0x00, 0x00, 0x00, 0x00, 0x00, 0x00, 0x00, 0x00, 0x00, 0x00, 0x00,
  0x00, 0x00, 0xff, 0xaf, 0x00, 0x00, 0x00, 0x00, 0x00, 0x00, 0x00, 0x00,
  0x00, 0x00, 0x00, 0x00, 0x00, 0x00, 0x00, 0x00, 0x00, 0x00, 0x00, 0x00,
  0x00, 0x00, 0x00, 0x00, 0x00, 0x00, 0x00, 0x00, 0x00, 0x00, 0x00, 0x00,
  0x00, 0x00, 0x00, 0x00, 0x00, 0x00, 0x00, 0x0c, 0x00, 0x00, 0x00, 0x00,
  0x00, 0x00, 0x00, 0x00, 0x00, 0x00, 0x00, 0x00, 0x00, 0x00, 0x00, 0x00,
  0x00, 0x00, 0x00, 0x00, 0x00, 0x00, 0x00, 0x00, 0x00, 0x00, 0x00, 0x00,
  0x00, 0x00, 0x00, 0x4c, 0x00, 0x00, 0x00, 0x00, 0x00, 0x00, 0x00, 0x00,
  0x00, 0x00, 0x00, 0x00, 0x00, 0x00, 0x00, 0x00, 0x00, 0x00, 0x00, 0x00,
  0x00, 0x00, 0x00, 0x00, 0x00, 0x00, 0x00, 0x00, 0x00, 0x00, 0x00, 0x00,
  0x00, 0x00, 0x00, 0x00, 0x00, 0x00, 0x00, 0x00, 0x00, 0x00, 0x00, 0x00,
  0x00, 0x00, 0x00, 0x00, 0x00, 0x00, 0x00, 0x00, 0x00, 0x00, 0xff, 0x80,
  0x00, 0x00, 0x00, 0x00, 0x00, 0x00, 0x00, 0x00, 0x00, 0x00, 0x00, 0x00,
  0x00, 0x00, 0x00, 0x00, 0x00, 0x00, 0x00, 0x00, 0x00, 0x00, 0x00, 0x00,
  0x00, 0x00, 0x00, 0x00, 0x00, 0x00, 0xff, 0xa6, 0x00, 0x00, 0xff, 0x4c,
  0x00, 0x00, 0x00, 0x00, 0x00, 0x00, 0xff, 0x4c, 0xff, 0xc9, 0x00, 0x00,
  0x00, 0x00, 0x00, 0x00, 0xff, 0x4c, 0x00, 0x00, 0x00, 0x00, 0xff, 0xcc,
  0x00, 0x00, 0x00, 0x00, 0x00, 0x00, 0xff, 0xce, 0x00, 0x00, 0x00, 0x00,
  0x00, 0x00, 0xff, 0xdb, 0x00, 0x00, 0x00, 0x00, 0x00, 0x00, 0x00, 0x00,
  0xff, 0xbb, 0xff, 0x98, 0x00, 0x00, 0xff, 0xbb, 0x00, 0x00, 0xff, 0xb5,
  0x00, 0x00, 0xff, 0x5e, 0xff, 0x53, 0x00, 0x00, 0x00, 0x00, 0xff, 0x80,
  0x00, 0x00, 0x00, 0x00, 0x00, 0x00, 0x00, 0x00, 0xff, 0xb0, 0x00, 0x00,
  0x00, 0x00, 0x00, 0x00, 0x00, 0x00, 0xff, 0x6d, 0xff, 0xf6, 0x00, 0x00,
  0x00, 0x00, 0xff, 0x46, 0xff, 0xf1, 0x00, 0x00, 0x00, 0x00, 0x00, 0x23,
  0x00, 0x00, 0x00, 0x00, 0x00, 0x00, 0x00, 0x00, 0x00, 0x00, 0x00, 0x00,
  0x00, 0x00, 0x00, 0x00, 0x00, 0x00, 0x00, 0x00, 0x00, 0x00, 0x00, 0x00,
  0x00, 0x00, 0x00, 0x00, 0x00, 0x00, 0x00, 0x00, 0x00, 0x00, 0x00, 0x00,
  0x00, 0x00, 0x00, 0x00, 0x00, 0x00, 0x00, 0x00, 0x00, 0x00, 0x00, 0x00,
  0x00, 0x00, 0x00, 0x00, 0x00, 0x00, 0x00, 0x00, 0x00, 0x00, 0x00, 0x00,
  0x00, 0x00, 0x00, 0x00, 0x00, 0x00, 0x00, 0x00, 0x00, 0x00, 0x00, 0x00,
  0x00, 0x00, 0x00, 0x00, 0x00, 0x00, 0x00, 0x00, 0xff, 0xa6, 0x00, 0x00,
  0x00, 0x00, 0x00, 0x00, 0x00, 0x00, 0x00, 0x00, 0x00, 0x00, 0x00, 0x00,
  0x00, 0x00, 0x00, 0x00, 0x00, 0x00, 0x00, 0x00, 0x00, 0x00, 0x00, 0x00,
  0x00, 0x00, 0xff, 0xb7, 0x00, 0x00, 0x00, 0x00, 0x00, 0x00, 0x00, 0x00,
  0x00, 0x00, 0x00, 0x00, 0x00, 0x00, 0xff, 0xaf, 0x00, 0x00, 0x00, 0x00,
  0x00, 0x00, 0x00, 0x00, 0x00, 0x00, 0x00, 0x00, 0x00, 0x00, 0x00, 0x00,
  0xff, 0x53, 0x00, 0x00, 0x00, 0x00, 0x00, 0x00, 0x00, 0x00, 0x00, 0x00,
  0x00, 0x00, 0x00, 0x00, 0xff, 0x80, 0x00, 0x00, 0x00, 0x00, 0x00, 0x00,
  0x00, 0x00, 0x00, 0x00, 0x00, 0x00, 0x00, 0x00, 0x00, 0x00, 0x00, 0x00,
  0x00, 0x00, 0x00, 0x00, 0x00, 0x00, 0x00, 0x00, 0x00, 0x00, 0x00, 0x00,
  0x00, 0x00, 0x00, 0x00, 0x00, 0x00, 0x00, 0x00, 0x00, 0x00, 0x00, 0x00,
  0x00, 0x00, 0xff, 0xe5, 0xfe, 0xe9, 0x00, 0x00, 0x00, 0x00, 0x00, 0x00,
  0x00, 0x00, 0x00, 0x00, 0x00, 0x00, 0x00, 0x00, 0xff, 0xa3, 0x00, 0x00,
  0x00, 0x00, 0x00, 0x00, 0x00, 0x00, 0x00, 0x00, 0x00, 0x00, 0x00, 0x00,
  0x00, 0x00, 0x00, 0x00, 0x00, 0x00, 0x00, 0x00, 0x00, 0x00, 0x00, 0x00,
  0x00, 0x00, 0x00, 0x00, 0x00, 0x00, 0x00, 0x00, 0x00, 0x00, 0x00, 0x00,
  0x00, 0x0c, 0x00, 0x00, 0x00, 0x00, 0x00, 0x00, 0x00, 0x00, 0x00, 0x00,
  0x00, 0x00, 0x00, 0x00, 0x00, 0x00, 0x00, 0x00, 0x00, 0x00, 0x00, 0x00,
  0x00, 0x00, 0x00, 0x00, 0x00, 0x00, 0x00, 0x00, 0x00, 0x00, 0x00, 0x00,
  0x00, 0x00, 0x00, 0x00, 0x00, 0x00, 0x00, 0x00, 0x00, 0x00, 0x00, 0x00,
  0x00, 0x00, 0x00, 0x00, 0x00, 0x00, 0x00, 0x00, 0x00, 0x00, 0x00, 0x00,
  0x00, 0x00, 0x00, 0x00, 0x00, 0x00, 0x00, 0x00, 0x00, 0x00, 0x00, 0x00,
  0x00, 0x00, 0x00, 0x00, 0x00, 0x00, 0x00, 0x00, 0x00, 0x00, 0x00, 0x00,
  0x00, 0x00, 0x00, 0x00, 0x00, 0x00, 0x00, 0x00, 0x00, 0x00, 0x00, 0x00,
  0x00, 0x00, 0x00, 0x00, 0x00, 0x00, 0x00, 0x00, 0x00, 0x00, 0x00, 0x00,
  0x00, 0x00, 0x00, 0x00, 0x00, 0x00, 0x00, 0x00, 0x00, 0x00, 0x00, 0x00,
  0x00, 0x00, 0x00, 0x00, 0x00, 0x00, 0x00, 0x00, 0x00, 0x00, 0x00, 0x00,
  0x00, 0x00, 0x00, 0x00, 0x00, 0x00, 0x00, 0x00, 0x00, 0x00, 0x00, 0x00,
  0x00, 0x00, 0x00, 0x00, 0x00, 0x00, 0xff, 0xde, 0x00, 0x00, 0x00, 0x00,
  0x00, 0x00, 0xff, 0xb8, 0x00, 0x00, 0x00, 0x00, 0x00, 0x00, 0x00, 0x00,
  0x00, 0x00, 0x00, 0x00, 0x00, 0x00, 0x00, 0x00, 0x00, 0x00, 0x00, 0x00,
  0xff, 0xf7, 0x00, 0x00, 0x00, 0x00, 0x00, 0x00, 0x00, 0x00, 0x00, 0x00,
  0x00, 0x00, 0x00, 0x00, 0x00, 0x00, 0x00, 0x00, 0x00, 0x00, 0x00, 0x00,
  0x00, 0x00, 0x00, 0x00, 0x00, 0x00, 0x00, 0x00, 0x00, 0x00, 0x00, 0x00,
  0x00, 0x00, 0x00, 0x00, 0x00, 0x00, 0x00, 0x00, 0xff, 0xb8, 0x00, 0x00,
  0x00, 0x00, 0x00, 0x00, 0x00, 0x00, 0x00, 0x00, 0x00, 0x00, 0x00, 0x00,
  0x00, 0x00, 0x00, 0x00, 0x00, 0x00, 0x00, 0x00, 0x00, 0x00, 0x00, 0x00,
  0x00, 0x00, 0x00, 0x00, 0x00, 0x00, 0x00, 0x00, 0x00, 0x00, 0x00, 0x00,
  0xff, 0xd3, 0x00, 0x00, 0xff, 0xe7, 0x00, 0x00, 0x00, 0x00, 0x00, 0x00,
  0x00, 0x00, 0x00, 0x00, 0x00, 0x00, 0x00, 0x00, 0x00, 0x00, 0x00, 0x00,
  0x00, 0x00, 0x00, 0x00, 0x00, 0x00, 0x00, 0x00, 0x00, 0x00, 0x00, 0x00,
  0x00, 0x00, 0x00, 0x00, 0x00, 0x00, 0x00, 0x00, 0x00, 0x00, 0x00, 0x00,
  0x00, 0x00, 0x00, 0x00, 0x00, 0x00, 0x00, 0x00, 0x00, 0x00, 0x00, 0x00,
  0x00, 0x00, 0x00, 0x00, 0x00, 0x00, 0x00, 0x00, 0x00, 0x00, 0x00, 0x00,
  0x00, 0x00, 0x00, 0x00, 0x00, 0x00, 0x00, 0x00, 0x00, 0x00, 0x00, 0x00,
  0x00, 0x00, 0x00, 0x00, 0x00, 0x00, 0x00, 0x00, 0x00, 0x00, 0x00, 0x00,
  0x00, 0x00, 0x00, 0x00, 0x00, 0x00, 0x00, 0x00, 0x00, 0x00, 0x00, 0x00,
  0x00, 0x00, 0x00, 0x00, 0x00, 0x00, 0x00, 0x00, 0x00, 0x00, 0x00, 0x00,
  0x00, 0x00, 0x00, 0x00, 0x00, 0x00, 0x00, 0x00, 0xff, 0xc9, 0x00, 0x00,
  0x00, 0x00, 0x00, 0x00, 0x00, 0x00, 0x00, 0x00, 0x00, 0x00, 0x00, 0x00,
  0x00, 0x00, 0x00, 0x00, 0x00, 0x00, 0x00, 0x00, 0x00, 0x00, 0x00, 0x00,
  0x00, 0x00, 0xff, 0xe1, 0x00, 0x00, 0x00, 0x00, 0x00, 0x00, 0x00, 0x00,
  0x00, 0x00, 0xff, 0xd8, 0x00, 0x00, 0x00, 0x00, 0x00, 0x00, 0x00, 0x00,
  0x00, 0x00, 0x00, 0x00, 0x00, 0x00, 0x00, 0x00, 0x00, 0x00, 0x00, 0x00,
  0x00, 0x00, 0x00, 0x00, 0x00, 0x00, 0x00, 0x00, 0xff, 0xde, 0x00, 0x00,
  0x00, 0x00, 0x00, 0x00, 0x00, 0x00, 0x00, 0x00, 0x00, 0x00, 0x00, 0x00,
  0x00, 0x00, 0x00, 0x00, 0x00, 0x00, 0x00, 0x00, 0x00, 0x00, 0x00, 0x00,
  0x00, 0x00, 0x00, 0x00, 0x00, 0x00, 0x00, 0x00, 0xff, 0xea, 0x00, 0x00,
  0x00, 0x00, 0x00, 0x00, 0x00, 0x00, 0x00, 0x00, 0x00, 0x00, 0x00, 0x00,
  0x00, 0x00, 0x00, 0x00, 0xff, 0xbb, 0x00, 0x00, 0xff, 0xcd, 0x00, 0x00,
  0x00, 0x00, 0x00, 0x00, 0x00, 0x00, 0x00, 0x00, 0x00, 0x00, 0x00, 0x00,
  0xff, 0xcb, 0x00, 0x00, 0x00, 0x00, 0x00, 0x00, 0x00, 0x00, 0x00, 0x00,
  0x00, 0x00, 0x00, 0x00, 0x00, 0x00, 0x00, 0x00, 0x00, 0x00, 0x00, 0x00,
  0x00, 0x00, 0x00, 0x00, 0x00, 0x00, 0x00, 0x00, 0x00, 0x00, 0x00, 0x00,
  0x00, 0x00, 0x00, 0x00, 0x00, 0x00, 0x00, 0x00, 0x00, 0x00, 0x00, 0x00,
  0x00, 0x00, 0x00, 0x00, 0x00, 0x00, 0x00, 0x00, 0x00, 0x00, 0x00, 0x00,
  0x00, 0x00, 0x00, 0x00, 0x00, 0x00, 0xff, 0xf5, 0x00, 0x00, 0x00, 0x00,
  0x00, 0x00, 0x00, 0x00, 0x00, 0x00, 0x00, 0x00, 0x00, 0x00, 0x00, 0x00,
  0x00, 0x00, 0x00, 0x00, 0x00, 0x00, 0x00, 0x00, 0x00, 0x00, 0x00, 0x00,
  0x00, 0x00, 0x00, 0x00, 0x00, 0x00, 0x00, 0x00, 0x00, 0x00, 0x00, 0x00,
  0x00, 0x00, 0x00, 0x00, 0x00, 0x00, 0x00, 0x00, 0x00, 0x00, 0x00, 0x00,
  0x00, 0x00, 0x00, 0x00, 0x00, 0x00, 0x00, 0x00, 0x00, 0x00, 0x00, 0x00,
  0x00, 0x00, 0x00, 0x00, 0x00, 0x00, 0x00, 0x00, 0x00, 0x00, 0x00, 0x00,
  0x00, 0x00, 0x00, 0x00, 0x00, 0x34, 0x00, 0x00, 0x00, 0x00, 0x00, 0x00,
  0x00, 0x00, 0x00, 0x00, 0x00, 0x00, 0x00, 0x00, 0x00, 0x00, 0x00, 0x00,
  0x00, 0x00, 0x00, 0x00, 0x00, 0x00, 0x00, 0x00, 0x00, 0x00, 0x00, 0x00,
  0x00, 0x00, 0x00, 0x00, 0x00, 0x00, 0x00, 0x00, 0x00, 0x00, 0x00, 0x00,
  0x00, 0x00, 0x00, 0x00, 0x00, 0x00, 0x00, 0x00, 0x00, 0x00, 0x00, 0x00,
  0x00, 0x00, 0x00, 0x00, 0x00, 0x00, 0x00, 0x00, 0x00, 0x00, 0x00, 0x00,
  0x00, 0x00, 0x00, 0x00, 0x00, 0x00, 0x00, 0x00, 0x00, 0x00, 0x00, 0x00,
  0x00, 0x11, 0x00, 0x00, 0x00, 0x00, 0x00, 0x00, 0xff, 0x23, 0x00, 0x00,
  0x00, 0x00, 0x00, 0x00, 0x00, 0x00, 0x00, 0x00, 0x00, 0x00, 0x00, 0x00,
  0xff, 0x8c, 0x00, 0x00, 0x00, 0x00, 0x00, 0x00, 0x00, 0x00, 0x00, 0x00,
  0x00, 0x00, 0x00, 0x00, 0x00, 0x00, 0x00, 0x00, 0x00, 0x00, 0x00, 0x00,
  0x00, 0x00, 0x00, 0x00, 0x00, 0x00, 0x00, 0x00, 0x00, 0x00, 0x00, 0x00,
  0x00, 0x00, 0x00, 0x00, 0x00, 0x00, 0x00, 0x00, 0x00, 0x00, 0x00, 0x00,
  0x00, 0x00, 0x00, 0x00, 0x00, 0x00, 0x00, 0x00, 0x00, 0x00, 0x00, 0x00,
  0x00, 0x00, 0x00, 0x00, 0x00, 0x00, 0xff, 0x78, 0x00, 0x00, 0x00, 0x00,
  0x00, 0x00, 0x00, 0x00, 0x00, 0x05, 0x00, 0x00, 0x00, 0x00, 0x00, 0x00,
  0x00, 0x00, 0x00, 0x00, 0x00, 0x00, 0x00, 0x00, 0x00, 0x6e, 0x00, 0x00,
  0x00, 0x00, 0x00, 0x00, 0x00, 0x00, 0x00, 0x00, 0x00, 0x00, 0x00, 0x00,
  0xff, 0xbb, 0x00, 0x00, 0xff, 0x00, 0x00, 0x00, 0x00, 0x00, 0x00, 0x00,
  0x00, 0x00, 0x00, 0x00, 0xff, 0xe0, 0x00, 0x00, 0xff, 0x89, 0x00, 0x00,
  0x00, 0x00, 0x00, 0x00, 0x00, 0x00, 0xff, 0xde, 0x00, 0x00, 0x00, 0x00,
  0x00, 0x00, 0xff, 0xe3, 0x00, 0x00, 0x00, 0x00, 0x00, 0x00, 0x00, 0x28,
  0x00, 0x00, 0x00, 0x00, 0x00, 0x00, 0x00, 0x00, 0x00, 0x00, 0x00, 0x00,
  0x00, 0x00, 0x00, 0x00, 0x00, 0x00, 0x00, 0x00, 0x00, 0x00, 0x00, 0x00,
  0x00, 0x00, 0x00, 0x00, 0xff, 0xac, 0x00, 0x00, 0x00, 0x00, 0xff, 0xee,
  0x00, 0x00, 0xff, 0xbf, 0x00, 0x00, 0x00, 0x00, 0x00, 0x00, 0x00, 0x00,
  0xff, 0xed, 0x00, 0x00, 0x00, 0x00, 0x00, 0x00, 0xff, 0xf0, 0x00, 0x00,
  0x00, 0x00, 0x00, 0x00, 0x00, 0x16, 0x00, 0x00, 0x00, 0x00, 0x00, 0x00,
  0x00, 0x00, 0x00, 0x00, 0x00, 0x00, 0x00, 0x00, 0x00, 0x00, 0x00, 0x00,
  0xff, 0xaf, 0x00, 0x00, 0x00, 0x00, 0x00, 0x00, 0x00, 0x00, 0x00, 0x00,
  0x00, 0x00, 0x00, 0x00, 0x00, 0x00, 0x00, 0x00, 0x00, 0x00, 0x00, 0x00,
  0x00, 0x00, 0x00, 0x00, 0x00, 0x00, 0x00, 0x05, 0x00, 0x00, 0x00, 0x00,
  0x00, 0x00, 0x00, 0x00, 0x00, 0x00, 0x00, 0x00, 0x00, 0x00, 0x00, 0x00,
  0x00, 0x00, 0x00, 0x00, 0x00, 0x00, 0x00, 0x00, 0x00, 0x00, 0x00, 0x00,
  0x00, 0x00, 0x00, 0x00, 0x00, 0x00, 0x00, 0x00, 0x00, 0x00, 0x00, 0x00,
  0x00, 0x00, 0x00, 0x00, 0x00, 0x00, 0x00, 0x00, 0xff, 0xe0, 0x00, 0x00,
  0x00, 0x00, 0x00, 0x00, 0x00, 0x00, 0x00, 0x00, 0x00, 0x00, 0x00, 0x00,
  0x00, 0x00, 0x00, 0x00, 0x00, 0x00, 0x00, 0x00, 0x00, 0x00, 0x00, 0x00,
  0x00, 0x00, 0x00, 0x00, 0x00, 0x00, 0x00, 0x00, 0x00, 0x00, 0x00, 0x00,
  0x00, 0x00, 0x00, 0x00, 0x00, 0x00, 0x00, 0x00, 0x00, 0x00, 0x00, 0x00,
  0x00, 0x00, 0x00, 0x00, 0x00, 0x00, 0x00, 0x00, 0x00, 0x00, 0x00, 0x00,
  0x00, 0x00, 0xff, 0xee, 0x00, 0x00, 0x00, 0x00, 0x00, 0x00, 0x00, 0x00,
  0x00, 0x00, 0x00, 0x00, 0x00, 0x00, 0x00, 0x00, 0x00, 0x00, 0x00, 0x00,
  0x00, 0x00, 0x00, 0x00, 0x00, 0x00, 0x00, 0x00, 0x00, 0x00, 0x00, 0x01,
  0x00, 0x3c, 0x00, 0x37, 0x00, 0x38, 0x00, 0x39, 0x00, 0x3a, 0x00, 0x3b,
  0x00, 0x3c, 0x00, 0x3f, 0x00, 0x40, 0x00, 0x41, 0x00, 0x44, 0x00, 0x45,
  0x00, 0x46, 0x00, 0x47, 0x00, 0x48, 0x00, 0x49, 0x00, 0x4a, 0x00, 0x4b,
  0x00, 0x4c, 0x00, 0x4e, 0x00, 0x50, 0x00, 0x54, 0x00, 0x55, 0x00, 0x56,
  0x00, 0x57, 0x00, 0x58, 0x00, 0x5a, 0x00, 0x5b, 0x00, 0x5c, 0x00, 0x5d,
  0x00, 0x5e, 0x00, 0x60, 0x00, 0x63, 0x00, 0x64, 0x00, 0x65, 0x00, 0x68,
  0x00, 0x69, 0x00, 0x6a, 0x00, 0x6c, 0x00, 0x6d, 0x00, 0x6e, 0x00, 0x71,
  0x00, 0x72, 0x00, 0x74, 0x00, 0x76, 0x00, 0x79, 0x00, 0x7b, 0x00, 0x80,
  0x00, 0x81, 0x00, 0x83, 0x00, 0x8a, 0x00, 0x90, 0x00, 0x91, 0x00, 0x97,
  0x00, 0x98, 0x00, 0x99, 0x00, 0x9a, 0x00, 0xa4, 0x00, 0xa5, 0x00, 0xa6,
  0x00, 0xa7, 0x00, 0x01, 0x00, 0x37, 0x00, 0x69, 0x00, 0x17, 0x00, 0x0d,
  0x00, 0x11, 0x00, 0x1f, 0x00, 0x14, 0x00, 0x0f, 0x00, 0x00, 0x00, 0x0d,
  0x00, 0x1c, 0x00, 0x18, 0x00, 0x00, 0x00, 0x00, 0x00, 0x00, 0x00, 0x0c,
  0x00, 0x00, 0x00, 0x0a, 0x00, 0x00, 0x00, 0x0a, 0x00, 0x00, 0x00, 0x0a,
  0x00, 0x06, 0x00, 0x00, 0x00, 0x00, 0x00, 0x00, 0x00, 0x00, 0x00, 0x00,
  0x00, 0x00, 0x00, 0x00, 0x00, 0x00, 0x00, 0x1e, 0x00, 0x03, 0x00, 0x16,
  0x00, 0x01, 0x00, 0x01, 0x00, 0x00, 0x00, 0x08, 0x00, 0x08, 0x00, 0x07,
  0x00, 0x07, 0x00, 0x05, 0x00, 0x05, 0x00, 0x05, 0x00, 0x00, 0x00, 0x00,
  0x00, 0x02, 0x00, 0x01, 0x00, 0x01, 0x00, 0x00, 0x00, 0x00, 0x00, 0x02,
  0x00, 0x01, 0x00, 0x01, 0x00, 0x00, 0x00, 0x09, 0x00, 0x09, 0x00, 0x04,
  0x00, 0x00, 0x00, 0x00, 0x00, 0x1b, 0x00, 0x0e, 0x00, 0x12, 0x00, 0x00,
  0x00, 0x15, 0x00, 0x10, 0x00, 0x00, 0x00, 0x0e, 0x00, 0x1d, 0x00, 0x19,
  0x00, 0x00, 0x00, 0x00, 0x00, 0x00, 0x00, 0x00, 0x00, 0x00, 0x00, 0x0b,
  0x00, 0x0b, 0x00, 0x00, 0x00, 0x13, 0x00, 0x00, 0x00, 0x00, 0x00, 0x00,
  0x00, 0x00, 0x00, 0x00, 0x00, 0x00, 0x00, 0x1a, 0x00, 0x00, 0x00, 0x00,
  0x00, 0x00, 0x00, 0x00, 0x00, 0x00, 0x00, 0x00, 0x00, 0x00, 0x00, 0x00,
  0x00, 0x00, 0x00, 0x00, 0x00, 0x00, 0x00, 0x00, 0x00, 0x00, 0x00, 0x00,
  0x00, 0x00, 0x00, 0x00, 0x00, 0x01, 0x00, 0x01, 0x00, 0x01, 0x00, 0x02,
  0x00, 0x02, 0x00, 0x01, 0x00, 0x37, 0x00, 0x71, 0x00, 0x16, 0x00, 0x11,
  0x00, 0x03, 0x00, 0x1c, 0x00, 0x0f, 0x00, 0x13, 0x00, 0x00, 0x00, 0x00,
  0x00, 0x19, 0x00, 0x0f, 0x00, 0x11, 0x00, 0x00, 0x00, 0x00, 0x00, 0x10,
  0x00, 0x0b, 0x00, 0x0c, 0x00, 0x0b, 0x00, 0x0c, 0x00, 0x0b, 0x00, 0x0c,
  0x00, 0x08, 0x00, 0x07, 0x00, 0x00, 0x00, 0x07, 0x00, 0x00, 0x00, 0x07,
  0x00, 0x00, 0x00, 0x00, 0x00, 0x00, 0x00, 0x1b, 0x00, 0x03, 0x00, 0x06,
  0x00, 0x00, 0x00, 0x00, 0x00, 0x00, 0x00, 0x09, 0x00, 0x09, 0x00, 0x05,
  0x00, 0x05, 0x00, 0x04, 0x00, 0x00, 0x00, 0x04, 0x00, 0x00, 0x00, 0x00,
  0x00, 0x01, 0x00, 0x00, 0x00, 0x00, 0x00, 0x00, 0x00, 0x00, 0x00, 0x01,
  0x00, 0x00, 0x00, 0x00, 0x00, 0x00, 0x00, 0x0a, 0x00, 0x0a, 0x00, 0x02,
  0x00, 0x00, 0x00, 0x00, 0x00, 0x18, 0x00, 0x12, 0x00, 0x00, 0x00, 0x1d,
  0x00, 0x00, 0x00, 0x14, 0x00, 0x00, 0x00, 0x00, 0x00, 0x1a, 0x00, 0x00,
  0x00, 0x12, 0x00, 0x00, 0x00, 0x00, 0x00, 0x00, 0x00, 0x00, 0x00, 0x0d,
  0x00, 0x0d, 0x00, 0x00, 0x00, 0x15, 0x00, 0x00, 0x00, 0x00, 0x00, 0x00,
  0x00, 0x00, 0x00, 0x00, 0x00, 0x00, 0x00, 0x17, 0x00, 0x00, 0x00, 0x00,
  0x00, 0x00, 0x00, 0x00, 0x00, 0x00, 0x00, 0x0e, 0x00, 0x0e, 0x00, 0x00,
  0x00, 0x00, 0x00, 0x00, 0x00, 0x00, 0x00, 0x00, 0x00, 0x00, 0x00, 0x00,
  0x00, 0x00, 0x00, 0x01, 0x00, 0x00, 0x00, 0x00, 0x00, 0x00, 0x00, 0x00,
  0x00, 0x00, 0x00, 0x00, 0x00, 0x00, 0x00, 0x00, 0x00, 0x00, 0x00, 0x00,
  0x00, 0x00, 0x00, 0x00, 0x00, 0x01, 0x00, 0x01, 0x00, 0x3e, 0x00, 0x04,
  0x00, 0x00, 0x00, 0x1a, 0x01, 0x6a, 0x1c, 0xa2, 0x01, 0x58, 0x01, 0x4a,
  0x01, 0x30, 0x01, 0x6a, 0x01, 0x1e, 0x1c, 0xb2, 0x1c, 0xa2, 0x01, 0x14,
  0x1c, 0x00, 0x1c, 0x00, 0x01, 0x02, 0x01, 0x02, 0x00, 0xf8, 0x00, 0xc2,
  0x00, 0xb8, 0x00, 0xb8, 0x00, 0xb2, 0x00, 0xa8, 0x00, 0x9e, 0x00, 0x98,
  0x00, 0x92, 0x00, 0x80, 0x00, 0x76, 0x00, 0x76, 0x00, 0x01, 0x00, 0x1a,
  0x00, 0x38, 0x00, 0x39, 0x00, 0x3d, 0x00, 0x3e, 0x00, 0x3f, 0x00, 0x41,
  0x00, 0x42, 0x00, 0x4b, 0x00, 0x55, 0x00, 0x56, 0x00, 0x5a, 0x00, 0x5b,
  0x00, 0x5c, 0x00, 0x5d, 0x00, 0x62, 0x00, 0x6b, 0x00, 0x6c, 0x00, 0x6d,
  0x00, 0x71, 0x00, 0x79, 0x00, 0x82, 0x00, 0x84, 0x00, 0x85, 0x00, 0x89,
  0x00, 0x90, 0x00, 0x91, 0x00, 0x02, 0x00, 0x82, 0xff, 0xde, 0x00, 0x89,
  0xff, 0xf7, 0x00, 0x04, 0x00, 0x71, 0xff, 0x43, 0x00, 0x86, 0xff, 0xbf,
  0x00, 0x90, 0xff, 0xac, 0x00, 0x91, 0xff, 0xac, 0x00, 0x01, 0x00, 0x71,
  0xff, 0xe3, 0x00, 0x01, 0x00, 0x71, 0x00, 0x27, 0x00, 0x02, 0x00, 0x90,
  0xff, 0xde, 0x00, 0x91, 0xff, 0xde, 0x00, 0x02, 0x00, 0x77, 0xff, 0xf5,
  0x00, 0x7b, 0xff, 0xf5, 0x00, 0x01, 0x00, 0x77, 0x00, 0x12, 0x00, 0x02,
  0x00, 0x42, 0xff, 0xbb, 0x00, 0x6b, 0xff, 0x75, 0x00, 0x0d, 0x00, 0x38,
  0xff, 0xa3, 0x00, 0x39, 0xff, 0x23, 0x00, 0x3b, 0xff, 0xa3, 0x00, 0x3c,
  0xff, 0x8c, 0x00, 0x3d, 0xff, 0xa3, 0x00, 0x3e, 0xff, 0xa3, 0x00, 0x40,
  0xff, 0xa3, 0x00, 0x41, 0xff, 0xa3, 0x00, 0x4b, 0xff, 0xaf, 0x00, 0x55,
  0x00, 0x45, 0x00, 0x56, 0xff, 0x5e, 0x00, 0x6c, 0xff, 0x75, 0x00, 0x6d,
  0xff, 0x75, 0x00, 0x02, 0x00, 0x3f, 0xff, 0x69, 0x00, 0x56, 0xff, 0x69,
  0x00, 0x04, 0x00, 0x3d, 0xff, 0xe8, 0x00, 0x41, 0xff, 0xee, 0x00, 0x43,
  0xff, 0xf8, 0x00, 0x95, 0xff, 0xeb, 0x00, 0x02, 0x00, 0x56, 0xff, 0x9c,
  0x00, 0x61, 0xff, 0xe6, 0x00, 0x04, 0x00, 0x56, 0xff, 0x80, 0x00, 0x5a,
  0xff, 0xbb, 0x00, 0x5b, 0xff, 0xbb, 0x00, 0x8a, 0xff, 0xa3, 0x00, 0x06,
  0x00, 0x3d, 0xff, 0xec, 0x00, 0x41, 0xff, 0xec, 0x00, 0x42, 0xff, 0xa3,
  0x00, 0x53, 0xff, 0x8c, 0x00, 0x61, 0xff, 0x46, 0x00, 0x6b, 0xfe, 0xbb,
  0x00, 0x03, 0x00, 0x5c, 0xff, 0xbe, 0x00, 0x5d, 0xff, 0xbe, 0x00, 0x6b,
  0xff, 0xa3, 0x00, 0x04, 0x00, 0x5c, 0xff, 0xcc, 0x00, 0x5d, 0xff, 0xcc,
  0x00, 0x6c, 0xff, 0xfc, 0x00, 0x6d, 0xff, 0xfc, 0x00, 0x01, 0x00, 0x6b,
  0xff, 0xa3, 0x00, 0x09, 0x00, 0x08, 0x00, 0x02, 0x19, 0x08, 0x00, 0x0a,
  0x00, 0x01, 0x00, 0x02, 0x00, 0x00, 0x00, 0x08, 0x00, 0x02, 0x15, 0xfa,
  0x00, 0x04, 0x00, 0x00, 0x17, 0xa2, 0x16, 0x5e, 0x00, 0x37, 0x00, 0x33,
  0x00, 0x00, 0x00, 0x00, 0x00, 0x00, 0x00, 0x00, 0x00, 0x00, 0x00, 0x00,
  0x00, 0x1e, 0x00, 0x00, 0x00, 0x00, 0x00, 0x00, 0x00, 0x0e, 0x00, 0x00,
  0x00, 0x00, 0x00, 0x00, 0x00, 0x00, 0x00, 0x00, 0x00, 0x00, 0x00, 0x00,
  0x00, 0x00, 0x00, 0x00, 0x00, 0x00, 0x00, 0x00, 0x00, 0x00, 0x00, 0x00,
  0x00, 0x00, 0x00, 0x00, 0x00, 0x00, 0x00, 0x00, 0x00, 0x00, 0x00, 0x00,
  0x00, 0x00, 0x00, 0x00, 0x00, 0x00, 0x00, 0x00, 0x00, 0x00, 0x00, 0x00,
  0x00, 0x00, 0x00, 0x00, 0x00, 0x0c, 0x00, 0x00, 0x00, 0x00, 0x00, 0x00,
  0x00, 0x00, 0x00, 0x00, 0x00, 0x00, 0x00, 0x00, 0x00, 0x00, 0x00, 0x4c,
  0x00, 0x00, 0x00, 0x00, 0x00, 0x00, 0x00, 0x00, 0x00, 0x00, 0x00, 0x00,
  0x00, 0x00, 0x00, 0x00, 0xff, 0xbb, 0x00, 0x00, 0x00, 0x14, 0x00, 0x00,
  0x00, 0x00, 0xff, 0xd9, 0x00, 0x00, 0xff, 0x3f, 0xff, 0x60, 0x00, 0x00,
  0x00, 0x00, 0x00, 0x00, 0x00, 0x00, 0xff, 0xc6, 0x00, 0x00, 0x00, 0x00,
  0x00, 0x00, 0xff, 0xde, 0x00, 0x00, 0xff, 0x91, 0xff, 0xd4, 0x00, 0x00,
  0xff, 0xde, 0xff, 0x99, 0x00, 0x00, 0x00, 0x00, 0x00, 0x00, 0x00, 0x00,
  0x00, 0x00, 0xff, 0xde, 0xff, 0xbb, 0x00, 0x00, 0x00, 0x00, 0xff, 0xe8,
  0x00, 0x00, 0x00, 0x00, 0x00, 0x00, 0xff, 0xbb, 0x00, 0x00, 0xff, 0x91,
  0x00, 0x00, 0x00, 0x00, 0x00, 0x00, 0x00, 0x00, 0x00, 0x00, 0x00, 0x00,
  0x00, 0x00, 0x00, 0x00, 0x00, 0x00, 0x00, 0x00, 0x00, 0x00, 0x00, 0x00,
  0x00, 0x00, 0x00, 0x00, 0x00, 0x00, 0x00, 0x00, 0xff, 0xe0, 0x00, 0x00,
  0xff, 0x59, 0xff, 0x72, 0x00, 0x00, 0x00, 0x00, 0x00, 0x00, 0x00, 0x00,
  0x00, 0x00, 0x00, 0x00, 0x00, 0x00, 0x00, 0x00, 0x00, 0x00, 0x00, 0x00,
  0xff, 0x98, 0x00, 0x00, 0x00, 0x00, 0x00, 0x00, 0xff, 0x98, 0x00, 0x00,
  0x00, 0x00, 0x00, 0x00, 0x00, 0x00, 0x00, 0x00, 0xff, 0xf2, 0x00, 0x00,
  0x00, 0x00, 0x00, 0x00, 0x00, 0x00, 0x00, 0x00, 0x00, 0x00, 0x00, 0x00,
  0xff, 0xaf, 0x00, 0x00, 0xff, 0x98, 0x00, 0x00, 0x00, 0x00, 0x00, 0x00,
  0x00, 0x00, 0x00, 0x00, 0x00, 0x00, 0x00, 0x00, 0x00, 0x00, 0x00, 0x00,
  0x00, 0x00, 0x00, 0x00, 0x00, 0x00, 0x00, 0x00, 0x00, 0x00, 0x00, 0x00,
  0x00, 0x00, 0x00, 0x00, 0x00, 0x00, 0xff, 0x8c, 0xff, 0x98, 0xff, 0xb1,
  0x00, 0x00, 0x00, 0x00, 0x00, 0x00, 0x00, 0x00, 0x00, 0x00, 0x00, 0x00,
  0x00, 0x00, 0x00, 0x00, 0x00, 0x00, 0x00, 0x00, 0x00, 0x00, 0x00, 0x00,
  0x00, 0x00, 0x00, 0x00, 0x00, 0x00, 0x00, 0x00, 0x00, 0x00, 0x00, 0x00,
  0x00, 0x00, 0x00, 0x00, 0x00, 0x00, 0x00, 0x00, 0x00, 0x00, 0x00, 0x00,
  0x00, 0x00, 0x00, 0x00, 0x00, 0x00, 0x00, 0x00, 0x00, 0x00, 0x00, 0x00,
  0x00, 0x00, 0x00, 0x00, 0x00, 0x5d, 0x00, 0x00, 0x00, 0x00, 0xff, 0xbb,
  0x00, 0x00, 0x00, 0x00, 0x00, 0x00, 0x00, 0x00, 0x00, 0x00, 0xff, 0xb5,
  0x00, 0x00, 0x00, 0x00, 0x00, 0x00, 0x00, 0x00, 0x00, 0x00, 0x00, 0x00,
  0xff, 0xb5, 0xff, 0xc2, 0x00, 0x00, 0x00, 0x00, 0x00, 0x00, 0x00, 0x00,
  0xff, 0xad, 0x00, 0x00, 0x00, 0x00, 0x00, 0x00, 0x00, 0x00, 0x00, 0x00,
  0xff, 0xb7, 0x00, 0x00, 0x00, 0x00, 0x00, 0x00, 0xff, 0xef, 0x00, 0x00,
  0xff, 0xa6, 0x00, 0x00, 0x00, 0x00, 0x00, 0x00, 0x00, 0x00, 0x00, 0x00,
  0x00, 0x00, 0x00, 0x00, 0x00, 0x00, 0x00, 0x00, 0x00, 0x00, 0x00, 0x00,
  0x00, 0x00, 0x00, 0x00, 0xff, 0xb7, 0x00, 0x00, 0x00, 0x00, 0x00, 0x00,
  0x00, 0x00, 0x00, 0x00, 0xff, 0xaf, 0x00, 0x00, 0x00, 0x00, 0xff, 0xf0,
  0x00, 0x00, 0xff, 0xb5, 0x00, 0x1e, 0xff, 0xd3, 0x00, 0x00, 0x00, 0x00,
  0xff, 0xd8, 0xff, 0x75, 0xff, 0xf8, 0xff, 0x66, 0xff, 0x4f, 0xff, 0xbb,
  0x00, 0x09, 0xff, 0x98, 0xff, 0xf6, 0x00, 0x00, 0x00, 0x00, 0xff, 0xbb,
  0x00, 0x00, 0x00, 0x00, 0x00, 0x00, 0xff, 0x6d, 0x00, 0x00, 0x00, 0x00,
  0xff, 0x75, 0xff, 0x82, 0xff, 0xb5, 0x00, 0x00, 0x00, 0x00, 0x00, 0x00,
  0xff, 0xfa, 0xff, 0x5e, 0xff, 0x69, 0xff, 0x53, 0x00, 0x00, 0x00, 0x00,
  0xff, 0x80, 0x00, 0x00, 0x00, 0x00, 0xff, 0xb0, 0x00, 0x00, 0xff, 0x6d,
  0xff, 0xf6, 0x00, 0x00, 0xff, 0x46, 0xff, 0xf1, 0x00, 0x00, 0x00, 0x23,
  0x00, 0x00, 0x00, 0x02, 0xff, 0xec, 0x00, 0x00, 0x00, 0x00, 0x00, 0x00,
  0xff, 0xf9, 0x00, 0x0a, 0x00, 0x00, 0x00, 0x00, 0x00, 0x2a, 0xff, 0xee,
  0xff, 0xe6, 0xff, 0xbb, 0xff, 0xda, 0x00, 0x00, 0x00, 0x00, 0x00, 0x00,
  0x00, 0x00, 0x00, 0x02, 0xff, 0xed, 0x00, 0x00, 0x00, 0x00, 0x00, 0x12,
  0xff, 0xf0, 0x00, 0x00, 0x00, 0x00, 0x00, 0x22, 0xff, 0xf0, 0x00, 0x00,
  0x00, 0x00, 0x00, 0x00, 0x00, 0x00, 0xff, 0xc9, 0x00, 0x00, 0x00, 0x00,
  0x00, 0x00, 0x00, 0x00, 0x00, 0x00, 0x00, 0x00, 0x00, 0x00, 0xff, 0xe8,
  0x00, 0x00, 0x00, 0x00, 0xff, 0xf0, 0x00, 0x00, 0x00, 0x00, 0x00, 0x00,
  0x00, 0x00, 0x00, 0x00, 0x00, 0x00, 0x00, 0x00, 0x00, 0x00, 0x00, 0x00,
  0x00, 0x00, 0x00, 0x00, 0x00, 0x00, 0x00, 0x00, 0x00, 0x00, 0x00, 0x00,
  0x00, 0x00, 0x00, 0x00, 0x00, 0x00, 0x00, 0x00, 0x00, 0x00, 0x00, 0x00,
  0x00, 0x00, 0x00, 0x00, 0x00, 0x00, 0x00, 0x00, 0x00, 0x00, 0x00, 0x00,
  0x00, 0x00, 0x00, 0x00, 0x00, 0x00, 0x00, 0x00, 0x00, 0x00, 0x00, 0x00,
  0x00, 0x00, 0x00, 0x00, 0x00, 0x00, 0x00, 0x00, 0x00, 0x00, 0x00, 0x00,
  0x00, 0x00, 0x00, 0x00, 0x00, 0x00, 0x00, 0x00, 0x00, 0x00, 0x00, 0x00,
  0x00, 0x00, 0x00, 0x00, 0x00, 0x00, 0x00, 0x00, 0x00, 0x00, 0x00, 0x00,
  0x00, 0x00, 0x00, 0x00, 0x00, 0x00, 0x00, 0x00, 0x00, 0x00, 0x00, 0x00,
  0x00, 0x00, 0x00, 0x00, 0x00, 0x00, 0x00, 0x00, 0x00, 0x00, 0xff, 0xd8,
  0x00, 0x00, 0x00, 0x00, 0x00, 0x00, 0x00, 0x00, 0x00, 0x00, 0x00, 0x00,
  0x00, 0x00, 0x00, 0x00, 0x00, 0x00, 0x00, 0x00, 0x00, 0x00, 0x00, 0x00,
  0x00, 0x00, 0x00, 0x00, 0x00, 0x00, 0x00, 0x00, 0x00, 0x00, 0x00, 0x00,
  0x00, 0x00, 0x00, 0x00, 0x00, 0x00, 0x00, 0x00, 0x00, 0x00, 0x00, 0x00,
  0xff, 0xbb, 0x00, 0x00, 0x00, 0x00, 0x00, 0x00, 0x00, 0x00, 0x00, 0x00,
  0x00, 0x00, 0x00, 0x00, 0x00, 0x00, 0x00, 0x00, 0x00, 0x00, 0x00, 0x00,
  0x00, 0x00, 0x00, 0x00, 0x00, 0x00, 0x00, 0x00, 0x00, 0x00, 0x00, 0x00,
  0x00, 0x00, 0x00, 0x00, 0xff, 0x8c, 0x00, 0x00, 0x00, 0x00, 0x00, 0x00,
  0x00, 0x00, 0x00, 0x00, 0x00, 0x00, 0x00, 0x00, 0x00, 0x00, 0x00, 0x00,
  0x00, 0x00, 0x00, 0x00, 0x00, 0x00, 0x00, 0x00, 0x00, 0x00, 0x00, 0x00,
  0x00, 0x00, 0x00, 0x00, 0x00, 0x00, 0x00, 0x00, 0x00, 0x00, 0x00, 0x00,
  0x00, 0x00, 0x00, 0x00, 0x00, 0x00, 0x00, 0x00, 0x00, 0x00, 0x00, 0x00,
  0x00, 0x00, 0x00, 0x00, 0x00, 0x00, 0x00, 0x00, 0x00, 0x1a, 0x00, 0x00,
  0x00, 0x00, 0x00, 0x00, 0x00, 0x00, 0x00, 0x00, 0x00, 0x00, 0x00, 0x00,
  0x00, 0x00, 0x00, 0x00, 0x00, 0x00, 0x00, 0x00, 0x00, 0x00, 0x00, 0x00,
  0x00, 0x00, 0x00, 0x00, 0x00, 0x00, 0x00, 0x00, 0x00, 0x00, 0x00, 0x00,
  0x00, 0x00, 0x00, 0x20, 0xff, 0xd9, 0x00, 0x1a, 0x00, 0x00, 0xff, 0xaf,
  0x00, 0x23, 0xff, 0xf7, 0x00, 0x00, 0x00, 0x00, 0x00, 0x20, 0x00, 0x00,
  0x00, 0x00, 0xff, 0x8c, 0xff, 0xb1, 0x00, 0x10, 0x00, 0x00, 0x00, 0x00,
  0x00, 0x00, 0x00, 0x20, 0x00, 0x00, 0xff, 0xbb, 0x00, 0x00, 0x00, 0x20,
  0x00, 0x00, 0x00, 0x20, 0x00, 0x00, 0x00, 0x11, 0x00, 0x00, 0x00, 0x00,
  0xff, 0x80, 0x00, 0x00, 0xff, 0x8c, 0x00, 0x23, 0x00, 0x00, 0x00, 0x00,
  0x00, 0x00, 0x00, 0x00, 0x00, 0x00, 0x00, 0x00, 0x00, 0x00, 0x00, 0x00,
  0x00, 0x00, 0x00, 0x00, 0x00, 0x00, 0x00, 0x00, 0x00, 0x00, 0x00, 0x52,
  0x00, 0x00, 0x00, 0x00, 0xff, 0xbd, 0x00, 0x00, 0x00, 0x08, 0xff, 0xd9,
  0x00, 0x00, 0x00, 0x00, 0xff, 0x75, 0x00, 0x20, 0xff, 0xf3, 0x00, 0x00,
  0x00, 0x00, 0x00, 0x00, 0x00, 0x00, 0xff, 0xbb, 0xff, 0xbb, 0xff, 0xaf,
  0x00, 0x00, 0xff, 0xaf, 0x00, 0x00, 0x00, 0x00, 0x00, 0x08, 0x00, 0x00,
  0x00, 0x00, 0x00, 0x00, 0x00, 0x00, 0x00, 0x00, 0x00, 0x00, 0x00, 0x00,
  0x00, 0x00, 0x00, 0x00, 0x00, 0x00, 0xff, 0xaa, 0x00, 0x00, 0xff, 0x80,
  0x00, 0x1e, 0x00, 0x00, 0x00, 0x00, 0x00, 0x00, 0x00, 0x00, 0x00, 0x00,
  0x00, 0x00, 0x00, 0x00, 0x00, 0x00, 0x00, 0x00, 0x00, 0x00, 0x00, 0x00,
  0x00, 0x00, 0x00, 0x00, 0x00, 0x00, 0x00, 0x00, 0x00, 0x00, 0xff, 0x8c,
  0x00, 0x00, 0x00, 0x00, 0xff, 0x4d, 0xff, 0xb0, 0xff, 0xb5, 0xff, 0x66,
  0x00, 0x00, 0xff, 0x5a, 0xff, 0xaf, 0x00, 0x00, 0x00, 0x00, 0xff, 0x75,
  0x00, 0x00, 0x00, 0x21, 0xff, 0x68, 0xff, 0xcb, 0xff, 0x3b, 0x00, 0x00,
  0x00, 0x00, 0x00, 0x00, 0xff, 0xaf, 0x00, 0x00, 0x00, 0x00, 0x00, 0x00,
  0x00, 0x00, 0x00, 0x00, 0xff, 0x80, 0x00, 0x00, 0x00, 0x00, 0xff, 0xb5,
  0xff, 0xa6, 0x00, 0x00, 0xff, 0xbb, 0x00, 0x00, 0x00, 0x00, 0x00, 0x00,
  0x00, 0x00, 0x00, 0x00, 0x00, 0x00, 0x00, 0x00, 0x00, 0x00, 0xff, 0x75,
  0x00, 0x00, 0x00, 0x00, 0x00, 0x00, 0x00, 0x00, 0x00, 0x00, 0x00, 0x00,
  0x00, 0x00, 0x00, 0x00, 0x00, 0x00, 0x00, 0x00, 0x00, 0x00, 0xff, 0x60,
  0xff, 0x8c, 0xff, 0xc2, 0xff, 0x4f, 0xff, 0x2f, 0xff, 0x6a, 0xff, 0x69,
  0x00, 0x00, 0xff, 0x80, 0xff, 0x69, 0x00, 0x21, 0x00, 0x00, 0xff, 0x78,
  0x00, 0x00, 0xff, 0xbb, 0xff, 0xfc, 0x00, 0x00, 0x00, 0x00, 0xff, 0xbb,
  0x00, 0x00, 0xff, 0xa3, 0x00, 0x00, 0x00, 0x00, 0xff, 0x95, 0xff, 0xbb,
  0xff, 0x80, 0x00, 0x00, 0xff, 0xc2, 0xff, 0xbb, 0x00, 0x00, 0xff, 0x46,
  0x00, 0x00, 0x00, 0x00, 0x00, 0x00, 0x00, 0x00, 0x00, 0x00, 0x00, 0x00,
  0x00, 0x00, 0xff, 0xbb, 0xff, 0x75, 0x00, 0x00, 0x00, 0x00, 0x00, 0x00,
  0xff, 0xfc, 0x00, 0x00, 0x00, 0x00, 0x00, 0x00, 0xff, 0x5e, 0xff, 0x5e,
  0x00, 0x00, 0x00, 0x00, 0x00, 0x00, 0x00, 0x00, 0x00, 0x00, 0x00, 0x00,
  0x00, 0x00, 0x00, 0x00, 0x00, 0x00, 0x00, 0x00, 0x00, 0x00, 0x00, 0x00,
  0xff, 0x69, 0xff, 0x69, 0x00, 0x00, 0x00, 0x00, 0x00, 0x00, 0x00, 0x00,
  0x00, 0x00, 0x00, 0x00, 0x00, 0x00, 0x00, 0x00, 0x00, 0x00, 0x00, 0x00,
  0xff, 0xa3, 0x00, 0x00, 0x00, 0x00, 0x00, 0x00, 0xff, 0xbb, 0x00, 0x00,
  0x00, 0x00, 0x00, 0x00, 0x00, 0x00, 0x00, 0x00, 0xff, 0xfb, 0x00, 0x00,
  0x00, 0x00, 0x00, 0x00, 0x00, 0x00, 0x00, 0x00, 0x00, 0x00, 0x00, 0x00,
  0x00, 0x00, 0x00, 0x00, 0xff, 0xa3, 0x00, 0x00, 0x00, 0x00, 0x00, 0x00,
  0x00, 0x00, 0x00, 0x00, 0x00, 0x00, 0x00, 0x00, 0x00, 0x00, 0x00, 0x00,
  0x00, 0x00, 0x00, 0x00, 0xff, 0xbb, 0x00, 0x00, 0x00, 0x00, 0x00, 0x00,
  0x00, 0x00, 0x00, 0x00, 0x00, 0x00, 0xff, 0x68, 0xff, 0x67, 0x00, 0x00,
  0x00, 0x00, 0x00, 0x00, 0x00, 0x00, 0xff, 0xb6, 0x00, 0x00, 0x00, 0x00,
  0x00, 0x00, 0x00, 0x00, 0x00, 0x00, 0xff, 0x9c, 0xff, 0xd2, 0x00, 0x00,
  0x00, 0x00, 0xff, 0xab, 0x00, 0x00, 0x00, 0x00, 0x00, 0x00, 0xff, 0xa3,
  0x00, 0x00, 0x00, 0x00, 0x00, 0x00, 0x00, 0x00, 0x00, 0x00, 0x00, 0x00,
  0x00, 0x00, 0x00, 0x00, 0x00, 0x00, 0x00, 0x00, 0x00, 0x00, 0x00, 0x00,
  0x00, 0x00, 0x00, 0x00, 0x00, 0x00, 0x00, 0x00, 0x00, 0x00, 0x00, 0x00,
  0x00, 0x00, 0x00, 0x00, 0x00, 0x00, 0x00, 0x00, 0x00, 0x00, 0xff, 0x98,
  0x00, 0x00, 0x00, 0x00, 0x00, 0x00, 0x00, 0x00, 0xff, 0xaf, 0x00, 0x00,
  0xff, 0x3b, 0xff, 0xa3, 0x00, 0x00, 0x00, 0x00, 0x00, 0x00, 0x00, 0x00,
  0xff, 0x98, 0x00, 0x00, 0x00, 0x00, 0x00, 0x00, 0x00, 0x00, 0x00, 0x00,
  0xff, 0x75, 0xff, 0xbb, 0x00, 0x00, 0x00, 0x00, 0xff, 0x80, 0x00, 0x00,
  0x00, 0x00, 0x00, 0x00, 0x00, 0x00, 0x00, 0x00, 0x00, 0x00, 0x00, 0x00,
  0x00, 0x00, 0x00, 0x00, 0x00, 0x00, 0x00, 0x00, 0x00, 0x00, 0x00, 0x00,
  0x00, 0x00, 0x00, 0x00, 0x00, 0x00, 0x00, 0x00, 0x00, 0x00, 0x00, 0x00,
  0x00, 0x00, 0x00, 0x00, 0x00, 0x00, 0x00, 0x00, 0x00, 0x00, 0x00, 0x00,
  0x00, 0x00, 0x00, 0x00, 0xff, 0xf6, 0x00, 0x00, 0x00, 0x00, 0x00, 0x00,
  0x00, 0x00, 0x00, 0x00, 0x00, 0x00, 0x00, 0x00, 0xff, 0xf4, 0x00, 0x00,
  0x00, 0x00, 0x00, 0x00, 0x00, 0x00, 0xff, 0xea, 0x00, 0x00, 0x00, 0x00,
  0x00, 0x00, 0x00, 0x00, 0x00, 0x00, 0x00, 0x00, 0x00, 0x00, 0x00, 0x00,
  0x00, 0x00, 0x00, 0x00, 0x00, 0x00, 0x00, 0x00, 0x00, 0x00, 0x00, 0x00,
  0x00, 0x00, 0x00, 0x00, 0x00, 0x00, 0x00, 0x00, 0x00, 0x00, 0x00, 0x00,
  0x00, 0x00, 0x00, 0x00, 0x00, 0x00, 0x00, 0x00, 0x00, 0x00, 0x00, 0x00,
  0x00, 0x00, 0x00, 0x00, 0x00, 0x00, 0x00, 0x00, 0x00, 0x00, 0x00, 0x00,
  0x00, 0x00, 0x00, 0x00, 0x00, 0x00, 0x00, 0x00, 0x00, 0x00, 0x00, 0x00,
  0x00, 0x00, 0x00, 0x00, 0x00, 0x00, 0x00, 0x00, 0x00, 0x00, 0x00, 0x00,
  0x00, 0x00, 0xff, 0x8c, 0x00, 0x00, 0x00, 0x00, 0x00, 0x00, 0x00, 0x00,
  0x00, 0x00, 0x00, 0x00, 0x00, 0x00, 0x00, 0x00, 0x00, 0x00, 0x00, 0x00,
  0x00, 0x00, 0x00, 0x00, 0x00, 0x00, 0x00, 0x00, 0x00, 0x00, 0x00, 0x00,
  0x00, 0x00, 0x00, 0x00, 0x00, 0x00, 0x00, 0x00, 0x00, 0x00, 0x00, 0x00,
  0x00, 0x00, 0x00, 0x00, 0x00, 0x00, 0x00, 0x00, 0x00, 0x00, 0x00, 0x00,
  0x00, 0x00, 0x00, 0x00, 0x00, 0x00, 0x00, 0x00, 0x00, 0x00, 0x00, 0x00,
  0x00, 0x00, 0x00, 0x00, 0x00, 0x00, 0x00, 0x00, 0x00, 0x00, 0xff, 0xde,
  0x00, 0x00, 0x00, 0x00, 0x00, 0x00, 0x00, 0x00, 0x00, 0x00, 0x00, 0x00,
  0x00, 0x00, 0x00, 0x00, 0x00, 0x00, 0x00, 0x00, 0xff, 0xbb, 0x00, 0x00,
  0x00, 0x00, 0x00, 0x00, 0x00, 0x00, 0x00, 0x00, 0x00, 0x00, 0x00, 0x00,
  0x00, 0x00, 0x00, 0x00, 0x00, 0x00, 0x00, 0x00, 0x00, 0x00, 0x00, 0x00,
  0x00, 0x00, 0x00, 0x00, 0x00, 0x00, 0x00, 0x00, 0x00, 0x00, 0x00, 0x00,
  0x00, 0x00, 0x00, 0x00, 0x00, 0x00, 0x00, 0x00, 0x00, 0x00, 0x00, 0x00,
  0x00, 0x00, 0x00, 0x00, 0x00, 0x00, 0x00, 0x00, 0x00, 0x00, 0x00, 0x00,
  0x00, 0x00, 0x00, 0x00, 0x00, 0x00, 0x00, 0x00, 0x00, 0x00, 0x00, 0x00,
  0x00, 0x00, 0x00, 0x00, 0xff, 0xe4, 0x00, 0x00, 0x00, 0x00, 0x00, 0x00,
  0x00, 0x00, 0xff, 0xf6, 0x00, 0x00, 0x00, 0x00, 0x00, 0x00, 0x00, 0x00,
  0xff, 0xcb, 0x00, 0x00, 0x00, 0x00, 0x00, 0x00, 0x00, 0x00, 0x00, 0x00,
  0x00, 0x00, 0x00, 0x00, 0x00, 0x00, 0x00, 0x00, 0x00, 0x00, 0x00, 0x00,
  0xff, 0xdc, 0x00, 0x00, 0x00, 0x00, 0x00, 0x00, 0x00, 0x00, 0x00, 0x00,
  0x00, 0x00, 0x00, 0x00, 0x00, 0x00, 0x00, 0x00, 0x00, 0x00, 0x00, 0x00,
  0x00, 0x00, 0x00, 0x00, 0x00, 0x00, 0x00, 0x00, 0x00, 0x00, 0x00, 0x00,
  0x00, 0x00, 0x00, 0x00, 0xff, 0xdc, 0x00, 0x00, 0x00, 0x00, 0x00, 0x00,
  0x00, 0x00, 0x00, 0x00, 0x00, 0x00, 0x00, 0x00, 0x00, 0x00, 0xff, 0xaf,
  0x00, 0x00, 0xff, 0xb7, 0x00, 0x00, 0x00, 0x00, 0x00, 0x00, 0xff, 0xbb,
  0x00, 0x00, 0xff, 0xaf, 0x00, 0x00, 0x00, 0x00, 0x00, 0x00, 0xff, 0x38,
  0x00, 0x1a, 0xff, 0xbb, 0xff, 0xec, 0x00, 0x00, 0x00, 0x00, 0xff, 0xbb,
  0x00, 0x00, 0x00, 0x00, 0x00, 0x00, 0x00, 0x00, 0x00, 0x00, 0x00, 0x00,
  0xff, 0x80, 0x00, 0x00, 0xff, 0xb7, 0x00, 0x00, 0x00, 0x00, 0x00, 0x00,
  0x00, 0x00, 0x00, 0x00, 0x00, 0x00, 0x00, 0x00, 0x00, 0x00, 0x00, 0x00,
  0x00, 0x00, 0x00, 0x00, 0x00, 0x00, 0x00, 0x00, 0x00, 0x00, 0x00, 0x00,
  0xff, 0xec, 0x00, 0x00, 0x00, 0x00, 0x00, 0x00, 0x00, 0x00, 0x00, 0x00,
  0x00, 0x00, 0x00, 0x00, 0xff, 0xd2, 0x00, 0x00, 0x00, 0x00, 0x00, 0x00,
  0x00, 0x00, 0x00, 0x00, 0x00, 0x00, 0x00, 0x00, 0x00, 0x05, 0x00, 0x00,
  0x00, 0x00, 0xff, 0x8c, 0xff, 0x9b, 0x00, 0x00, 0x00, 0x00, 0x00, 0x00,
  0x00, 0x00, 0x00, 0x00, 0x00, 0x00, 0x00, 0x00, 0x00, 0x00, 0x00, 0x00,
  0x00, 0x00, 0x00, 0x00, 0x00, 0x00, 0x00, 0x00, 0x00, 0x00, 0x00, 0x00,
  0x00, 0x00, 0x00, 0x00, 0x00, 0x00, 0x00, 0x00, 0x00, 0x00, 0x00, 0x00,
  0x00, 0x00, 0x00, 0x00, 0x00, 0x00, 0x00, 0x00, 0x00, 0x00, 0xff, 0xa3,
  0x00, 0x00, 0x00, 0x00, 0x00, 0x00, 0x00, 0x00, 0x00, 0x00, 0x00, 0x00,
  0x00, 0x00, 0x00, 0x00, 0x00, 0x00, 0x00, 0x00, 0x00, 0x00, 0xff, 0xc6,
  0x00, 0x00, 0xff, 0xad, 0x00, 0x00, 0x00, 0x00, 0xff, 0x8c, 0x00, 0x00,
  0x00, 0x00, 0x00, 0x00, 0x00, 0x00, 0x00, 0x00, 0xff, 0xaf, 0xff, 0xb6,
  0x00, 0x00, 0xff, 0x98, 0xff, 0xea, 0x00, 0x00, 0x00, 0x00, 0xff, 0xa3,
  0x00, 0x00, 0x00, 0x00, 0x00, 0x00, 0x00, 0x00, 0x00, 0x00, 0x00, 0x00,
  0x00, 0x00, 0x00, 0x00, 0xff, 0xad, 0x00, 0x00, 0x00, 0x00, 0x00, 0x00,
  0x00, 0x00, 0x00, 0x00, 0x00, 0x00, 0x00, 0x00, 0x00, 0x00, 0x00, 0x00,
  0x00, 0x00, 0xff, 0xb8, 0xff, 0xaf, 0x00, 0x00, 0xff, 0xd6, 0x00, 0x00,
  0xff, 0xea, 0xff, 0xd6, 0x00, 0x00, 0x00, 0x00, 0x00, 0x00, 0x00, 0x00,
  0x00, 0x00, 0x00, 0x00, 0x00, 0x00, 0x00, 0x00, 0x00, 0x00, 0xff, 0xd3,
  0x00, 0x00, 0x00, 0x00, 0x00, 0x00, 0x00, 0x00, 0x00, 0x04, 0x00, 0x00,
  0x00, 0x00, 0x00, 0x00, 0x00, 0x00, 0x00, 0x00, 0x00, 0x00, 0x00, 0x00,
  0xff, 0xef, 0x00, 0x00, 0x00, 0x00, 0x00, 0x00, 0x00, 0x00, 0x00, 0x00,
  0x00, 0x00, 0x00, 0x00, 0x00, 0x00, 0x00, 0x00, 0x00, 0x00, 0x00, 0x00,
  0x00, 0x00, 0x00, 0x00, 0x00, 0x00, 0x00, 0x00, 0x00, 0x00, 0x00, 0x00,
  0x00, 0x00, 0x00, 0x00, 0x00, 0x00, 0x00, 0x00, 0x00, 0x00, 0x00, 0x00,
  0x00, 0x00, 0x00, 0x00, 0x00, 0x00, 0x00, 0x00, 0x00, 0x00, 0x00, 0x00,
  0x00, 0x00, 0x00, 0x00, 0x00, 0x00, 0x00, 0x00, 0x00, 0x00, 0x00, 0x00,
  0x00, 0x00, 0xff, 0xc6, 0x00, 0x00, 0xff, 0xd2, 0x00, 0x00, 0x00, 0x00,
  0x00, 0x00, 0xff, 0x75, 0x00, 0x00, 0xff, 0x97, 0xff, 0x3f, 0xff, 0x5f,
  0x00, 0x00, 0x00, 0x00, 0x00, 0x00, 0x00, 0x00, 0x00, 0x00, 0xff, 0xbb,
  0x00, 0x00, 0x00, 0x00, 0x00, 0x00, 0xff, 0x6f, 0x00, 0x00, 0x00, 0x00,
  0x00, 0x00, 0xff, 0xe7, 0xff, 0xc6, 0x00, 0x00, 0x00, 0x00, 0x00, 0x00,
  0x00, 0x00, 0xff, 0x46, 0xff, 0x3b, 0xfe, 0xf5, 0x00, 0x00, 0x00, 0x00,
  0x00, 0x00, 0x00, 0x00, 0x00, 0x00, 0xff, 0xa3, 0x00, 0x00, 0xff, 0x6f,
  0x00, 0x00, 0x00, 0x00, 0xfe, 0xc6, 0x00, 0x00, 0x00, 0x00, 0x00, 0x00,
  0x00, 0x00, 0x00, 0x00, 0x00, 0x00, 0x00, 0x00, 0x00, 0x00, 0xff, 0xbb,
  0x00, 0x00, 0x00, 0x00, 0x00, 0x00, 0x00, 0x00, 0x00, 0x00, 0x00, 0x00,
  0xff, 0xa3, 0xff, 0xbb, 0x00, 0x00, 0x00, 0x00, 0x00, 0x00, 0x00, 0x00,
  0xff, 0xa3, 0x00, 0x00, 0x00, 0x00, 0x00, 0x00, 0x00, 0x00, 0x00, 0x00,
  0xff, 0xaf, 0x00, 0x00, 0x00, 0x00, 0x00, 0x00, 0x00, 0x00, 0x00, 0x00,
  0x00, 0x00, 0x00, 0x00, 0x00, 0x00, 0x00, 0x00, 0x00, 0x00, 0x00, 0x00,
  0x00, 0x00, 0x00, 0x00, 0x00, 0x00, 0x00, 0x00, 0x00, 0x00, 0x00, 0x00,
  0x00, 0x00, 0x00, 0x00, 0x00, 0x00, 0x00, 0x00, 0x00, 0x00, 0x00, 0x00,
  0x00, 0x00, 0x00, 0x00, 0x00, 0x00, 0x00, 0x00, 0x00, 0x00, 0x00, 0x00,
  0x00, 0x00, 0x00, 0x00, 0x00, 0x00, 0x00, 0x00, 0x00, 0x00, 0x00, 0x00,
  0x00, 0x00, 0x00, 0x00, 0x00, 0x00, 0x00, 0x00, 0xff, 0x98, 0x00, 0x00,
  0x00, 0x00, 0x00, 0x00, 0x00, 0x00, 0x00, 0x00, 0x00, 0x00, 0x00, 0x00,
  0x00, 0x00, 0x00, 0x00, 0x00, 0x06, 0x00, 0x00, 0x00, 0x00, 0x00, 0x00,
  0x00, 0x00, 0x00, 0x00, 0x00, 0x00, 0x00, 0x00, 0x00, 0x00, 0x00, 0x00,
  0x00, 0x00, 0x00, 0x00, 0x00, 0x00, 0x00, 0x00, 0x00, 0x00, 0x00, 0x00,
  0x00, 0x00, 0x00, 0x00, 0x00, 0x00, 0x00, 0x00, 0x00, 0x00, 0x00, 0x00,
  0x00, 0x00, 0x00, 0x00, 0x00, 0x00, 0x00, 0x00, 0x00, 0x00, 0x00, 0x00,
  0x00, 0x00, 0x00, 0x00, 0x00, 0x00, 0x00, 0x00, 0x00, 0x00, 0xff, 0xcc,
  0x00, 0x00, 0x00, 0x00, 0x00, 0x00, 0x00, 0x00, 0x00, 0x00, 0x00, 0x00,
  0xff, 0xce, 0xff, 0xc2, 0x00, 0x00, 0x00, 0x00, 0x00, 0x00, 0x00, 0x00,
  0xff, 0xef, 0x00, 0x00, 0x00, 0x00, 0x00, 0x00, 0x00, 0x00, 0x00, 0x00,
  0xff, 0xd2, 0x00, 0x00, 0x00, 0x00, 0x00, 0x00, 0x00, 0x00, 0x00, 0x00,
  0x00, 0x00, 0x00, 0x00, 0x00, 0x00, 0x00, 0x00, 0x00, 0x00, 0x00, 0x00,
  0x00, 0x00, 0x00, 0x00, 0x00, 0x00, 0x00, 0x00, 0x00, 0x00, 0x00, 0x00,
  0x00, 0x00, 0x00, 0x00, 0xff, 0xd2, 0x00, 0x00, 0x00, 0x00, 0x00, 0x00,
  0x00, 0x00, 0x00, 0x00, 0x00, 0x00, 0x00, 0x00, 0x00, 0x00, 0x00, 0x00,
  0x00, 0x00, 0xff, 0xbb, 0x00, 0x00, 0x00, 0x00, 0x00, 0x00, 0x00, 0x00,
  0x00, 0x00, 0x00, 0x00, 0x00, 0x00, 0x00, 0x00, 0x00, 0x00, 0xff, 0xb1,
  0x00, 0x00, 0x00, 0x00, 0x00, 0x00, 0x00, 0x00, 0x00, 0x00, 0x00, 0x00,
  0x00, 0x00, 0x00, 0x00, 0x00, 0x00, 0x00, 0x00, 0x00, 0x00, 0x00, 0x00,
  0x00, 0x00, 0x00, 0x00, 0xff, 0xbb, 0x00, 0x00, 0x00, 0x00, 0x00, 0x00,
  0x00, 0x00, 0x00, 0x00, 0x00, 0x00, 0x00, 0x00, 0x00, 0x00, 0x00, 0x00,
  0x00, 0x00, 0x00, 0x00, 0x00, 0x00, 0x00, 0x00, 0x00, 0x00, 0x00, 0x00,
  0x00, 0x00, 0x00, 0x00, 0x00, 0x00, 0x00, 0x00, 0x00, 0x00, 0x00, 0x00,
  0x00, 0x00, 0x00, 0x00, 0xff, 0xc9, 0x00, 0x00, 0x00, 0x00, 0xff, 0xbb,
  0xff, 0xb6, 0xff, 0xdd, 0x00, 0x00, 0x00, 0x00, 0x00, 0x00, 0xff, 0xd5,
  0x00, 0x10, 0x00, 0x00, 0xff, 0xcb, 0x00, 0x06, 0x00, 0x00, 0x00, 0x00,
  0x00, 0x00, 0x00, 0x00, 0xff, 0xd5, 0x00, 0x00, 0x00, 0x00, 0x00, 0x04,
  0x00, 0x00, 0x00, 0x00, 0x00, 0x00, 0x00, 0x22, 0x00, 0x00, 0x00, 0x00,
  0xff, 0x8c, 0x00, 0x00, 0xff, 0x80, 0xff, 0xae, 0x00, 0x00, 0x00, 0x00,
  0x00, 0x00, 0x00, 0x00, 0x00, 0x00, 0x00, 0x00, 0x00, 0x00, 0xff, 0x80,
  0x00, 0x00, 0x00, 0x00, 0x00, 0x00, 0x00, 0x00, 0x00, 0x00, 0x00, 0x00,
  0x00, 0x00, 0x00, 0x00, 0xff, 0xd0, 0x00, 0x00, 0x00, 0x00, 0x00, 0x00,
  0x00, 0x00, 0x00, 0x00, 0x00, 0x00, 0x00, 0x1e, 0x00, 0x00, 0x00, 0x00,
  0x00, 0x00, 0x00, 0x0e, 0x00, 0x00, 0x00, 0x00, 0x00, 0x00, 0x00, 0x00,
  0x00, 0x00, 0x00, 0x00, 0x00, 0x00, 0x00, 0x00, 0x00, 0x00, 0x00, 0x00,
  0x00, 0x00, 0x00, 0x00, 0x00, 0x00, 0x00, 0x00, 0x00, 0x00, 0x00, 0x00,
  0x00, 0x00, 0x00, 0x00, 0x00, 0x00, 0x00, 0x00, 0x00, 0x00, 0x00, 0x00,
  0x00, 0x00, 0x00, 0x00, 0x00, 0x00, 0x00, 0x00, 0x00, 0x00, 0x00, 0x00,
  0x00, 0x00, 0x00, 0x00, 0x00, 0x00, 0x00, 0x00, 0x00, 0x00, 0x00, 0x00,
  0x00, 0x00, 0x00, 0x00, 0x00, 0x00, 0x00, 0x00, 0x00, 0x00, 0x00, 0x00,
  0x00, 0x00, 0x00, 0x00, 0xff, 0xd4, 0x00, 0x00, 0x00, 0x00, 0x00, 0x00,
  0x00, 0x24, 0xff, 0xff, 0x00, 0x00, 0x00, 0x00, 0x00, 0x00, 0x00, 0x00,
  0x00, 0x00, 0xff, 0x95, 0xff, 0xd2, 0x00, 0x00, 0xff, 0xbb, 0x00, 0x00,
  0x00, 0x00, 0x00, 0x00, 0x00, 0x00, 0x00, 0x00, 0x00, 0x00, 0x00, 0x00,
  0x00, 0x00, 0x00, 0x00, 0x00, 0x00, 0x00, 0x00, 0x00, 0x00, 0x00, 0x00,
  0x00, 0x00, 0x00, 0x00, 0x00, 0x00, 0x00, 0x24, 0x00, 0x00, 0x00, 0x00,
  0x00, 0x00, 0x00, 0x00, 0x00, 0x00, 0x00, 0x00, 0x00, 0x00, 0x00, 0x00,
  0x00, 0x00, 0x00, 0x00, 0x00, 0x00, 0x00, 0x00, 0x00, 0x00, 0x00, 0x00,
  0x00, 0x00, 0x00, 0x00, 0x00, 0x00, 0x00, 0x00, 0x00, 0x00, 0xff, 0xde,
  0x00, 0x00, 0x00, 0x00, 0xff, 0x75, 0x00, 0x00, 0xff, 0xfe, 0x00, 0x00,
  0x00, 0x00, 0x00, 0x00, 0x00, 0x00, 0x00, 0x00, 0xff, 0x98, 0x00, 0x00,
  0x00, 0x00, 0x00, 0x00, 0x00, 0x00, 0x00, 0x00, 0x00, 0x00, 0x00, 0x00,
  0xff, 0xbb, 0x00, 0x00, 0x00, 0x00, 0x00, 0x00, 0x00, 0x00, 0x00, 0x00,
  0x00, 0x00, 0x00, 0x00, 0x00, 0x00, 0xff, 0x69, 0x00, 0x00, 0xff, 0x8c,
  0x00, 0x00, 0x00, 0x00, 0x00, 0x00, 0x00, 0x00, 0x00, 0x00, 0x00, 0x00,
  0x00, 0x00, 0x00, 0x00, 0x00, 0x00, 0x00, 0x00, 0x00, 0x00, 0x00, 0x00,
  0x00, 0x00, 0x00, 0x00, 0x00, 0x00, 0x00, 0x00, 0x00, 0x00, 0x00, 0x00,
  0x00, 0x00, 0x00, 0x00, 0xff, 0x99, 0xff, 0xba, 0xff, 0xef, 0xff, 0x82,
  0x00, 0x00, 0xff, 0x93, 0x00, 0x00, 0x00, 0x00, 0x00, 0x00, 0xff, 0xbb,
  0x00, 0x00, 0x00, 0x00, 0xff, 0x9e, 0x00, 0x00, 0xff, 0x80, 0xff, 0xfc,
  0x00, 0x00, 0x00, 0x00, 0x00, 0x00, 0x00, 0x00, 0x00, 0x00, 0x00, 0x00,
  0x00, 0x05, 0x00, 0x00, 0xff, 0x98, 0x00, 0x00, 0x00, 0x30, 0xff, 0xef,
  0xff, 0x3b, 0x00, 0x00, 0xff, 0x80, 0x00, 0x00, 0x00, 0x00, 0x00, 0x00,
  0x00, 0x00, 0x00, 0x00, 0x00, 0x00, 0x00, 0x00, 0x00, 0x00, 0xff, 0xbb,
  0x00, 0x00, 0x00, 0x00, 0x00, 0x05, 0xff, 0xfc, 0x00, 0x00, 0x00, 0x00,
  0x00, 0x00, 0x00, 0x00, 0xff, 0xeb, 0x00, 0x00, 0x00, 0x00, 0xff, 0x91,
  0xff, 0xfb, 0xff, 0xb7, 0xff, 0x6d, 0x00, 0x00, 0xff, 0x92, 0x00, 0x00,
  0x00, 0x00, 0x00, 0x00, 0xff, 0xa3, 0x00, 0x00, 0x00, 0x00, 0xff, 0x94,
  0x00, 0x00, 0xff, 0x80, 0x00, 0x00, 0x00, 0x00, 0x00, 0x00, 0xff, 0xaf,
  0x00, 0x00, 0x00, 0x00, 0x00, 0x00, 0x00, 0x1e, 0x00, 0x00, 0xff, 0x80,
  0x00, 0x00, 0x00, 0x00, 0xff, 0xb7, 0xff, 0x3b, 0x00, 0x00, 0xff, 0x3b,
  0x00, 0x00, 0x00, 0x00, 0x00, 0x00, 0x00, 0x00, 0x00, 0x00, 0x00, 0x00,
  0x00, 0x00, 0xff, 0xe1, 0xff, 0xbb, 0x00, 0x00, 0x00, 0x00, 0x00, 0x1e,
  0x00, 0x00, 0x00, 0x00, 0x00, 0x00, 0x00, 0x00, 0x00, 0x00, 0xff, 0x9c,
  0x00, 0x00, 0x00, 0x00, 0xff, 0xf3, 0x00, 0x00, 0x00, 0x00, 0xff, 0x63,
  0x00, 0x00, 0xff, 0xf7, 0x00, 0x00, 0x00, 0x00, 0x00, 0x00, 0x00, 0x00,
  0x00, 0x00, 0x00, 0x00, 0xff, 0xb4, 0x00, 0x00, 0x00, 0x00, 0x00, 0x00,
  0x00, 0x00, 0x00, 0x00, 0x00, 0x00, 0x00, 0x00, 0x00, 0x00, 0x00, 0x00,
  0x00, 0x00, 0x00, 0x00, 0x00, 0x00, 0x00, 0x00, 0x00, 0x00, 0x00, 0x00,
  0xff, 0xaf, 0x00, 0x00, 0xff, 0x3b, 0x00, 0x00, 0x00, 0x00, 0x00, 0x00,
  0x00, 0x00, 0x00, 0x00, 0x00, 0x00, 0x00, 0x00, 0x00, 0x00, 0x00, 0x00,
  0x00, 0x00, 0x00, 0x00, 0x00, 0x00, 0x00, 0x00, 0x00, 0x00, 0x00, 0x00,
  0x00, 0x00, 0x00, 0x00, 0x00, 0x00, 0x00, 0x00, 0x00, 0x00, 0x00, 0x00,
  0x00, 0x00, 0x00, 0x00, 0x00, 0x00, 0x00, 0x00, 0x00, 0x00, 0x00, 0x00,
  0x00, 0x00, 0x00, 0x00, 0x00, 0x00, 0x00, 0x00, 0xff, 0xbb, 0x00, 0x00,
  0x00, 0x00, 0x00, 0x00, 0x00, 0x00, 0x00, 0x00, 0x00, 0x00, 0x00, 0x00,
  0x00, 0x00, 0x00, 0x00, 0x00, 0x00, 0xff, 0x80, 0x00, 0x00, 0x00, 0x00,
  0x00, 0x00, 0x00, 0x00, 0x00, 0x00, 0x00, 0x00, 0x00, 0x00, 0x00, 0x00,
  0x00, 0x00, 0x00, 0x00, 0x00, 0x00, 0x00, 0x00, 0x00, 0x00, 0x00, 0x00,
  0x00, 0x00, 0x00, 0x00, 0x00, 0x00, 0x00, 0x00, 0x00, 0x00, 0x00, 0x00,
  0x00, 0x00, 0x00, 0x00, 0x00, 0x00, 0x00, 0x00, 0x00, 0x00, 0x00, 0x00,
  0x00, 0x00, 0x00, 0x00, 0x00, 0x00, 0x00, 0x00, 0xff, 0xa6, 0x00, 0x00,
  0x00, 0x00, 0x00, 0x00, 0x00, 0x00, 0x00, 0x00, 0x00, 0x00, 0x00, 0x00,
  0xff, 0xa6, 0xff, 0xbb, 0x00, 0x00, 0x00, 0x00, 0x00, 0x00, 0x00, 0x00,
  0x00, 0x00, 0x00, 0x00, 0x00, 0x00, 0x00, 0x00, 0x00, 0x00, 0x00, 0x00,
  0x00, 0x00, 0x00, 0x00, 0x00, 0x00, 0x00, 0x00, 0x00, 0x00, 0x00, 0x00,
  0x00, 0x00, 0x00, 0x00, 0x00, 0x00, 0x00, 0x00, 0x00, 0x00, 0x00, 0x00,
  0x00, 0x00, 0x00, 0x00, 0x00, 0x00, 0x00, 0x00, 0x00, 0x00, 0x00, 0x00,
  0x00, 0x00, 0x00, 0x00, 0x00, 0x00, 0x00, 0x00, 0x00, 0x00, 0x00, 0x00,
  0x00, 0x00, 0x00, 0x00, 0x00, 0x00, 0x00, 0x00, 0x00, 0x00, 0xff, 0xf0,
  0x00, 0x00, 0xff, 0xb5, 0x00, 0x1e, 0xff, 0xd3, 0x00, 0x00, 0x00, 0x00,
  0xff, 0xd8, 0xff, 0x75, 0xff, 0xf8, 0xff, 0x66, 0xff, 0x4f, 0x00, 0x00,
  0x00, 0x09, 0x00, 0x00, 0xff, 0xf6, 0x00, 0x00, 0x00, 0x00, 0x00, 0x00,
  0x00, 0x00, 0x00, 0x00, 0x00, 0x00, 0xff, 0x6d, 0x00, 0x00, 0x00, 0x00,
  0xff, 0x75, 0xff, 0x82, 0x00, 0x00, 0x00, 0x00, 0x00, 0x00, 0x00, 0x00,
  0xff, 0xfa, 0x00, 0x00, 0xff, 0x69, 0x00, 0x00, 0x00, 0x00, 0x00, 0x00,
  0x00, 0x00, 0x00, 0x00, 0x00, 0x00, 0x00, 0x00, 0x00, 0x00, 0x00, 0x00,
  0x00, 0x00, 0x00, 0x00, 0x00, 0x00, 0x00, 0x00, 0x00, 0x00, 0x00, 0x00,
  0x00, 0x00, 0x00, 0x00, 0x00, 0x00, 0x00, 0x00, 0x00, 0x00, 0x00, 0x00,
  0x00, 0x00, 0x00, 0x00, 0x00, 0x00, 0x00, 0x00, 0x00, 0x00, 0x00, 0x00,
  0x00, 0x00, 0x00, 0x00, 0x00, 0x00, 0x00, 0x15, 0x00, 0x00, 0x00, 0x00,
  0x00, 0x00, 0x00, 0x00, 0x00, 0x00, 0x00, 0x00, 0x00, 0x00, 0x00, 0x25,
  0x00, 0x00, 0x00, 0x00, 0x00, 0x00, 0x00, 0x00, 0x00, 0x00, 0x00, 0x00,
  0x00, 0x00, 0x00, 0x00, 0x00, 0x00, 0x00, 0x00, 0x00, 0x00, 0x00, 0x00,
  0x00, 0x00, 0x00, 0x00, 0x00, 0x00, 0x00, 0x00, 0x00, 0x00, 0x00, 0x00,
  0x00, 0x00, 0x00, 0x00, 0x00, 0x00, 0x00, 0x00, 0x00, 0x00, 0x00, 0x00,
  0x00, 0x00, 0x00, 0x00, 0x00, 0x00, 0x00, 0x00, 0x00, 0x00, 0xff, 0xb6,
  0xff, 0xcb, 0x00, 0x00, 0xff, 0x46, 0x00, 0x00, 0xff, 0xd3, 0xff, 0xbb,
  0x00, 0x00, 0xff, 0xbb, 0x00, 0x00, 0x00, 0x00, 0x00, 0x00, 0x00, 0x00,
  0x00, 0x00, 0x00, 0x00, 0x00, 0x00, 0x00, 0x00, 0x00, 0x00, 0x00, 0x00,
  0x00, 0x00, 0xff, 0xbb, 0x00, 0x00, 0x00, 0x00, 0x00, 0x00, 0x00, 0x00,
  0x00, 0x00, 0x00, 0x00, 0x00, 0x00, 0xff, 0xaf, 0x00, 0x00, 0xff, 0x75,
  0x00, 0x00, 0x00, 0x00, 0x00, 0x00, 0x00, 0x00, 0x00, 0x00, 0x00, 0x00,
  0x00, 0x00, 0x00, 0x00, 0x00, 0x00, 0x00, 0x00, 0x00, 0x00, 0x00, 0x00,
  0x00, 0x00, 0x00, 0x00, 0x00, 0x00, 0x00, 0x00, 0x00, 0x00, 0x00, 0x00,
  0x00, 0x00, 0x00, 0x00, 0x00, 0x00, 0x00, 0x00, 0x00, 0x00, 0xff, 0xb5,
  0x00, 0x00, 0x00, 0x00, 0x00, 0x00, 0x00, 0x00, 0x00, 0x00, 0x00, 0x00,
  0xff, 0xb5, 0xff, 0xc2, 0x00, 0x00, 0x00, 0x00, 0x00, 0x00, 0x00, 0x00,
  0xff, 0xad, 0x00, 0x00, 0x00, 0x00, 0x00, 0x00, 0x00, 0x00, 0x00, 0x00,
  0xff, 0xb7, 0x00, 0x00, 0x00, 0x00, 0x00, 0x00, 0xff, 0xef, 0x00, 0x00,
  0x00, 0x00, 0x00, 0x00, 0x00, 0x00, 0x00, 0x00, 0x00, 0x00, 0x00, 0x00,
  0x00, 0x00, 0x00, 0x00, 0x00, 0x00, 0x00, 0x00, 0x00, 0x00, 0x00, 0x00,
  0x00, 0x00, 0x00, 0x00, 0x00, 0x00, 0x00, 0x00, 0x00, 0x00, 0x00, 0x00,
  0x00, 0x00, 0x00, 0x00, 0x00, 0x00, 0x00, 0x00, 0x00, 0x00, 0xff, 0xde,
  0x00, 0x00, 0x00, 0x00, 0xff, 0x5e, 0x00, 0x00, 0x00, 0x00, 0x00, 0x00,
  0x00, 0x00, 0x00, 0x00, 0xff, 0xfb, 0x00, 0x00, 0x00, 0x00, 0x00, 0x00,
  0x00, 0x00, 0x00, 0x00, 0x00, 0x00, 0x00, 0x00, 0x00, 0x00, 0x00, 0x00,
  0x00, 0x00, 0x00, 0x00, 0x00, 0x00, 0x00, 0x00, 0x00, 0x00, 0x00, 0x00,
  0x00, 0x00, 0x00, 0x00, 0x00, 0x00, 0x00, 0x00, 0x00, 0x00, 0xfe, 0xaf,
  0x00, 0x00, 0x00, 0x00, 0x00, 0x00, 0x00, 0x00, 0x00, 0x00, 0x00, 0x00,
  0x00, 0x00, 0x00, 0x00, 0x00, 0x00, 0x00, 0x00, 0x00, 0x00, 0x00, 0x00,
  0x00, 0x00, 0x00, 0x00, 0x00, 0x00, 0x00, 0x00, 0x00, 0x00, 0x00, 0x00,
  0x00, 0x00, 0x00, 0x00, 0xff, 0xbb, 0x00, 0x00, 0x00, 0x00, 0xff, 0x69,
  0x00, 0x00, 0x00, 0x00, 0x00, 0x00, 0x00, 0x00, 0x00, 0x00, 0x00, 0x00,
  0x00, 0x00, 0x00, 0x00, 0x00, 0x00, 0x00, 0x00, 0x00, 0x00, 0x00, 0x00,
  0x00, 0x00, 0x00, 0x00, 0x00, 0x00, 0x00, 0x00, 0x00, 0x00, 0x00, 0x00,
  0x00, 0x00, 0x00, 0x00, 0x00, 0x00, 0x00, 0x00, 0x00, 0x00, 0x00, 0x00,
  0x00, 0x00, 0x00, 0x00, 0xff, 0x69, 0x00, 0x00, 0x00, 0x00, 0x00, 0x00,
  0x00, 0x00, 0x00, 0x00, 0x00, 0x00, 0x00, 0x00, 0x00, 0x00, 0x00, 0x00,
  0x00, 0x00, 0x00, 0x00, 0x00, 0x00, 0x00, 0x00, 0x00, 0x00, 0x00, 0x00,
  0x00, 0x00, 0x00, 0x00, 0x00, 0x00, 0x00, 0x00, 0x00, 0x00, 0x00, 0x00,
  0x00, 0x00, 0xff, 0xe5, 0xff, 0x53, 0x00, 0x00, 0x00, 0x00, 0x00, 0x00,
  0x00, 0x00, 0x00, 0x00, 0x00, 0x00, 0x00, 0x00, 0x00, 0x00, 0x00, 0x00,
  0x00, 0x00, 0x00, 0x00, 0x00, 0x00, 0x00, 0x00, 0x00, 0x00, 0x00, 0x00,
  0x00, 0x00, 0x00, 0x00, 0x00, 0x00, 0x00, 0x00, 0x00, 0x00, 0x00, 0x00,
  0x00, 0x00, 0x00, 0x00, 0x00, 0x00, 0x00, 0x00, 0x00, 0x00, 0xff, 0x3b,
  0x00, 0x00, 0x00, 0x00, 0x00, 0x00, 0x00, 0x00, 0x00, 0x00, 0x00, 0x00,
  0x00, 0x00, 0x00, 0x00, 0x00, 0x00, 0x00, 0x00, 0x00, 0x00, 0x00, 0x00,
  0x00, 0x00, 0x00, 0x00, 0x00, 0x00, 0x00, 0x00, 0x00, 0x00, 0x00, 0x00,
  0x00, 0x00, 0x00, 0x0c, 0xff, 0xed, 0x00, 0x0c, 0x00, 0x00, 0x00, 0x00,
  0x00, 0x00, 0x00, 0x00, 0x00, 0x00, 0x00, 0x00, 0x00, 0x00, 0x00, 0x00,
  0x00, 0x00, 0x00, 0x00, 0x00, 0x00, 0x00, 0x00, 0x00, 0x00, 0x00, 0x00,
  0x00, 0x00, 0x00, 0x00, 0x00, 0x00, 0x00, 0x00, 0x00, 0x00, 0x00, 0x30,
  0x00, 0x00, 0x00, 0x00, 0x00, 0x00, 0x00, 0x00, 0x00, 0x00, 0x00, 0x00,
  0x00, 0x00, 0x00, 0x00, 0x00, 0x00, 0x00, 0x00, 0x00, 0x00, 0x00, 0x00,
  0x00, 0x00, 0x00, 0x00, 0x00, 0x00, 0x00, 0x00, 0x00, 0x00, 0x00, 0x00,
  0x00, 0x00, 0x00, 0x00, 0x00, 0x00, 0x00, 0x00, 0x00, 0x00, 0x00, 0x00,
  0x00, 0x00, 0x00, 0x00, 0x00, 0x00, 0x00, 0x00, 0x00, 0x00, 0x00, 0x00,
  0x00, 0x00, 0x00, 0x00, 0x00, 0x00, 0x00, 0x00, 0x00, 0x00, 0x00, 0x00,
  0x00, 0x00, 0x00, 0x00, 0x00, 0x00, 0x00, 0x00, 0x00, 0x00, 0x00, 0x00,
  0x00, 0x00, 0x00, 0x00, 0x00, 0x00, 0x00, 0x00, 0x00, 0x00, 0x00, 0x00,
  0x00, 0x00, 0x00, 0x00, 0x00, 0x00, 0x00, 0x00, 0x00, 0x00, 0x00, 0x00,
  0x00, 0x00, 0x00, 0x00, 0x00, 0x00, 0x00, 0x00, 0x00, 0x00, 0x00, 0x00,
  0x00, 0x00, 0x00, 0x00, 0x00, 0x00, 0x00, 0x00, 0x00, 0x00, 0x00, 0x00,
  0x00, 0x00, 0x00, 0x00, 0x00, 0x00, 0x00, 0x00, 0x00, 0x00, 0x00, 0x00,
  0x00, 0x00, 0x00, 0x00, 0x00, 0x00, 0x00, 0x00, 0x00, 0x00, 0x00, 0x00,
  0x00, 0x00, 0x00, 0x00, 0x00, 0x00, 0x00, 0x00, 0x00, 0x00, 0x00, 0x00,
  0x00, 0x00, 0x00, 0x00, 0x00, 0x00, 0x00, 0x00, 0x00, 0x00, 0x00, 0x00,
  0x00, 0x00, 0x00, 0x00, 0x00, 0x00, 0x00, 0x00, 0x00, 0x00, 0x00, 0x00,
  0xff, 0xd6, 0x00, 0x00, 0x00, 0x00, 0x00, 0x00, 0x00, 0x00, 0x00, 0x00,
  0x00, 0x00, 0x00, 0x00, 0x00, 0x00, 0x00, 0x00, 0x00, 0x00, 0x00, 0x00,
  0x00, 0x00, 0x00, 0x00, 0x00, 0x00, 0x00, 0x00, 0x00, 0x00, 0x00, 0x00,
  0x00, 0x00, 0x00, 0x00, 0x00, 0x00, 0x00, 0x00, 0x00, 0x00, 0x00, 0x00,
  0x00, 0x00, 0x00, 0x00, 0x00, 0x00, 0x00, 0x00, 0x00, 0x00, 0x00, 0x00,
  0x00, 0x00, 0x00, 0x00, 0x00, 0x00, 0x00, 0x00, 0x00, 0x00, 0x00, 0x00,
  0x00, 0x00, 0x00, 0x00, 0xff, 0x80, 0x00, 0x00, 0x00, 0x00, 0x00, 0x00,
  0x00, 0x00, 0x00, 0x00, 0x00, 0x00, 0x00, 0x00, 0x00, 0x00, 0x00, 0x00,
  0x00, 0x00, 0x00, 0x00, 0x00, 0x00, 0x00, 0x00, 0x00, 0x00, 0x00, 0x00,
  0x00, 0x00, 0x00, 0x00, 0x00, 0x00, 0x00, 0x00, 0x00, 0x00, 0x00, 0x00,
  0x00, 0x00, 0x00, 0x00, 0x00, 0x00, 0x00, 0x00, 0x00, 0x00, 0x00, 0x00,
  0x00, 0x00, 0x00, 0x00, 0x00, 0x00, 0x00, 0x00, 0x00, 0x00, 0x00, 0x00,
  0x00, 0x00, 0x00, 0x00, 0x00, 0x00, 0x00, 0x00, 0x00, 0x00, 0x00, 0x00,
  0x00, 0x00, 0x00, 0x00, 0x00, 0x00, 0x00, 0x00, 0x00, 0x00, 0x00, 0x00,
  0x00, 0x00, 0x00, 0x00, 0x00, 0x00, 0x00, 0x00, 0x00, 0x00, 0x00, 0x00,
  0x00, 0x20, 0x00, 0x00, 0x00, 0x00, 0x00, 0x00, 0x00, 0x00, 0x00, 0x00,
  0xff, 0xbb, 0x00, 0x00, 0x00, 0x00, 0x00, 0x00, 0x00, 0x00, 0x00, 0x00,
  0xff, 0xb8, 0x00, 0x00, 0x00, 0x00, 0x00, 0x00, 0x00, 0x00, 0x00, 0x00,
  0xff, 0xe1, 0x00, 0x00, 0x00, 0x00, 0x00, 0x00, 0x00, 0x00, 0x00, 0x00,
  0x00, 0x00, 0x00, 0x00, 0x00, 0x00, 0x00, 0x00, 0x00, 0x00, 0x00, 0x00,
  0x00, 0x00, 0x00, 0x00, 0x00, 0x00, 0x00, 0x00, 0x00, 0x00, 0x00, 0x00,
  0x00, 0x00, 0x00, 0x00, 0x00, 0x00, 0x00, 0x00, 0x00, 0x00, 0x00, 0x00,
  0x00, 0x00, 0x00, 0x00, 0x00, 0x00, 0x00, 0x00, 0x00, 0x00, 0x00, 0x00,
  0x00, 0x00, 0x00, 0x00, 0xff, 0xf6, 0x00, 0x00, 0x00, 0x00, 0x00, 0x00,
  0x00, 0x00, 0x00, 0x00, 0x00, 0x00, 0x00, 0x00, 0xff, 0xf4, 0x00, 0x00,
  0x00, 0x00, 0x00, 0x00, 0x00, 0x00, 0xff, 0xea, 0x00, 0x00, 0x00, 0x00,
  0x00, 0x00, 0x00, 0x00, 0x00, 0x00, 0x00, 0x00, 0x00, 0x00, 0x00, 0x00,
  0x00, 0x00, 0x00, 0x00, 0x00, 0x00, 0x00, 0x00, 0x00, 0x00, 0x00, 0x00,
  0x00, 0x00, 0x00, 0x00, 0x00, 0x00, 0x00, 0x00, 0x00, 0x00, 0x00, 0x00,
  0x00, 0x00, 0x00, 0x00, 0x00, 0x00, 0x00, 0x00, 0x00, 0x00, 0x00, 0x00,
  0x00, 0x00, 0x00, 0x00, 0x00, 0x00, 0x00, 0x00, 0x00, 0x00, 0x00, 0x00,
  0x00, 0x00, 0x00, 0x11, 0x00, 0x00, 0x00, 0x00, 0x00, 0x00, 0xff, 0x46,
  0x00, 0x45, 0x00, 0x00, 0x00, 0x00, 0x00, 0x00, 0x00, 0x00, 0x00, 0x00,
  0x00, 0x00, 0x00, 0x00, 0x00, 0x00, 0x00, 0x00, 0x00, 0x00, 0x00, 0x00,
  0x00, 0x00, 0x00, 0x00, 0x00, 0x00, 0x00, 0x00, 0x00, 0x00, 0x00, 0x00,
  0x00, 0x00, 0x00, 0x00, 0x00, 0x00, 0x00, 0x00, 0x00, 0x00, 0x00, 0x00,
  0x00, 0x00, 0x00, 0x00, 0xff, 0x18, 0x00, 0x00, 0x00, 0x00, 0x00, 0x00,
  0x00, 0x00, 0x00, 0x00, 0x00, 0x00, 0x00, 0x00, 0x00, 0x00, 0x00, 0x00,
  0x00, 0x00, 0x00, 0x00, 0x00, 0x00, 0x00, 0x00, 0x00, 0x00, 0x00, 0x00,
  0x00, 0x00, 0x00, 0x00, 0x00, 0x00, 0x00, 0x00, 0x00, 0x00, 0xff, 0x98,
  0xff, 0x98, 0x00, 0x00, 0xff, 0x23, 0x00, 0x00, 0xff, 0xa3, 0x00, 0x00,
  0x00, 0x00, 0x00, 0x00, 0xff, 0xaf, 0x00, 0x00, 0x00, 0x00, 0x00, 0x00,
  0x00, 0x00, 0x00, 0x00, 0x00, 0x00, 0x00, 0x00, 0x00, 0x00, 0x00, 0x00,
  0x00, 0x00, 0x00, 0x00, 0x00, 0x00, 0x00, 0x00, 0x00, 0x00, 0x00, 0x00,
  0x00, 0x00, 0x00, 0x00, 0x00, 0x00, 0x00, 0x00, 0x00, 0x00, 0xff, 0x3b,
  0x00, 0x00, 0x00, 0x00, 0x00, 0x00, 0x00, 0x00, 0x00, 0x00, 0x00, 0x00,
  0x00, 0x00, 0x00, 0x00, 0x00, 0x00, 0x00, 0x00, 0x00, 0x00, 0x00, 0x00,
  0x00, 0x00, 0x00, 0x00, 0x00, 0x00, 0x00, 0x00, 0x00, 0x00, 0x00, 0x00,
  0x00, 0x00, 0x00, 0x00, 0x00, 0x00, 0x00, 0x00, 0x00, 0x00, 0xff, 0xce,
  0x00, 0x00, 0x00, 0x00, 0x00, 0x00, 0x00, 0x00, 0x00, 0x00, 0x00, 0x00,
  0x00, 0x00, 0x00, 0x00, 0x00, 0x00, 0x00, 0x00, 0x00, 0x00, 0x00, 0x00,
  0x00, 0x00, 0x00, 0x00, 0x00, 0x00, 0x00, 0x00, 0x00, 0x00, 0x00, 0x00,
  0x00, 0x05, 0x00, 0x00, 0x00, 0x00, 0x00, 0x00, 0x00, 0x05, 0x00, 0x00,
  0x00, 0x00, 0x00, 0x00, 0xff, 0x80, 0x00, 0x00, 0x00, 0x00, 0x00, 0x00,
  0x00, 0x00, 0x00, 0x00, 0x00, 0x00, 0x00, 0x00, 0x00, 0x00, 0x00, 0x00,
  0x00, 0x00, 0x00, 0x00, 0x00, 0x00, 0x00, 0x00, 0x00, 0x00, 0x00, 0x00,
  0x00, 0x00, 0x00, 0x00, 0x00, 0x00, 0x00, 0x02, 0x00, 0x10, 0x00, 0x01,
  0x00, 0x23, 0x00, 0x00, 0x00, 0x26, 0x00, 0x39, 0x00, 0x23, 0x00, 0x3b,
  0x00, 0x3b, 0x00, 0x37, 0x00, 0x3f, 0x00, 0x41, 0x00, 0x38, 0x00, 0x44,
  0x00, 0x4c, 0x00, 0x3b, 0x00, 0x4e, 0x00, 0x4e, 0x00, 0x44, 0x00, 0x50,
  0x00, 0x50, 0x00, 0x45, 0x00, 0x54, 0x00, 0x58, 0x00, 0x46, 0x00, 0x5a,
  0x00, 0x5e, 0x00, 0x4b, 0x00, 0x60, 0x00, 0x60, 0x00, 0x50, 0x00, 0x63,
  0x00, 0x65, 0x00, 0x51, 0x00, 0x68, 0x00, 0x6a, 0x00, 0x54, 0x00, 0x6c,
  0x00, 0x70, 0x00, 0x57, 0x00, 0x8a, 0x00, 0x8a, 0x00, 0x5c, 0x00, 0x97,
  0x00, 0x9a, 0x00, 0x5d, 0x00, 0xa4, 0x00, 0xa7, 0x00, 0x61, 0x00, 0x01,
  0x00, 0x01, 0x00, 0x9f, 0x00, 0x05, 0x00, 0x01, 0x00, 0x04, 0x00, 0x01,
  0x00, 0x01, 0x00, 0x01, 0x00, 0x04, 0x00, 0x01, 0x00, 0x01, 0x00, 0x20,
  0x00, 0x01, 0x00, 0x01, 0x00, 0x01, 0x00, 0x01, 0x00, 0x04, 0x00, 0x01,
  0x00, 0x04, 0x00, 0x01, 0x00, 0x11, 0x00, 0x0d, 0x00, 0x09, 0x00, 0x18,
  0x00, 0x1c, 0x00, 0x12, 0x00, 0x0c, 0x00, 0x15, 0x00, 0x07, 0x00, 0x01,
  0x00, 0x02, 0x00, 0x02, 0x00, 0x02, 0x00, 0x21, 0x00, 0x02, 0x00, 0x01,
  0x00, 0x0f, 0x00, 0x00, 0x00, 0x00, 0x00, 0x17, 0x00, 0x01, 0x00, 0x01,
  0x00, 0x03, 0x00, 0x03, 0x00, 0x02, 0x00, 0x03, 0x00, 0x02, 0x00, 0x03,
  0x00, 0x0b, 0x00, 0x06, 0x00, 0x08, 0x00, 0x0a, 0x00, 0x1b, 0x00, 0x19,
  0x00, 0x0a, 0x00, 0x16, 0x00, 0x2d, 0x00, 0x28, 0x00, 0x2a, 0x00, 0x00,
  0x00, 0x2b, 0x00, 0x29, 0x00, 0x00, 0x00, 0x28, 0x00, 0x31, 0x00, 0x2e,
  0x00, 0x00, 0x00, 0x00, 0x00, 0x00, 0x00, 0x27, 0x00, 0x25, 0x00, 0x26,
  0x00, 0x25, 0x00, 0x26, 0x00, 0x25, 0x00, 0x26, 0x00, 0x1d, 0x00, 0x00,
  0x00, 0x1f, 0x00, 0x00, 0x00, 0x1f, 0x00, 0x00, 0x00, 0x1f, 0x00, 0x00,
  0x00, 0x00, 0x00, 0x32, 0x00, 0x13, 0x00, 0x2c, 0x00, 0x0e, 0x00, 0x0e,
  0x00, 0x00, 0x00, 0x22, 0x00, 0x22, 0x00, 0x1e, 0x00, 0x1e, 0x00, 0x1a,
  0x00, 0x1a, 0x00, 0x1a, 0x00, 0x00, 0x00, 0x00, 0x00, 0x10, 0x00, 0x0e,
  0x00, 0x0e, 0x00, 0x00, 0x00, 0x00, 0x00, 0x10, 0x00, 0x0e, 0x00, 0x0e,
  0x00, 0x00, 0x00, 0x24, 0x00, 0x24, 0x00, 0x14, 0x00, 0x23, 0x00, 0x23,
  0x00, 0x30, 0x00, 0x00, 0x00, 0x00, 0x00, 0x00, 0x00, 0x00, 0x00, 0x00,
  0x00, 0x00, 0x00, 0x00, 0x00, 0x00, 0x00, 0x00, 0x00, 0x00, 0x00, 0x00,
  0x00, 0x00, 0x00, 0x00, 0x00, 0x00, 0x00, 0x00, 0x00, 0x00, 0x00, 0x00,
  0x00, 0x00, 0x00, 0x00, 0x00, 0x00, 0x00, 0x00, 0x00, 0x00, 0x00, 0x00,
  0x00, 0x00, 0x00, 0x2f, 0x00, 0x00, 0x00, 0x00, 0x00, 0x00, 0x00, 0x00,
  0x00, 0x00, 0x00, 0x00, 0x00, 0x00, 0x00, 0x00, 0x00, 0x00, 0x00, 0x00,
  0x00, 0x00, 0x00, 0x00, 0x00, 0x00, 0x00, 0x00, 0x00, 0x00, 0x00, 0x00,
  0x00, 0x0e, 0x00, 0x0e, 0x00, 0x0e, 0x00, 0x10, 0x00, 0x10, 0x00, 0x01,
  0x00, 0x01, 0x00, 0xa7, 0x00, 0x05, 0x00, 0x12, 0x00, 0x18, 0x00, 0x04,
  0x00, 0x07, 0x00, 0x29, 0x00, 0x1c, 0x00, 0x00, 0x00, 0x00, 0x00, 0x08,
  0x00, 0x15, 0x00, 0x19, 0x00, 0x00, 0x00, 0x00, 0x00, 0x04, 0x00, 0x24,
  0x00, 0x04, 0x00, 0x14, 0x00, 0x11, 0x00, 0x0d, 0x00, 0x08, 0x00, 0x23,
  0x00, 0x22, 0x00, 0x17, 0x00, 0x0c, 0x00, 0x1d, 0x00, 0x02, 0x00, 0x01,
  0x00, 0x01, 0x00, 0x00, 0x00, 0x01, 0x00, 0x1e, 0x00, 0x1b, 0x00, 0x02,
  0x00, 0x09, 0x00, 0x00, 0x00, 0x00, 0x00, 0x09, 0x00, 0x16, 0x00, 0x00,
  0x00, 0x02, 0x00, 0x02, 0x00, 0x01, 0x00, 0x01, 0x00, 0x1b, 0x00, 0x0a,
  0x00, 0x0e, 0x00, 0x06, 0x00, 0x03, 0x00, 0x0b, 0x00, 0x21, 0x00, 0x20,
  0x00, 0x0b, 0x00, 0x13, 0x00, 0x33, 0x00, 0x32, 0x00, 0x1f, 0x00, 0x00,
  0x00, 0x30, 0x00, 0x00, 0x00, 0x00, 0x00, 0x00, 0x00, 0x35, 0x00, 0x30,
  0x00, 0x32, 0x00, 0x00, 0x00, 0x00, 0x00, 0x31, 0x00, 0x2e, 0x00, 0x2f,
  0x00, 0x2e, 0x00, 0x2f, 0x00, 0x2e, 0x00, 0x2f, 0x00, 0x2a, 0x00, 0x28,
  0x00, 0x00, 0x00, 0x28, 0x00, 0x00, 0x00, 0x28, 0x00, 0x00, 0x00, 0x00,
  0x00, 0x00, 0x00, 0x36, 0x00, 0x1f, 0x00, 0x27, 0x00, 0x0f, 0x00, 0x0f,
  0x00, 0x00, 0x00, 0x2b, 0x00, 0x2b, 0x00, 0x26, 0x00, 0x26, 0x00, 0x25,
  0x00, 0x00, 0x00, 0x25, 0x00, 0x00, 0x00, 0x00, 0x00, 0x10, 0x00, 0x0f,
  0x00, 0x0f, 0x00, 0x00, 0x00, 0x00, 0x00, 0x10, 0x00, 0x0f, 0x00, 0x0f,
  0x00, 0x00, 0x00, 0x2d, 0x00, 0x2d, 0x00, 0x1a, 0x00, 0x2c, 0x00, 0x2c,
  0x00, 0x00, 0x00, 0x00, 0x00, 0x00, 0x00, 0x00, 0x00, 0x00, 0x00, 0x00,
  0x00, 0x00, 0x00, 0x00, 0x00, 0x00, 0x00, 0x00, 0x00, 0x00, 0x00, 0x00,
  0x00, 0x00, 0x00, 0x00, 0x00, 0x00, 0x00, 0x00, 0x00, 0x00, 0x00, 0x00,
  0x00, 0x00, 0x00, 0x00, 0x00, 0x00, 0x00, 0x00, 0x00, 0x00, 0x00, 0x00,
  0x00, 0x00, 0x00, 0x34, 0x00, 0x00, 0x00, 0x00, 0x00, 0x00, 0x00, 0x00,
  0x00, 0x00, 0x00, 0x00, 0x00, 0x00, 0x00, 0x00, 0x00, 0x00, 0x00, 0x00,
  0x00, 0x00, 0x00, 0x00, 0x00, 0x0f, 0x00, 0x0f, 0x00, 0x0f, 0x00, 0x10,
  0x00, 0x00, 0x00, 0x00, 0x00, 0x00, 0x00, 0x00, 0x00, 0x00, 0x00, 0x00,
  0x00, 0x00, 0x00, 0x00, 0x00, 0x00, 0x00, 0x0f, 0x00, 0x0f, 0x00, 0x0f,
  0x00, 0x10, 0x00, 0x01, 0x00, 0x02, 0x00, 0x00, 0x00, 0x08, 0x00, 0x01,
  0x00, 0x54, 0x00, 0x04, 0x00, 0x00, 0x00, 0x25, 0x02, 0x38, 0x02, 0x32,
  0x02, 0x32, 0x02, 0x28, 0x02, 0x22, 0x02, 0x22, 0x02, 0x1c, 0x02, 0x16,
  0x02, 0x08, 0x02, 0x22, 0x02, 0x22, 0x02, 0x32, 0x01, 0xfe, 0x02, 0x32,
  0x01, 0xe8, 0x02, 0x1c, 0x01, 0xd6, 0x01, 0xcc, 0x01, 0xc2, 0x01, 0xb8,
  0x01, 0xb2, 0x02, 0x22, 0x01, 0xac, 0x01, 0xa6, 0x02, 0x22, 0x01, 0xa0,
  0x01, 0x9a, 0x01, 0x90, 0x01, 0x86, 0x01, 0x80, 0x01, 0x86, 0x01, 0x5a,
  0x01, 0x44, 0x01, 0x26, 0x00, 0xa8, 0x00, 0xa2, 0x00, 0xa2, 0x00, 0x01,
  0x00, 0x25, 0x00, 0x01, 0x00, 0x03, 0x00, 0x04, 0x00, 0x06, 0x00, 0x08,
  0x00, 0x09, 0x00, 0x0a, 0x00, 0x0b, 0x00, 0x0c, 0x00, 0x0d, 0x00, 0x0e,
  0x00, 0x0f, 0x00, 0x10, 0x00, 0x11, 0x00, 0x14, 0x00, 0x15, 0x00, 0x16,
  0x00, 0x17, 0x00, 0x18, 0x00, 0x19, 0x00, 0x1a, 0x00, 0x1e, 0x00, 0x20,
  0x00, 0x27, 0x00, 0x28, 0x00, 0x2e, 0x00, 0x30, 0x00, 0x31, 0x00, 0x32,
  0x00, 0x33, 0x00, 0x35, 0x00, 0x42, 0x00, 0x56, 0x00, 0x62, 0x00, 0x6b,
  0x00, 0x6f, 0x00, 0x70, 0x00, 0x01, 0x00, 0x42, 0xff, 0xaf, 0x00, 0x1f,
  0x00, 0x02, 0x00, 0x45, 0x00, 0x03, 0xff, 0xaf, 0x00, 0x04, 0x00, 0x45,
  0x00, 0x05, 0x00, 0x45, 0x00, 0x06, 0x00, 0x45, 0x00, 0x07, 0xff, 0xaf,
  0x00, 0x08, 0x00, 0x45, 0x00, 0x09, 0x00, 0x45, 0x00, 0x0b, 0x00, 0x45,
  0x00, 0x0c, 0x00, 0x45, 0x00, 0x0d, 0x00, 0x45, 0x00, 0x0e, 0x00, 0x45,
  0x00, 0x0f, 0xff, 0xaf, 0x00, 0x10, 0x00, 0x45, 0x00, 0x11, 0xff, 0xaf,
  0x00, 0x12, 0x00, 0x45, 0x00, 0x14, 0xff, 0x8c, 0x00, 0x15, 0xff, 0xaf,
  0x00, 0x16, 0xff, 0x5e, 0x00, 0x1c, 0x00, 0x45, 0x00, 0x22, 0x00, 0x45,
  0x00, 0x23, 0x00, 0x39, 0x00, 0x26, 0x00, 0xc5, 0x00, 0x27, 0x00, 0x45,
  0x00, 0x28, 0x00, 0x45, 0x00, 0x29, 0x00, 0x45, 0x00, 0x2a, 0x00, 0x45,
  0x00, 0x2c, 0x00, 0x45, 0x00, 0x2e, 0x00, 0x45, 0x00, 0x32, 0xff, 0x5e,
  0x00, 0x35, 0xff, 0x5e, 0x00, 0x07, 0x00, 0x01, 0xff, 0xe6, 0x00, 0x14,
  0xff, 0x5e, 0x00, 0x16, 0xff, 0x69, 0x00, 0x17, 0xff, 0x69, 0x00, 0x18,
  0xff, 0x8c, 0x00, 0x19, 0xff, 0x46, 0x00, 0x1a, 0xff, 0x80, 0x00, 0x05,
  0x00, 0x14, 0xff, 0xaf, 0x00, 0x16, 0xff, 0x9c, 0x00, 0x17, 0xff, 0x8b,
  0x00, 0x32, 0xff, 0x98, 0x00, 0x35, 0xff, 0x98, 0x00, 0x09, 0x00, 0x14,
  0xff, 0x8c, 0x00, 0x16, 0xff, 0x80, 0x00, 0x17, 0xff, 0xaf, 0x00, 0x19,
  0xff, 0x69, 0x00, 0x32, 0xff, 0xbb, 0x00, 0x33, 0xff, 0xbb, 0x00, 0x35,
  0xff, 0xbb, 0x00, 0x6f, 0xff, 0xaf, 0x00, 0x70, 0xff, 0xaf, 0x00, 0x01,
  0x00, 0x42, 0xff, 0xbb, 0x00, 0x02, 0x00, 0x61, 0xff, 0xbb, 0x00, 0x6b,
  0xff, 0x5e, 0x00, 0x02, 0x00, 0x61, 0xff, 0xaf, 0x00, 0x6b, 0xff, 0xbb,
  0x00, 0x01, 0x00, 0x61, 0xff, 0xc6, 0x00, 0x01, 0x00, 0x61, 0xff, 0xaf,
  0x00, 0x01, 0x00, 0x61, 0xff, 0x52, 0x00, 0x01, 0x00, 0x6b, 0xff, 0xe3,
  0x00, 0x01, 0x00, 0x61, 0xff, 0x80, 0x00, 0x02, 0x00, 0x42, 0xff, 0x80,
  0x00, 0x61, 0xff, 0x2f, 0x00, 0x02, 0x00, 0x61, 0xff, 0x8c, 0x00, 0x65,
  0xff, 0xba, 0x00, 0x02, 0x00, 0x42, 0xff, 0x98, 0x00, 0x61, 0xff, 0x69,
  0x00, 0x04, 0x00, 0x42, 0xff, 0x98, 0x00, 0x4b, 0xff, 0xbb, 0x00, 0x61,
  0xff, 0x69, 0x00, 0x6b, 0xff, 0x5e, 0x00, 0x05, 0x00, 0x42, 0xff, 0xbb,
  0x00, 0x54, 0xff, 0x98, 0x00, 0x5f, 0xff, 0xaf, 0x00, 0x61, 0xff, 0x5e,
  0x00, 0x6b, 0xff, 0x8c, 0x00, 0x02, 0x00, 0x42, 0xff, 0xbb, 0x00, 0x5d,
  0xff, 0xbb, 0x00, 0x03, 0x00, 0x57, 0xff, 0x98, 0x00, 0x65, 0xff, 0xaf,
  0x00, 0x6d, 0xff, 0xaf, 0x00, 0x01, 0x00, 0x61, 0xff, 0x75, 0x00, 0x01,
  0x00, 0x6b, 0xff, 0x98, 0x00, 0x01, 0x00, 0x6b, 0x00, 0x0c, 0x00, 0x02,
  0x00, 0x5d, 0xff, 0xbb, 0x00, 0x6b, 0xff, 0xbb, 0x00, 0x01, 0x00, 0x6b,
  0xff, 0xaf, 0x00, 0x01, 0x00, 0x61, 0xff, 0xe6, 0x00, 0x02, 0x00, 0x33,
  0x00, 0x00, 0x05, 0x79, 0x05, 0xd2, 0x00, 0x07, 0x00, 0x10, 0x00, 0x2c,
  0x40, 0x29, 0x0d, 0x01, 0x04, 0x00, 0x01, 0x4c, 0x00, 0x04, 0x00, 0x02,
  0x01, 0x04, 0x02, 0x68, 0x00, 0x00, 0x00, 0x56, 0x4d, 0x05, 0x03, 0x02,
  0x01, 0x01, 0x57, 0x01, 0x4e, 0x00, 0x00, 0x09, 0x08, 0x00, 0x07, 0x00,
  0x07, 0x11, 0x11, 0x11, 0x06, 0x0b, 0x19, 0x2b, 0x33, 0x01, 0x21, 0x01,
  0x23, 0x03, 0x21, 0x03, 0x13, 0x21, 0x27, 0x26, 0x26, 0x27, 0x06, 0x06,
  0x07, 0x33, 0x02, 0x12, 0x01, 0x18, 0x02, 0x1c, 0xf7, 0x89, 0xfd, 0xb6,
  0x85, 0xc6, 0x01, 0xc6, 0x56, 0x1e, 0x46, 0x2c, 0x2c, 0x45, 0x1c, 0x05,
  0xd2, 0xfa, 0x2e, 0x01, 0x89, 0xfe, 0x77, 0x02, 0x47, 0xf6, 0x59, 0xeb,
  0x9e, 0xa0, 0xed, 0x55, 0x00, 0x03, 0x00, 0xa5, 0x00, 0x00, 0x04, 0xd9,
  0x05, 0xd2, 0x00, 0x12, 0x00, 0x1b, 0x00, 0x24, 0x00, 0x39, 0x40, 0x36,
  0x09, 0x01, 0x03, 0x04, 0x01, 0x4c, 0x00, 0x04, 0x00, 0x03, 0x02, 0x04,
  0x03, 0x67, 0x00, 0x05, 0x05, 0x00, 0x5f, 0x00, 0x00, 0x00, 0x56, 0x4d,
  0x00, 0x02, 0x02, 0x01, 0x5f, 0x06, 0x01, 0x01, 0x01, 0x57, 0x01, 0x4e,
  0x00, 0x00, 0x24, 0x22, 0x1e, 0x1c, 0x1b, 0x19, 0x15, 0x13, 0x00, 0x12,
  0x00, 0x11, 0x21, 0x07, 0x0b, 0x17, 0x2b, 0x33, 0x11, 0x21, 0x32, 0x16,
  0x16, 0x15, 0x14, 0x06, 0x07, 0x15, 0x1e, 0x02, 0x15, 0x14, 0x06, 0x06,
  0x23, 0x25, 0x21, 0x32, 0x36, 0x35, 0x34, 0x26, 0x23, 0x21, 0x35, 0x21,
  0x32, 0x36, 0x35, 0x34, 0x26, 0x23, 0x21, 0xa5, 0x02, 0x25, 0x9e, 0xd0,
  0x67, 0x94, 0x68, 0x4b, 0x8e, 0x5d, 0x6b, 0xdf, 0xad, 0xfe, 0xa7, 0x01,
  0x42, 0xa1, 0x8b, 0x9d, 0x86, 0xfe, 0xb5, 0x01, 0x2b, 0x71, 0x9a, 0x81,
  0x84, 0xfe, 0xcf, 0x05, 0xd2, 0x68, 0xb1, 0x6e, 0x8c, 0x95, 0x1a, 0x0f,
  0x04, 0x57, 0xa2, 0x72, 0x73, 0xb6, 0x69, 0xc4, 0x7c, 0x5d, 0x69, 0x97,
  0xb0, 0x80, 0x6b, 0x5c, 0x7b, 0x00, 0x00, 0x01, 0x00, 0x71, 0xff, 0xec,
  0x05, 0x77, 0x05, 0xe6, 0x00, 0x1f, 0x00, 0x3b, 0x40, 0x38, 0x00, 0x02,
  0x03, 0x05, 0x03, 0x02, 0x05, 0x80, 0x00, 0x05, 0x04, 0x03, 0x05, 0x04,
  0x7e, 0x00, 0x03, 0x03, 0x01, 0x61, 0x00, 0x01, 0x01, 0x5c, 0x4d, 0x00,
  0x04, 0x04, 0x00, 0x61, 0x06, 0x01, 0x00, 0x00, 0x5d, 0x00, 0x4e, 0x01,
  0x00, 0x1c, 0x1b, 0x19, 0x17, 0x11, 0x0f, 0x0d, 0x0c, 0x09, 0x07, 0x00,
  0x1f, 0x01, 0x1f, 0x07, 0x0b, 0x16, 0x2b, 0x05, 0x22, 0x24, 0x02, 0x35,
  0x34, 0x12, 0x24, 0x33, 0x32, 0x04, 0x16, 0x17, 0x23, 0x26, 0x26, 0x23,
  0x22, 0x06, 0x06, 0x15, 0x14, 0x16, 0x16, 0x33, 0x32, 0x36, 0x37, 0x33,
  0x06, 0x06, 0x04, 0x03, 0x10, 0xc2, 0xfe, 0xd1, 0xae, 0xaf, 0x01, 0x2f,
  0xc1, 0x9d, 0x01, 0x04, 0xac, 0x19, 0xe5, 0x1c, 0xd7, 0x8c, 0x80, 0xca,
  0x75, 0x75, 0xca, 0x80, 0x8c, 0xd7, 0x1c, 0xe6, 0x17, 0xa7, 0xfe, 0xfb,
  0x14, 0xb8, 0x01, 0x56, 0xee, 0xef, 0x01, 0x57, 0xb8, 0x77, 0xe1, 0x9e,
  0x8e, 0x98, 0x81, 0xf9, 0xb4, 0xb5, 0xf8, 0x7f, 0x99, 0x8e, 0x94, 0xe2,
  0x81, 0x00, 0x00, 0x02, 0x00, 0xa5, 0x00, 0x00, 0x05, 0x56, 0x05, 0xd2,
  0x00, 0x0a, 0x00, 0x13, 0x00, 0x28, 0x40, 0x25, 0x00, 0x03, 0x03, 0x01,
  0x5f, 0x00, 0x01, 0x01, 0x56, 0x4d, 0x00, 0x02, 0x02, 0x00, 0x5f, 0x04,
  0x01, 0x00, 0x00, 0x57, 0x00, 0x4e, 0x01, 0x00, 0x13, 0x11, 0x0d, 0x0b,
  0x04, 0x02, 0x00, 0x0a, 0x01, 0x0a, 0x05, 0x0b, 0x16, 0x2b, 0x21, 0x21,
  0x11, 0x21, 0x32, 0x04, 0x12, 0x15, 0x14, 0x02, 0x04, 0x25, 0x33, 0x32,
  0x12, 0x11, 0x10, 0x02, 0x23, 0x21, 0x02, 0x8a, 0xfe, 0x1b, 0x01, 0xf3,
  0xdc, 0x01, 0x3a, 0xa8, 0xa9, 0xfe, 0xbf, 0xfe, 0x1d, 0xf4, 0xfd, 0xfc,
  0xf9, 0xf4, 0xff, 0x00, 0x05, 0xd2, 0xb3, 0xfe, 0xb4, 0xe8, 0xe9, 0xfe,
  0xb2, 0xb4, 0xc8, 0x01, 0x1b, 0x01, 0x08, 0x01, 0x07, 0x01, 0x18, 0x00,
  0x00, 0x01, 0x00, 0xa5, 0x00, 0x00, 0x04, 0x55, 0x05, 0xd2, 0x00, 0x0b,
  0x00, 0x2f, 0x40, 0x2c, 0x00, 0x02, 0x00, 0x03, 0x04, 0x02, 0x03, 0x67,
  0x00, 0x01, 0x01, 0x00, 0x5f, 0x00, 0x00, 0x00, 0x56, 0x4d, 0x00, 0x04,
  0x04, 0x05, 0x5f, 0x06, 0x01, 0x05, 0x05, 0x57, 0x05, 0x4e, 0x00, 0x00,
  0x00, 0x0b, 0x00, 0x0b, 0x11, 0x11, 0x11, 0x11, 0x11, 0x07, 0x0b, 0x1b,
  0x2b, 0x33, 0x11, 0x21, 0x15, 0x21, 0x11, 0x21, 0x15, 0x21, 0x11, 0x21,
  0x15, 0xa5, 0x03, 0xaa, 0xfd, 0x3a, 0x02, 0x94, 0xfd, 0x6c, 0x02, 0xcc,
  0x05, 0xd2, 0xc4, 0xfe, 0x44, 0xc3, 0xfe, 0x35, 0xc4, 0x00, 0x00, 0x01,
  0x00, 0xa5, 0x00, 0x00, 0x04, 0x44, 0x05, 0xd2, 0x00, 0x09, 0x00, 0x29,
  0x40, 0x26, 0x00, 0x02, 0x00, 0x03, 0x04, 0x02, 0x03, 0x67, 0x00, 0x01,
  0x01, 0x00, 0x5f, 0x00, 0x00, 0x00, 0x56, 0x4d, 0x05, 0x01, 0x04, 0x04,
  0x57, 0x04, 0x4e, 0x00, 0x00, 0x00, 0x09, 0x00, 0x09, 0x11, 0x11, 0x11,
  0x11, 0x06, 0x0b, 0x1a, 0x2b, 0x33, 0x11, 0x21, 0x15, 0x21, 0x11, 0x21,
  0x15, 0x21, 0x11, 0xa5, 0x03, 0x9f, 0xfd, 0x45, 0x02, 0x78, 0xfd, 0x88,
  0x05, 0xd2, 0xc4, 0xfe, 0x21, 0xc3, 0xfd, 0x94, 0x00, 0x01, 0x00, 0x71,
  0xff, 0xec, 0x05, 0x85, 0x05, 0xe6, 0x00, 0x22, 0x00, 0x3e, 0x40, 0x3b,
  0x00, 0x02, 0x03, 0x06, 0x03, 0x02, 0x06, 0x80, 0x00, 0x06, 0x00, 0x05,
  0x04, 0x06, 0x05, 0x67, 0x00, 0x03, 0x03, 0x01, 0x61, 0x00, 0x01, 0x01,
  0x5c, 0x4d, 0x00, 0x04, 0x04, 0x00, 0x61, 0x07, 0x01, 0x00, 0x00, 0x5d,
  0x00, 0x4e, 0x01, 0x00, 0x1e, 0x1d, 0x1c, 0x1b, 0x19, 0x17, 0x11, 0x0f,
  0x0d, 0x0c, 0x09, 0x07, 0x00, 0x22, 0x01, 0x22, 0x08, 0x0b, 0x16, 0x2b,
  0x05, 0x22, 0x24, 0x02, 0x35, 0x34, 0x12, 0x24, 0x33, 0x32, 0x04, 0x16,
  0x17, 0x23, 0x26, 0x26, 0x23, 0x22, 0x06, 0x06, 0x15, 0x14, 0x16, 0x16,
  0x33, 0x32, 0x36, 0x37, 0x21, 0x35, 0x21, 0x15, 0x14, 0x02, 0x04, 0x03,
  0x17, 0xca, 0xfe, 0xce, 0xaa, 0xad, 0x01, 0x2e, 0xc1, 0xa1, 0x01, 0x06,
  0xab, 0x19, 0xea, 0x29, 0xc3, 0x93, 0x7e, 0xc9, 0x75, 0x75, 0xcc, 0x84,
  0xb1, 0xd9, 0x04, 0xfe, 0x93, 0x02, 0x4c, 0xa1, 0xfe, 0xe8, 0x14, 0xba,
  0x01, 0x56, 0xec, 0xee, 0x01, 0x57, 0xb9, 0x7d, 0xdd, 0x91, 0x83, 0x98,
  0x80, 0xf9, 0xb4, 0xb4, 0xf8, 0x81, 0xd1, 0xb3, 0xbc, 0xab, 0xbc, 0xfe,
  0xed, 0x96, 0x00, 0x01, 0x00, 0xa5, 0x00, 0x00, 0x05, 0x50, 0x05, 0xd2,
  0x00, 0x0b, 0x00, 0x27, 0x40, 0x24, 0x00, 0x01, 0x00, 0x04, 0x03, 0x01,
  0x04, 0x67, 0x02, 0x01, 0x00, 0x00, 0x56, 0x4d, 0x06, 0x05, 0x02, 0x03,
  0x03, 0x57, 0x03, 0x4e, 0x00, 0x00, 0x00, 0x0b, 0x00, 0x0b, 0x11, 0x11,
  0x11, 0x11, 0x11, 0x07, 0x0b, 0x1b, 0x2b, 0x33, 0x11, 0x33, 0x11, 0x21,
  0x11, 0x33, 0x11, 0x23, 0x11, 0x21, 0x11, 0xa5, 0xe4, 0x02, 0xe2, 0xe5,
  0xe5, 0xfd, 0x1e, 0x05, 0xd2, 0xfd, 0x8a, 0x02, 0x76, 0xfa, 0x2e, 0x02,
  0x98, 0xfd, 0x68, 0x00, 0x00, 0x01, 0x00, 0xa5, 0x00, 0x00, 0x01, 0x89,
  0x05, 0xd2, 0x00, 0x03, 0x00, 0x19, 0x40, 0x16, 0x02, 0x01, 0x01, 0x01,
  0x56, 0x4d, 0x00, 0x00, 0x00, 0x57, 0x00, 0x4e, 0x00, 0x00, 0x00, 0x03,
  0x00, 0x03, 0x11, 0x03, 0x0b, 0x17, 0x2b, 0x01, 0x11, 0x23, 0x11, 0x01,
  0x89, 0xe4, 0x05, 0xd2, 0xfa, 0x2e, 0x05, 0xd2, 0x00, 0x01, 0x00, 0x59,
  0xff, 0xec, 0x03, 0xf5, 0x05, 0xd2, 0x00, 0x11, 0x00, 0x2b, 0x40, 0x28,
  0x00, 0x01, 0x03, 0x02, 0x03, 0x01, 0x02, 0x80, 0x00, 0x03, 0x03, 0x56,
  0x4d, 0x00, 0x02, 0x02, 0x00, 0x61, 0x04, 0x01, 0x00, 0x00, 0x5d, 0x00,
  0x4e, 0x01, 0x00, 0x0e, 0x0d, 0x0a, 0x08, 0x05, 0x04, 0x00, 0x11, 0x01,
  0x11, 0x05, 0x0b, 0x16, 0x2b, 0x05, 0x22, 0x26, 0x35, 0x35, 0x33, 0x15,
  0x14, 0x16, 0x33, 0x32, 0x36, 0x35, 0x11, 0x33, 0x11, 0x14, 0x06, 0x02,
  0x28, 0xd1, 0xfe, 0xe5, 0x80, 0x6a, 0x6a, 0x80, 0xe3, 0xfc, 0x14, 0xeb,
  0xda, 0x53, 0x54, 0x7f, 0x84, 0x84, 0x7f, 0x04, 0x22, 0xfb, 0xe0, 0xdb,
  0xeb, 0x00, 0x00, 0x01, 0x00, 0xa5, 0x00, 0x00, 0x05, 0x49, 0x05, 0xd2,
  0x00, 0x0f, 0x00, 0x26, 0x40, 0x23, 0x0e, 0x0d, 0x0a, 0x04, 0x04, 0x02,
  0x00, 0x01, 0x4c, 0x01, 0x01, 0x00, 0x00, 0x56, 0x4d, 0x04, 0x03, 0x02,
  0x02, 0x02, 0x57, 0x02, 0x4e, 0x00, 0x00, 0x00, 0x0f, 0x00, 0x0f, 0x12,
  0x16, 0x11, 0x05, 0x0b, 0x19, 0x2b, 0x33, 0x11, 0x33, 0x11, 0x03, 0x36,
  0x36, 0x37, 0x01, 0x21, 0x01, 0x01, 0x21, 0x01, 0x07, 0x11, 0xa5, 0xe4,
  0x03, 0x39, 0x79, 0x47, 0x01, 0xa2, 0x01, 0x22, 0xfd, 0xb6, 0x02, 0x50,
  0xfe, 0xf2, 0xfe, 0x1f, 0xd1, 0x05, 0xd2, 0xfe, 0x24, 0xfe, 0xd7, 0x50,
  0x96, 0x50, 0x01, 0xcf, 0xfd, 0x7b, 0xfc, 0xb3, 0x02, 0xb4, 0xe0, 0xfe,
  0x2c, 0x00, 0x00, 0x01, 0x00, 0xa5, 0x00, 0x00, 0x04, 0x2c, 0x05, 0xd2,
  0x00, 0x05, 0x00, 0x1f, 0x40, 0x1c, 0x00, 0x00, 0x00, 0x56, 0x4d, 0x00,
  0x01, 0x01, 0x02, 0x60, 0x03, 0x01, 0x02, 0x02, 0x57, 0x02, 0x4e, 0x00,
  0x00, 0x00, 0x05, 0x00, 0x05, 0x11, 0x11, 0x04, 0x0b, 0x18, 0x2b, 0x33,
  0x11, 0x33, 0x11, 0x21, 0x15, 0xa5, 0xe4, 0x02, 0xa3, 0x05, 0xd2, 0xfa,
  0xf2, 0xc4, 0x00, 0x01, 0x00, 0xa5, 0x00, 0x00, 0x06, 0xa9, 0x05, 0xd2,
  0x00, 0x22, 0x00, 0x27, 0x40, 0x24, 0x1d, 0x13, 0x07, 0x03, 0x02, 0x00,
  0x01, 0x4c, 0x01, 0x01, 0x00, 0x00, 0x56, 0x4d, 0x05, 0x04, 0x03, 0x03,
  0x02, 0x02, 0x57, 0x02, 0x4e, 0x00, 0x00, 0x00, 0x22, 0x00, 0x22, 0x19,
  0x11, 0x1a, 0x11, 0x06, 0x0b, 0x1a, 0x2b, 0x33, 0x11, 0x21, 0x01, 0x1e,
  0x02, 0x17, 0x3e, 0x02, 0x37, 0x01, 0x21, 0x11, 0x23, 0x11, 0x34, 0x12,
  0x37, 0x0e, 0x02, 0x07, 0x01, 0x23, 0x01, 0x26, 0x02, 0x27, 0x1e, 0x02,
  0x15, 0x11, 0xa5, 0x01, 0x50, 0x01, 0x45, 0x0f, 0x26, 0x28, 0x11, 0x12,
  0x28, 0x26, 0x0f, 0x01, 0x40, 0x01, 0x52, 0xe3, 0x05, 0x03, 0x1a, 0x38,
  0x32, 0x11, 0xfe, 0xcf, 0xc3, 0xfe, 0xcb, 0x1a, 0x51, 0x2b, 0x02, 0x04,
  0x03, 0x05, 0xd2, 0xfc, 0xa9, 0x28, 0x7f, 0x92, 0x44, 0x42, 0x92, 0x80,
  0x29, 0x03, 0x57, 0xfa, 0x2e, 0x03, 0x22, 0x52, 0x01, 0x03, 0x7d, 0x5b,
  0xb2, 0x97, 0x2e, 0xfc, 0xde, 0x03, 0x22, 0x43, 0x01, 0x00, 0x8a, 0x4e,
  0xaa, 0x9c, 0x39, 0xfc, 0xde, 0x00, 0x00, 0x01, 0x00, 0xa5, 0x00, 0x00,
  0x05, 0x68, 0x05, 0xd2, 0x00, 0x16, 0x00, 0x24, 0x40, 0x21, 0x12, 0x06,
  0x02, 0x02, 0x00, 0x01, 0x4c, 0x01, 0x01, 0x00, 0x00, 0x56, 0x4d, 0x04,
  0x03, 0x02, 0x02, 0x02, 0x57, 0x02, 0x4e, 0x00, 0x00, 0x00, 0x16, 0x00,
  0x16, 0x11, 0x18, 0x11, 0x05, 0x0b, 0x19, 0x2b, 0x33, 0x11, 0x21, 0x01,
  0x16, 0x16, 0x17, 0x26, 0x26, 0x35, 0x11, 0x33, 0x11, 0x21, 0x01, 0x2e,
  0x02, 0x27, 0x16, 0x16, 0x15, 0x11, 0xa5, 0x01, 0x07, 0x02, 0x31, 0x23,
  0x5e, 0x32, 0x08, 0x07, 0xe7, 0xfe, 0xf8, 0xfe, 0x09, 0x25, 0x43, 0x50,
  0x36, 0x07, 0x0a, 0x05, 0xd2, 0xfc, 0x89, 0x38, 0xa7, 0x6b, 0x6c, 0xc5,
  0x40, 0x03, 0x50, 0xfa, 0x2e, 0x03, 0x19, 0x3b, 0x74, 0x91, 0x64, 0x8c,
  0xdc, 0x3a, 0xfc, 0xe5, 0x00, 0x02, 0x00, 0x71, 0xff, 0xec, 0x05, 0xb1,
  0x05, 0xe6, 0x00, 0x0f, 0x00, 0x1f, 0x00, 0x2d, 0x40, 0x2a, 0x00, 0x03,
  0x03, 0x01, 0x61, 0x00, 0x01, 0x01, 0x5c, 0x4d, 0x05, 0x01, 0x02, 0x02,
  0x00, 0x61, 0x04, 0x01, 0x00, 0x00, 0x5d, 0x00, 0x4e, 0x11, 0x10, 0x01,
  0x00, 0x19, 0x17, 0x10, 0x1f, 0x11, 0x1f, 0x09, 0x07, 0x00, 0x0f, 0x01,
  0x0f, 0x06, 0x0b, 0x16, 0x2b, 0x05, 0x22, 0x24, 0x02, 0x35, 0x34, 0x12,
  0x24, 0x33, 0x32, 0x04, 0x12, 0x15, 0x14, 0x02, 0x04, 0x27, 0x32, 0x36,
  0x36, 0x35, 0x34, 0x26, 0x26, 0x23, 0x22, 0x06, 0x06, 0x15, 0x14, 0x16,
  0x16, 0x03, 0x12, 0xc1, 0xfe, 0xcf, 0xaf, 0xaf, 0x01, 0x31, 0xc1, 0xc1,
  0x01, 0x2f, 0xaf, 0xaf, 0xfe, 0xd1, 0xc1, 0x7f, 0xc9, 0x75, 0x75, 0xc9,
  0x7f, 0x80, 0xca, 0x75, 0x75, 0xca, 0x14, 0xb8, 0x01, 0x56, 0xee, 0xef,
  0x01, 0x57, 0xb8, 0xb8, 0xfe, 0xa9, 0xef, 0xee, 0xfe, 0xa9, 0xb7, 0xd0,
  0x80, 0xf8, 0xb4, 0xb5, 0xf9, 0x80, 0x80, 0xf9, 0xb5, 0xb4, 0xf8, 0x80,
  0x00, 0x02, 0x00, 0xa5, 0x00, 0x00, 0x04, 0xbf, 0x05, 0xd2, 0x00, 0x0c,
  0x00, 0x15, 0x00, 0x2b, 0x40, 0x28, 0x00, 0x03, 0x00, 0x01, 0x02, 0x03,
  0x01, 0x67, 0x00, 0x04, 0x04, 0x00, 0x5f, 0x00, 0x00, 0x00, 0x56, 0x4d,
  0x05, 0x01, 0x02, 0x02, 0x57, 0x02, 0x4e, 0x00, 0x00, 0x15, 0x13, 0x0f,
  0x0d, 0x00, 0x0c, 0x00, 0x0c, 0x26, 0x21, 0x06, 0x0b, 0x18, 0x2b, 0x33,
  0x11, 0x21, 0x32, 0x16, 0x16, 0x15, 0x14, 0x06, 0x06, 0x23, 0x21, 0x11,
  0x11, 0x21, 0x32, 0x36, 0x35, 0x34, 0x26, 0x23, 0x21, 0xa5, 0x02, 0x16,
  0xac, 0xe6, 0x72, 0x73, 0xe6, 0xad, 0xfe, 0xd0, 0x01, 0x1a, 0xa4, 0x91,
  0x91, 0xa6, 0xfe, 0xe8, 0x05, 0xd2, 0x7f, 0xdb, 0x8a, 0x8a, 0xdb, 0x7f,
  0xfd, 0xf6, 0x02, 0xcb, 0xa5, 0x7e, 0x7e, 0xa3, 0x00, 0x02, 0x00, 0x71,
  0xff, 0x79, 0x05, 0xb1, 0x05, 0xe6, 0x00, 0x13, 0x00, 0x27, 0x00, 0x45,
  0x40, 0x42, 0x27, 0x16, 0x02, 0x05, 0x03, 0x12, 0x0f, 0x02, 0x00, 0x05,
  0x02, 0x4c, 0x00, 0x03, 0x04, 0x05, 0x04, 0x03, 0x05, 0x80, 0x00, 0x02,
  0x00, 0x02, 0x86, 0x00, 0x04, 0x04, 0x01, 0x61, 0x00, 0x01, 0x01, 0x5c,
  0x4d, 0x00, 0x05, 0x05, 0x00, 0x62, 0x06, 0x01, 0x00, 0x00, 0x5d, 0x00,
  0x4e, 0x01, 0x00, 0x26, 0x24, 0x1e, 0x1c, 0x15, 0x14, 0x11, 0x10, 0x09,
  0x07, 0x00, 0x13, 0x01, 0x13, 0x07, 0x0b, 0x16, 0x2b, 0x05, 0x22, 0x24,
  0x02, 0x35, 0x34, 0x12, 0x24, 0x33, 0x32, 0x04, 0x12, 0x15, 0x14, 0x02,
  0x07, 0x13, 0x23, 0x27, 0x06, 0x03, 0x33, 0x17, 0x36, 0x36, 0x35, 0x34,
  0x26, 0x26, 0x23, 0x22, 0x06, 0x06, 0x15, 0x14, 0x16, 0x16, 0x33, 0x32,
  0x37, 0x03, 0x12, 0xc1, 0xfe, 0xcf, 0xaf, 0xaf, 0x01, 0x31, 0xc1, 0xc1,
  0x01, 0x2f, 0xaf, 0x86, 0x74, 0xc7, 0xe3, 0x7f, 0x7b, 0xd8, 0xdb, 0x8d,
  0x49, 0x55, 0x75, 0xc9, 0x7f, 0x80, 0xca, 0x75, 0x75, 0xca, 0x80, 0x47,
  0x40, 0x14, 0xb8, 0x01, 0x56, 0xee, 0xef, 0x01, 0x57, 0xb8, 0xb8, 0xfe,
  0xa9, 0xef, 0xcf, 0xfe, 0xc7, 0x62, 0xfe, 0xfb, 0xa7, 0x34, 0x01, 0xf5,
  0xb7, 0x46, 0xe0, 0x98, 0xb5, 0xf9, 0x80, 0x80, 0xf9, 0xb5, 0xb4, 0xf8,
  0x80, 0x14, 0x00, 0x02, 0x00, 0xa5, 0x00, 0x00, 0x04, 0xf7, 0x05, 0xd2,
  0x00, 0x10, 0x00, 0x19, 0x00, 0x33, 0x40, 0x30, 0x09, 0x01, 0x02, 0x04,
  0x01, 0x4c, 0x00, 0x04, 0x00, 0x02, 0x01, 0x04, 0x02, 0x67, 0x00, 0x05,
  0x05, 0x00, 0x5f, 0x00, 0x00, 0x00, 0x56, 0x4d, 0x06, 0x03, 0x02, 0x01,
  0x01, 0x57, 0x01, 0x4e, 0x00, 0x00, 0x19, 0x17, 0x13, 0x11, 0x00, 0x10,
  0x00, 0x10, 0x31, 0x17, 0x21, 0x07, 0x0b, 0x19, 0x2b, 0x33, 0x11, 0x21,
  0x32, 0x16, 0x16, 0x15, 0x14, 0x06, 0x07, 0x01, 0x21, 0x01, 0x22, 0x23,
  0x21, 0x11, 0x11, 0x21, 0x32, 0x36, 0x35, 0x34, 0x26, 0x23, 0x21, 0xa5,
  0x02, 0x16, 0xac, 0xe6, 0x72, 0x88, 0x88, 0x01, 0x48, 0xfe, 0xfd, 0xfe,
  0xd2, 0x06, 0x07, 0xfe, 0xd0, 0x01, 0x1a, 0xa4, 0x91, 0x92, 0xa5, 0xfe,
  0xe8, 0x05, 0xd2, 0x78, 0xd3, 0x89, 0x96, 0xdb, 0x33, 0xfd, 0xa6, 0x02,
  0x33, 0xfd, 0xcd, 0x02, 0xf6, 0x8b, 0x7d, 0x7e, 0x93, 0x00, 0x00, 0x01,
  0x00, 0x6a, 0xff, 0xe7, 0x04, 0xc1, 0x05, 0xe6, 0x00, 0x2d, 0x00, 0x3b,
  0x40, 0x38, 0x00, 0x04, 0x05, 0x01, 0x05, 0x04, 0x01, 0x80, 0x00, 0x01,
  0x02, 0x05, 0x01, 0x02, 0x7e, 0x00, 0x05, 0x05, 0x03, 0x61, 0x00, 0x03,
  0x03, 0x5c, 0x4d, 0x00, 0x02, 0x02, 0x00, 0x61, 0x06, 0x01, 0x00, 0x00,
  0x60, 0x00, 0x4e, 0x01, 0x00, 0x1e, 0x1c, 0x1a, 0x19, 0x16, 0x14, 0x08,
  0x06, 0x04, 0x03, 0x00, 0x2d, 0x01, 0x2d, 0x07, 0x0b, 0x16, 0x2b, 0x05,
  0x22, 0x24, 0x27, 0x33, 0x16, 0x16, 0x33, 0x32, 0x36, 0x35, 0x34, 0x26,
  0x27, 0x27, 0x26, 0x26, 0x35, 0x34, 0x36, 0x36, 0x33, 0x32, 0x16, 0x16,
  0x17, 0x23, 0x26, 0x26, 0x23, 0x22, 0x06, 0x15, 0x14, 0x16, 0x16, 0x17,
  0x17, 0x1e, 0x03, 0x15, 0x14, 0x06, 0x06, 0x02, 0x99, 0xfb, 0xfe, 0xd6,
  0x0a, 0xe5, 0x0a, 0xbe, 0x81, 0x8e, 0xba, 0xa3, 0x78, 0xae, 0xb7, 0xcd,
  0x8b, 0xef, 0x96, 0x99, 0xe9, 0x85, 0x03, 0xde, 0x0b, 0xa7, 0x7f, 0x87,
  0xa0, 0x56, 0x7d, 0x39, 0x91, 0x47, 0x97, 0x80, 0x4f, 0x82, 0xf7, 0x19,
  0xeb, 0xcc, 0x7a, 0x75, 0x84, 0x6c, 0x61, 0x5f, 0x20, 0x30, 0x31, 0xc0,
  0x99, 0x81, 0xc1, 0x6b, 0x6b, 0xbb, 0x76, 0x66, 0x70, 0x7b, 0x5f, 0x47,
  0x57, 0x33, 0x0f, 0x26, 0x12, 0x3d, 0x61, 0x8f, 0x65, 0x7e, 0xc6, 0x71,
  0x00, 0x01, 0x00, 0x5a, 0x00, 0x00, 0x04, 0xdf, 0x05, 0xd2, 0x00, 0x07,
  0x00, 0x21, 0x40, 0x1e, 0x04, 0x03, 0x02, 0x01, 0x01, 0x00, 0x5f, 0x00,
  0x00, 0x00, 0x56, 0x4d, 0x00, 0x02, 0x02, 0x57, 0x02, 0x4e, 0x00, 0x00,
  0x00, 0x07, 0x00, 0x07, 0x11, 0x11, 0x11, 0x05, 0x0b, 0x19, 0x2b, 0x13,
  0x35, 0x21, 0x15, 0x21, 0x11, 0x23, 0x11, 0x5a, 0x04, 0x85, 0xfe, 0x31,
  0xe5, 0x05, 0x0e, 0xc4, 0xc4, 0xfa, 0xf2, 0x05, 0x0e, 0x00, 0x00, 0x01,
  0x00, 0xa5, 0xff, 0xe9, 0x05, 0x47, 0x05, 0xd2, 0x00, 0x13, 0x00, 0x24,
  0x40, 0x21, 0x03, 0x01, 0x01, 0x01, 0x56, 0x4d, 0x00, 0x02, 0x02, 0x00,
  0x61, 0x04, 0x01, 0x00, 0x00, 0x60, 0x00, 0x4e, 0x01, 0x00, 0x0f, 0x0e,
  0x0b, 0x09, 0x06, 0x05, 0x00, 0x13, 0x01, 0x13, 0x05, 0x0b, 0x16, 0x2b,
  0x05, 0x22, 0x24, 0x26, 0x35, 0x11, 0x33, 0x11, 0x14, 0x16, 0x33, 0x32,
  0x36, 0x35, 0x11, 0x33, 0x11, 0x14, 0x06, 0x04, 0x02, 0xf7, 0xb4, 0xfe,
  0xf5, 0x93, 0xe4, 0xc5, 0xa9, 0xa8, 0xc3, 0xe5, 0x94, 0xfe, 0xf6, 0x17,
  0x89, 0xf2, 0x9c, 0x03, 0xd2, 0xfc, 0x41, 0x97, 0xc4, 0xc4, 0x97, 0x03,
  0xbf, 0xfc, 0x2e, 0x9c, 0xf2, 0x89, 0x00, 0x01, 0x00, 0x33, 0x00, 0x00,
  0x05, 0x79, 0x05, 0xd2, 0x00, 0x0c, 0x00, 0x21, 0x40, 0x1e, 0x06, 0x01,
  0x02, 0x00, 0x01, 0x4c, 0x01, 0x01, 0x00, 0x00, 0x56, 0x4d, 0x03, 0x01,
  0x02, 0x02, 0x57, 0x02, 0x4e, 0x00, 0x00, 0x00, 0x0c, 0x00, 0x0c, 0x18,
  0x11, 0x04, 0x0b, 0x18, 0x2b, 0x21, 0x01, 0x33, 0x01, 0x16, 0x16, 0x17,
  0x36, 0x36, 0x37, 0x01, 0x33, 0x01, 0x02, 0x4e, 0xfd, 0xe5, 0xf6, 0x01,
  0x22, 0x1c, 0x48, 0x2c, 0x2c, 0x46, 0x1b, 0x01, 0x1a, 0xf7, 0xfd, 0xec,
  0x05, 0xd2, 0xfc, 0xc3, 0x55, 0xed, 0x9c, 0x9f, 0xea, 0x55, 0x03, 0x3d,
  0xfa, 0x2e, 0x00, 0x01, 0x00, 0x33, 0x00, 0x00, 0x07, 0xd3, 0x05, 0xd2,
  0x00, 0x1e, 0x00, 0x27, 0x40, 0x24, 0x1a, 0x0f, 0x06, 0x03, 0x03, 0x00,
  0x01, 0x4c, 0x02, 0x01, 0x02, 0x00, 0x00, 0x56, 0x4d, 0x05, 0x04, 0x02,
  0x03, 0x03, 0x57, 0x03, 0x4e, 0x00, 0x00, 0x00, 0x1e, 0x00, 0x1e, 0x11,
  0x18, 0x18, 0x11, 0x06, 0x0b, 0x1a, 0x2b, 0x21, 0x01, 0x33, 0x13, 0x16,
  0x16, 0x17, 0x36, 0x36, 0x37, 0x13, 0x33, 0x13, 0x16, 0x16, 0x17, 0x36,
  0x36, 0x37, 0x13, 0x33, 0x01, 0x21, 0x03, 0x26, 0x26, 0x27, 0x06, 0x06,
  0x07, 0x03, 0x01, 0xc7, 0xfe, 0x6c, 0xf0, 0xd7, 0x18, 0x2a, 0x13, 0x15,
  0x2b, 0x1a, 0xdd, 0xfa, 0xdb, 0x19, 0x2c, 0x15, 0x13, 0x2b, 0x17, 0xd7,
  0xf2, 0xfe, 0x6a, 0xfe, 0xf9, 0xed, 0x14, 0x23, 0x10, 0x10, 0x21, 0x16,
  0xec, 0x05, 0xd2, 0xfc, 0xaa, 0x62, 0xd5, 0x6c, 0x6c, 0xd5, 0x62, 0x03,
  0x56, 0xfc, 0xaa, 0x61, 0xd2, 0x6a, 0x6a, 0xd2, 0x61, 0x03, 0x56, 0xfa,
  0x2e, 0x03, 0x73, 0x4b, 0xaa, 0x61, 0x5c, 0xa7, 0x53, 0xfc, 0x8d, 0x00,
  0x00, 0x01, 0x00, 0x37, 0x00, 0x00, 0x05, 0x64, 0x05, 0xd2, 0x00, 0x17,
  0x00, 0x26, 0x40, 0x23, 0x13, 0x0d, 0x07, 0x01, 0x04, 0x02, 0x00, 0x01,
  0x4c, 0x01, 0x01, 0x00, 0x00, 0x56, 0x4d, 0x04, 0x03, 0x02, 0x02, 0x02,
  0x57, 0x02, 0x4e, 0x00, 0x00, 0x00, 0x17, 0x00, 0x17, 0x12, 0x18, 0x12,
  0x05, 0x0b, 0x19, 0x2b, 0x33, 0x01, 0x01, 0x21, 0x13, 0x16, 0x16, 0x17,
  0x36, 0x36, 0x37, 0x13, 0x21, 0x01, 0x01, 0x21, 0x03, 0x26, 0x26, 0x27,
  0x06, 0x06, 0x07, 0x03, 0x37, 0x02, 0x16, 0xfe, 0x10, 0x01, 0x09, 0xc5,
  0x3d, 0x44, 0x24, 0x24, 0x45, 0x3e, 0xc9, 0x01, 0x03, 0xfe, 0x11, 0x02,
  0x10, 0xfe, 0xf6, 0xf3, 0x37, 0x3f, 0x23, 0x22, 0x41, 0x38, 0xf6, 0x02,
  0xfb, 0x02, 0xd7, 0xfe, 0xda, 0x5b, 0x78, 0x47, 0x46, 0x79, 0x5b, 0x01,
  0x26, 0xfd, 0x30, 0xfc, 0xfe, 0x01, 0x64, 0x51, 0x69, 0x42, 0x40, 0x6b,
  0x51, 0xfe, 0x9c, 0x00, 0x00, 0x01, 0x00, 0x33, 0x00, 0x00, 0x05, 0x5f,
  0x05, 0xd2, 0x00, 0x0e, 0x00, 0x23, 0x40, 0x20, 0x0d, 0x07, 0x01, 0x03,
  0x02, 0x00, 0x01, 0x4c, 0x01, 0x01, 0x00, 0x00, 0x56, 0x4d, 0x03, 0x01,
  0x02, 0x02, 0x57, 0x02, 0x4e, 0x00, 0x00, 0x00, 0x0e, 0x00, 0x0e, 0x18,
  0x12, 0x04, 0x0b, 0x18, 0x2b, 0x21, 0x11, 0x01, 0x21, 0x01, 0x16, 0x16,
  0x17, 0x36, 0x36, 0x37, 0x01, 0x21, 0x01, 0x11, 0x02, 0x58, 0xfd, 0xdb,
  0x01, 0x0a, 0x01, 0x18, 0x23, 0x39, 0x1b, 0x1c, 0x38, 0x21, 0x01, 0x15,
  0x01, 0x09, 0xfd, 0xdd, 0x02, 0x51, 0x03, 0x81, 0xfe, 0x25, 0x3b, 0x6b,
  0x42, 0x44, 0x6b, 0x39, 0x01, 0xdb, 0xfc, 0x7f, 0xfd, 0xaf, 0x00, 0x01,
  0x00, 0x77, 0x00, 0x00, 0x04, 0xa9, 0x05, 0xd2, 0x00, 0x15, 0x00, 0x2f,
  0x40, 0x2c, 0x0c, 0x01, 0x00, 0x01, 0x01, 0x01, 0x03, 0x02, 0x02, 0x4c,
  0x00, 0x00, 0x00, 0x01, 0x5f, 0x00, 0x01, 0x01, 0x56, 0x4d, 0x00, 0x02,
  0x02, 0x03, 0x5f, 0x04, 0x01, 0x03, 0x03, 0x57, 0x03, 0x4e, 0x00, 0x00,
  0x00, 0x15, 0x00, 0x15, 0x45, 0x11, 0x45, 0x05, 0x0b, 0x19, 0x2b, 0x33,
  0x35, 0x01, 0x36, 0x36, 0x37, 0x06, 0x06, 0x23, 0x21, 0x35, 0x21, 0x15,
  0x01, 0x06, 0x06, 0x07, 0x36, 0x36, 0x33, 0x21, 0x15, 0x7d, 0x02, 0x85,
  0x23, 0x4e, 0x29, 0x49, 0x94, 0x49, 0xfe, 0x01, 0x04, 0x2c, 0xfd, 0x85,
  0x26, 0x53, 0x2b, 0x4a, 0x95, 0x4b, 0x01, 0xfb, 0x96, 0x03, 0xb1, 0x33,
  0x66, 0x33, 0x04, 0x01, 0xc4, 0x98, 0xfc, 0x5f, 0x37, 0x6d, 0x36, 0x04,
  0x01, 0xc4, 0x00, 0x02, 0x00, 0x53, 0xff, 0xe7, 0x03, 0xf7, 0x04, 0x6c,
  0x00, 0x23, 0x00, 0x32, 0x00, 0x62, 0x40, 0x09, 0x29, 0x20, 0x14, 0x13,
  0x04, 0x04, 0x01, 0x01, 0x4c, 0x4b, 0xb0, 0x15, 0x50, 0x58, 0x40, 0x18,
  0x00, 0x01, 0x01, 0x02, 0x61, 0x00, 0x02, 0x02, 0x5f, 0x4d, 0x06, 0x01,
  0x04, 0x04, 0x00, 0x61, 0x03, 0x05, 0x02, 0x00, 0x00, 0x60, 0x00, 0x4e,
  0x1b, 0x40, 0x1c, 0x00, 0x01, 0x01, 0x02, 0x61, 0x00, 0x02, 0x02, 0x5f,
  0x4d, 0x00, 0x03, 0x03, 0x57, 0x4d, 0x06, 0x01, 0x04, 0x04, 0x00, 0x61,
  0x05, 0x01, 0x00, 0x00, 0x60, 0x00, 0x4e, 0x59, 0x40, 0x15, 0x25, 0x24,
  0x01, 0x00, 0x24, 0x32, 0x25, 0x32, 0x1f, 0x1e, 0x19, 0x17, 0x11, 0x0f,
  0x00, 0x23, 0x01, 0x23, 0x07, 0x0b, 0x16, 0x2b, 0x05, 0x22, 0x26, 0x26,
  0x35, 0x34, 0x3e, 0x02, 0x37, 0x36, 0x36, 0x35, 0x35, 0x34, 0x26, 0x23,
  0x22, 0x06, 0x07, 0x27, 0x3e, 0x02, 0x33, 0x32, 0x1e, 0x02, 0x15, 0x11,
  0x23, 0x35, 0x23, 0x06, 0x06, 0x27, 0x32, 0x36, 0x36, 0x35, 0x35, 0x0e,
  0x02, 0x07, 0x06, 0x06, 0x15, 0x14, 0x16, 0x01, 0xcd, 0x6b, 0xab, 0x64,
  0x4a, 0x7c, 0x99, 0x4f, 0x94, 0x86, 0x6d, 0x69, 0x6e, 0x7e, 0x17, 0xcf,
  0x26, 0x8e, 0xb7, 0x64, 0x43, 0x98, 0x86, 0x54, 0xd5, 0x0b, 0x21, 0xa1,
  0x57, 0x59, 0x80, 0x45, 0x10, 0x69, 0x74, 0x22, 0x5d, 0x85, 0x77, 0x19,
  0x4f, 0x98, 0x6e, 0x5f, 0x7b, 0x47, 0x24, 0x09, 0x11, 0x19, 0x3b, 0x06,
  0x5d, 0x67, 0x60, 0x39, 0x36, 0x64, 0x7a, 0x38, 0x20, 0x53, 0x9a, 0x79,
  0xfd, 0x1a, 0x99, 0x42, 0x70, 0xb1, 0x47, 0x72, 0x42, 0x8f, 0x10, 0x17,
  0x10, 0x04, 0x0d, 0x4b, 0x56, 0x50, 0x51, 0x00, 0x00, 0x02, 0x00, 0x94,
  0xff, 0xea, 0x04, 0x92, 0x05, 0xd2, 0x00, 0x16, 0x00, 0x24, 0x00, 0x6b,
  0xb6, 0x0a, 0x04, 0x02, 0x04, 0x05, 0x01, 0x4c, 0x4b, 0xb0, 0x17, 0x50,
  0x58, 0x40, 0x1d, 0x00, 0x02, 0x02, 0x56, 0x4d, 0x00, 0x05, 0x05, 0x03,
  0x61, 0x00, 0x03, 0x03, 0x5f, 0x4d, 0x07, 0x01, 0x04, 0x04, 0x00, 0x61,
  0x01, 0x06, 0x02, 0x00, 0x00, 0x5d, 0x00, 0x4e, 0x1b, 0x40, 0x21, 0x00,
  0x02, 0x02, 0x56, 0x4d, 0x00, 0x05, 0x05, 0x03, 0x61, 0x00, 0x03, 0x03,
  0x5f, 0x4d, 0x00, 0x01, 0x01, 0x57, 0x4d, 0x07, 0x01, 0x04, 0x04, 0x00,
  0x61, 0x06, 0x01, 0x00, 0x00, 0x5d, 0x00, 0x4e, 0x59, 0x40, 0x17, 0x18,
  0x17, 0x01, 0x00, 0x20, 0x1e, 0x17, 0x24, 0x18, 0x24, 0x10, 0x0e, 0x09,
  0x08, 0x07, 0x06, 0x00, 0x16, 0x01, 0x16, 0x08, 0x0b, 0x16, 0x2b, 0x05,
  0x22, 0x26, 0x26, 0x27, 0x23, 0x15, 0x23, 0x11, 0x33, 0x11, 0x33, 0x3e,
  0x02, 0x33, 0x32, 0x16, 0x12, 0x15, 0x14, 0x02, 0x06, 0x27, 0x32, 0x36,
  0x36, 0x35, 0x34, 0x26, 0x26, 0x23, 0x22, 0x06, 0x15, 0x14, 0x16, 0x02,
  0xbf, 0x66, 0x80, 0x49, 0x14, 0x12, 0xd6, 0xdc, 0x0c, 0x13, 0x47, 0x80,
  0x69, 0x86, 0xd3, 0x7a, 0x78, 0xd3, 0xb9, 0x60, 0x81, 0x42, 0x41, 0x81,
  0x61, 0x8e, 0x94, 0x96, 0x16, 0x45, 0x5c, 0x24, 0xaf, 0x05, 0xd2, 0xfd,
  0xd6, 0x22, 0x5d, 0x45, 0x88, 0xfe, 0xfe, 0xb6, 0xb4, 0xfe, 0xfc, 0x8a,
  0xbb, 0x68, 0xb2, 0x6f, 0x6e, 0xaf, 0x66, 0xd5, 0xae, 0xaf, 0xda, 0x00,
  0x00, 0x01, 0x00, 0x60, 0xff, 0xe9, 0x04, 0x41, 0x04, 0x6c, 0x00, 0x1d,
  0x00, 0x31, 0x40, 0x2e, 0x1b, 0x1a, 0x0c, 0x0b, 0x04, 0x03, 0x02, 0x01,
  0x4c, 0x00, 0x02, 0x02, 0x01, 0x61, 0x00, 0x01, 0x01, 0x5f, 0x4d, 0x00,
  0x03, 0x03, 0x00, 0x61, 0x04, 0x01, 0x00, 0x00, 0x60, 0x00, 0x4e, 0x01,
  0x00, 0x18, 0x16, 0x10, 0x0e, 0x09, 0x07, 0x00, 0x1d, 0x01, 0x1d, 0x05,
  0x0b, 0x16, 0x2b, 0x05, 0x22, 0x26, 0x02, 0x35, 0x34, 0x12, 0x36, 0x33,
  0x32, 0x16, 0x17, 0x07, 0x26, 0x26, 0x23, 0x22, 0x06, 0x06, 0x15, 0x14,
  0x16, 0x16, 0x33, 0x32, 0x36, 0x37, 0x17, 0x06, 0x06, 0x02, 0x6a, 0x9e,
  0xea, 0x82, 0x82, 0xea, 0x9e, 0xae, 0xfd, 0x29, 0xd1, 0x17, 0x85, 0x66,
  0x65, 0x85, 0x41, 0x41, 0x85, 0x65, 0x68, 0x88, 0x16, 0xd0, 0x29, 0xfe,
  0x17, 0x90, 0x01, 0x03, 0xad, 0xae, 0x01, 0x05, 0x90, 0xaf, 0x9b, 0x32,
  0x57, 0x6b, 0x6a, 0xb3, 0x6c, 0x6b, 0xb1, 0x6a, 0x6f, 0x5b, 0x32, 0x9e,
  0xb4, 0x00, 0x00, 0x02, 0x00, 0x60, 0xff, 0xea, 0x04, 0x5e, 0x05, 0xd2,
  0x00, 0x16, 0x00, 0x24, 0x00, 0x6b, 0xb6, 0x12, 0x0c, 0x02, 0x04, 0x05,
  0x01, 0x4c, 0x4b, 0xb0, 0x17, 0x50, 0x58, 0x40, 0x1d, 0x00, 0x02, 0x02,
  0x56, 0x4d, 0x00, 0x05, 0x05, 0x01, 0x61, 0x00, 0x01, 0x01, 0x5f, 0x4d,
  0x07, 0x01, 0x04, 0x04, 0x00, 0x61, 0x03, 0x06, 0x02, 0x00, 0x00, 0x5d,
  0x00, 0x4e, 0x1b, 0x40, 0x21, 0x00, 0x02, 0x02, 0x56, 0x4d, 0x00, 0x05,
  0x05, 0x01, 0x61, 0x00, 0x01, 0x01, 0x5f, 0x4d, 0x00, 0x03, 0x03, 0x57,
  0x4d, 0x07, 0x01, 0x04, 0x04, 0x00, 0x61, 0x06, 0x01, 0x00, 0x00, 0x5d,
  0x00, 0x4e, 0x59, 0x40, 0x17, 0x18, 0x17, 0x01, 0x00, 0x1e, 0x1c, 0x17,
  0x24, 0x18, 0x24, 0x11, 0x10, 0x0f, 0x0e, 0x09, 0x07, 0x00, 0x16, 0x01,
  0x16, 0x08, 0x0b, 0x16, 0x2b, 0x05, 0x22, 0x26, 0x02, 0x35, 0x34, 0x12,
  0x36, 0x33, 0x32, 0x16, 0x16, 0x17, 0x33, 0x11, 0x33, 0x11, 0x23, 0x35,
  0x23, 0x0e, 0x02, 0x27, 0x32, 0x36, 0x35, 0x34, 0x26, 0x23, 0x22, 0x06,
  0x06, 0x15, 0x14, 0x16, 0x16, 0x02, 0x34, 0x88, 0xd3, 0x79, 0x7a, 0xd3,
  0x87, 0x68, 0x80, 0x47, 0x13, 0x0c, 0xdc, 0xd6, 0x12, 0x14, 0x49, 0x80,
  0x35, 0x8c, 0x96, 0x94, 0x8e, 0x61, 0x81, 0x41, 0x42, 0x82, 0x16, 0x8a,
  0x01, 0x04, 0xb4, 0xb6, 0x01, 0x02, 0x88, 0x45, 0x5d, 0x22, 0x02, 0x2a,
  0xfa, 0x2e, 0xaf, 0x24, 0x5c, 0x45, 0xbb, 0xda, 0xaf, 0xae, 0xd5, 0x66,
  0xaf, 0x6e, 0x6f, 0xb2, 0x68, 0x00, 0x00, 0x02, 0x00, 0x60, 0xff, 0xe9,
  0x04, 0x56, 0x04, 0x6c, 0x00, 0x17, 0x00, 0x1e, 0x00, 0x3b, 0x40, 0x38,
  0x15, 0x14, 0x02, 0x03, 0x02, 0x01, 0x4c, 0x00, 0x04, 0x00, 0x02, 0x03,
  0x04, 0x02, 0x67, 0x00, 0x05, 0x05, 0x01, 0x61, 0x00, 0x01, 0x01, 0x5f,
  0x4d, 0x00, 0x03, 0x03, 0x00, 0x61, 0x06, 0x01, 0x00, 0x00, 0x60, 0x00,
  0x4e, 0x01, 0x00, 0x1d, 0x1b, 0x19, 0x18, 0x12, 0x10, 0x0e, 0x0d, 0x09,
  0x07, 0x00, 0x17, 0x01, 0x17, 0x07, 0x0b, 0x16, 0x2b, 0x05, 0x22, 0x26,
  0x02, 0x35, 0x34, 0x12, 0x36, 0x33, 0x32, 0x16, 0x16, 0x15, 0x15, 0x21,
  0x16, 0x16, 0x33, 0x32, 0x36, 0x37, 0x17, 0x06, 0x06, 0x01, 0x21, 0x26,
  0x26, 0x23, 0x22, 0x06, 0x02, 0x76, 0xa5, 0xf0, 0x81, 0x7f, 0xe8, 0x9c,
  0x7f, 0xe5, 0x8f, 0xfc, 0xe7, 0x06, 0xac, 0x89, 0x5c, 0x85, 0x1d, 0xcf,
  0x28, 0xf4, 0xfe, 0x15, 0x02, 0x3e, 0x0c, 0x8d, 0x7f, 0x84, 0x99, 0x17,
  0x8e, 0x01, 0x02, 0xae, 0xac, 0x01, 0x06, 0x93, 0x71, 0xf7, 0xca, 0x4e,
  0xa2, 0xab, 0x50, 0x4e, 0x31, 0x83, 0xa0, 0x02, 0xa7, 0x84, 0xa2, 0xad,
  0x00, 0x01, 0x00, 0x14, 0x00, 0x00, 0x02, 0xed, 0x06, 0x18, 0x00, 0x18,
  0x00, 0x61, 0x40, 0x0a, 0x10, 0x01, 0x05, 0x04, 0x11, 0x01, 0x03, 0x05,
  0x02, 0x4c, 0x4b, 0xb0, 0x20, 0x50, 0x58, 0x40, 0x1d, 0x00, 0x05, 0x05,
  0x04, 0x61, 0x00, 0x04, 0x04, 0x5e, 0x4d, 0x02, 0x01, 0x00, 0x00, 0x03,
  0x5f, 0x07, 0x06, 0x02, 0x03, 0x03, 0x59, 0x4d, 0x00, 0x01, 0x01, 0x57,
  0x01, 0x4e, 0x1b, 0x40, 0x1b, 0x00, 0x04, 0x00, 0x05, 0x03, 0x04, 0x05,
  0x69, 0x02, 0x01, 0x00, 0x00, 0x03, 0x5f, 0x07, 0x06, 0x02, 0x03, 0x03,
  0x59, 0x4d, 0x00, 0x01, 0x01, 0x57, 0x01, 0x4e, 0x59, 0x40, 0x0f, 0x00,
  0x00, 0x00, 0x18, 0x00, 0x18, 0x25, 0x24, 0x11, 0x11, 0x11, 0x11, 0x08,
  0x0b, 0x1c, 0x2b, 0x01, 0x15, 0x23, 0x11, 0x23, 0x11, 0x23, 0x35, 0x33,
  0x35, 0x34, 0x36, 0x36, 0x33, 0x32, 0x16, 0x17, 0x07, 0x26, 0x26, 0x23,
  0x22, 0x06, 0x15, 0x15, 0x02, 0xbe, 0xfa, 0xdc, 0xd4, 0xd4, 0x5d, 0x97,
  0x59, 0x42, 0x5f, 0x17, 0x33, 0x10, 0x30, 0x22, 0x4f, 0x45, 0x04, 0x5e,
  0xb3, 0xfc, 0x55, 0x03, 0xab, 0xb3, 0x80, 0x68, 0x8c, 0x46, 0x15, 0x09,
  0xb2, 0x04, 0x0c, 0x4e, 0x4a, 0x62, 0x00, 0x02, 0x00, 0x60, 0xfe, 0x46,
  0x04, 0x61, 0x04, 0x6c, 0x00, 0x24, 0x00, 0x31, 0x00, 0x7d, 0x40, 0x0c,
  0x1d, 0x0c, 0x02, 0x05, 0x06, 0x04, 0x03, 0x02, 0x01, 0x02, 0x02, 0x4c,
  0x4b, 0xb0, 0x24, 0x50, 0x58, 0x40, 0x22, 0x00, 0x06, 0x06, 0x03, 0x61,
  0x04, 0x01, 0x03, 0x03, 0x5f, 0x4d, 0x08, 0x01, 0x05, 0x05, 0x02, 0x61,
  0x00, 0x02, 0x02, 0x57, 0x4d, 0x00, 0x01, 0x01, 0x00, 0x61, 0x07, 0x01,
  0x00, 0x00, 0x61, 0x00, 0x4e, 0x1b, 0x40, 0x26, 0x00, 0x04, 0x04, 0x59,
  0x4d, 0x00, 0x06, 0x06, 0x03, 0x61, 0x00, 0x03, 0x03, 0x5f, 0x4d, 0x08,
  0x01, 0x05, 0x05, 0x02, 0x61, 0x00, 0x02, 0x02, 0x57, 0x4d, 0x00, 0x01,
  0x01, 0x00, 0x61, 0x07, 0x01, 0x00, 0x00, 0x61, 0x00, 0x4e, 0x59, 0x40,
  0x19, 0x26, 0x25, 0x01, 0x00, 0x2c, 0x2a, 0x25, 0x31, 0x26, 0x31, 0x20,
  0x1f, 0x1a, 0x18, 0x12, 0x10, 0x09, 0x07, 0x00, 0x24, 0x01, 0x24, 0x09,
  0x0b, 0x16, 0x2b, 0x01, 0x22, 0x26, 0x27, 0x37, 0x1e, 0x02, 0x33, 0x32,
  0x36, 0x35, 0x35, 0x23, 0x0e, 0x02, 0x23, 0x22, 0x26, 0x26, 0x35, 0x34,
  0x36, 0x36, 0x33, 0x32, 0x16, 0x16, 0x17, 0x33, 0x35, 0x33, 0x11, 0x14,
  0x06, 0x06, 0x03, 0x32, 0x36, 0x35, 0x34, 0x26, 0x23, 0x22, 0x06, 0x06,
  0x15, 0x14, 0x16, 0x02, 0x68, 0xc2, 0xea, 0x2f, 0xb8, 0x14, 0x43, 0x71,
  0x5a, 0x7f, 0xa0, 0x13, 0x14, 0x47, 0x7f, 0x66, 0x84, 0xd3, 0x7c, 0x7b,
  0xd4, 0x87, 0x67, 0x81, 0x49, 0x13, 0x10, 0xd7, 0x86, 0xe4, 0x91, 0x8c,
  0x95, 0x93, 0x8e, 0x61, 0x83, 0x41, 0x95, 0xfe, 0x46, 0x8e, 0x65, 0x57,
  0x20, 0x47, 0x32, 0x79, 0x81, 0xda, 0x25, 0x56, 0x3f, 0x7c, 0xf3, 0xb3,
  0xb2, 0xff, 0x88, 0x45, 0x5c, 0x23, 0xb6, 0xfb, 0x92, 0x93, 0xbc, 0x5b,
  0x02, 0x82, 0xc2, 0xac, 0xa8, 0xd3, 0x65, 0xab, 0x6b, 0xa4, 0xca, 0x00,
  0x00, 0x01, 0x00, 0x94, 0x00, 0x00, 0x04, 0x3d, 0x05, 0xd2, 0x00, 0x13,
  0x00, 0x27, 0x40, 0x24, 0x05, 0x01, 0x00, 0x04, 0x01, 0x4c, 0x00, 0x01,
  0x01, 0x56, 0x4d, 0x00, 0x04, 0x04, 0x02, 0x61, 0x00, 0x02, 0x02, 0x5f,
  0x4d, 0x03, 0x01, 0x00, 0x00, 0x57, 0x00, 0x4e, 0x23, 0x13, 0x23, 0x11,
  0x11, 0x05, 0x0b, 0x1b, 0x2b, 0x01, 0x11, 0x23, 0x11, 0x33, 0x11, 0x36,
  0x36, 0x33, 0x32, 0x16, 0x15, 0x11, 0x23, 0x11, 0x34, 0x26, 0x23, 0x22,
  0x06, 0x01, 0x70, 0xdc, 0xda, 0x35, 0xaa, 0x73, 0xab, 0xd2, 0xdd, 0x7e,
  0x6e, 0x70, 0x94, 0x02, 0x96, 0xfd, 0x6a, 0x05, 0xd2, 0xfd, 0xc3, 0x6f,
  0x68, 0xd7, 0xcf, 0xfd, 0x3a, 0x02, 0xab, 0x79, 0x88, 0x91, 0xff, 0xff,
  0x00, 0x79, 0x00, 0x00, 0x01, 0x8e, 0x06, 0x0e, 0x02, 0x26, 0x00, 0x24,
  0x00, 0x00, 0x00, 0x06, 0x00, 0xb1, 0xfc, 0x00, 0x00, 0x00, 0x00, 0x01,
  0x00, 0x94, 0x00, 0x00, 0x01, 0x70, 0x04, 0x5e, 0x00, 0x03, 0x00, 0x19,
  0x40, 0x16, 0x00, 0x00, 0x00, 0x59, 0x4d, 0x02, 0x01, 0x01, 0x01, 0x57,
  0x01, 0x4e, 0x00, 0x00, 0x00, 0x03, 0x00, 0x03, 0x11, 0x03, 0x0b, 0x17,
  0x2b, 0x33, 0x11, 0x33, 0x11, 0x94, 0xdc, 0x04, 0x5e, 0xfb, 0xa2, 0x00,
  0x00, 0x01, 0xff, 0xde, 0xfe, 0x5e, 0x01, 0x70, 0x04, 0x5e, 0x00, 0x0b,
  0x00, 0x19, 0x40, 0x16, 0x00, 0x00, 0x00, 0x59, 0x4d, 0x00, 0x02, 0x02,
  0x01, 0x62, 0x00, 0x01, 0x01, 0x5b, 0x01, 0x4e, 0x21, 0x23, 0x10, 0x03,
  0x0b, 0x19, 0x2b, 0x13, 0x33, 0x11, 0x14, 0x06, 0x23, 0x23, 0x35, 0x33,
  0x32, 0x36, 0x35, 0x93, 0xdd, 0xb8, 0xae, 0x2c, 0x23, 0x4d, 0x45, 0x04,
  0x5e, 0xfb, 0x5a, 0xab, 0xaf, 0xbd, 0x51, 0x4d, 0xff, 0xff, 0xff, 0xde,
  0xfe, 0x5e, 0x01, 0x8d, 0x06, 0x0e, 0x02, 0x26, 0x00, 0x25, 0x00, 0x00,
  0x00, 0x06, 0x00, 0xb1, 0xfb, 0x00, 0x00, 0x00, 0x00, 0x01, 0x00, 0x94,
  0x00, 0x00, 0x04, 0x64, 0x05, 0xd2, 0x00, 0x0c, 0x00, 0x32, 0x40, 0x2f,
  0x0b, 0x0a, 0x07, 0x03, 0x03, 0x01, 0x01, 0x4c, 0x00, 0x01, 0x02, 0x03,
  0x02, 0x01, 0x03, 0x80, 0x00, 0x00, 0x00, 0x56, 0x4d, 0x00, 0x02, 0x02,
  0x59, 0x4d, 0x05, 0x04, 0x02, 0x03, 0x03, 0x57, 0x03, 0x4e, 0x00, 0x00,
  0x00, 0x0c, 0x00, 0x0c, 0x12, 0x11, 0x11, 0x11, 0x06, 0x0b, 0x1a, 0x2b,
  0x33, 0x11, 0x33, 0x11, 0x33, 0x01, 0x21, 0x01, 0x01, 0x21, 0x01, 0x07,
  0x11, 0x94, 0xdc, 0x14, 0x01, 0xb9, 0x01, 0x08, 0xfe, 0x3e, 0x01, 0xe1,
  0xfe, 0xf0, 0xfe, 0x87, 0x6b, 0x05, 0xd2, 0xfc, 0xb4, 0x01, 0xd8, 0xfe,
  0x1e, 0xfd, 0x84, 0x01, 0xf5, 0x6b, 0xfe, 0x76, 0x00, 0x01, 0x00, 0x94,
  0x00, 0x00, 0x01, 0x70, 0x05, 0xd2, 0x00, 0x03, 0x00, 0x19, 0x40, 0x16,
  0x02, 0x01, 0x01, 0x01, 0x56, 0x4d, 0x00, 0x00, 0x00, 0x57, 0x00, 0x4e,
  0x00, 0x00, 0x00, 0x03, 0x00, 0x03, 0x11, 0x03, 0x0b, 0x17, 0x2b, 0x01,
  0x11, 0x23, 0x11, 0x01, 0x70, 0xdc, 0x05, 0xd2, 0xfa, 0x2e, 0x05, 0xd2,
  0x00, 0x01, 0x00, 0x94, 0x00, 0x00, 0x06, 0x87, 0x04, 0x71, 0x00, 0x23,
  0x00, 0x56, 0xb6, 0x09, 0x03, 0x02, 0x03, 0x04, 0x01, 0x4c, 0x4b, 0xb0,
  0x1a, 0x50, 0x58, 0x40, 0x16, 0x06, 0x01, 0x04, 0x04, 0x00, 0x61, 0x02,
  0x01, 0x02, 0x00, 0x00, 0x59, 0x4d, 0x08, 0x07, 0x05, 0x03, 0x03, 0x03,
  0x57, 0x03, 0x4e, 0x1b, 0x40, 0x1a, 0x00, 0x00, 0x00, 0x59, 0x4d, 0x06,
  0x01, 0x04, 0x04, 0x01, 0x61, 0x02, 0x01, 0x01, 0x01, 0x5f, 0x4d, 0x08,
  0x07, 0x05, 0x03, 0x03, 0x03, 0x57, 0x03, 0x4e, 0x59, 0x40, 0x10, 0x00,
  0x00, 0x00, 0x23, 0x00, 0x23, 0x23, 0x13, 0x23, 0x14, 0x24, 0x23, 0x11,
  0x09, 0x0b, 0x1d, 0x2b, 0x33, 0x11, 0x33, 0x17, 0x36, 0x36, 0x33, 0x32,
  0x16, 0x17, 0x36, 0x36, 0x33, 0x32, 0x16, 0x16, 0x15, 0x11, 0x23, 0x11,
  0x34, 0x26, 0x23, 0x22, 0x06, 0x15, 0x11, 0x23, 0x11, 0x34, 0x26, 0x23,
  0x22, 0x06, 0x15, 0x11, 0x94, 0xd1, 0x05, 0x2b, 0xac, 0x64, 0x6d, 0x90,
  0x21, 0x2a, 0xc1, 0x77, 0x63, 0xa0, 0x5f, 0xdc, 0x7d, 0x55, 0x68, 0x77,
  0xd9, 0x73, 0x59, 0x5c, 0x89, 0x04, 0x5e, 0xd1, 0x74, 0x70, 0x7c, 0x6f,
  0x71, 0x7a, 0x56, 0xaa, 0x7f, 0xfd, 0x0e, 0x02, 0xdc, 0x70, 0x64, 0x80,
  0x64, 0xfd, 0x34, 0x02, 0xea, 0x5a, 0x6c, 0x7f, 0x7a, 0xfd, 0x49, 0x00,
  0x00, 0x01, 0x00, 0x94, 0x00, 0x00, 0x04, 0x3c, 0x04, 0x6c, 0x00, 0x13,
  0x00, 0x44, 0xb5, 0x05, 0x01, 0x00, 0x04, 0x01, 0x4c, 0x4b, 0xb0, 0x24,
  0x50, 0x58, 0x40, 0x12, 0x00, 0x04, 0x04, 0x01, 0x61, 0x02, 0x01, 0x01,
  0x01, 0x59, 0x4d, 0x03, 0x01, 0x00, 0x00, 0x57, 0x00, 0x4e, 0x1b, 0x40,
  0x16, 0x00, 0x01, 0x01, 0x59, 0x4d, 0x00, 0x04, 0x04, 0x02, 0x61, 0x00,
  0x02, 0x02, 0x5f, 0x4d, 0x03, 0x01, 0x00, 0x00, 0x57, 0x00, 0x4e, 0x59,
  0xb7, 0x23, 0x13, 0x23, 0x11, 0x11, 0x05, 0x0b, 0x1b, 0x2b, 0x01, 0x11,
  0x23, 0x11, 0x33, 0x17, 0x36, 0x36, 0x33, 0x32, 0x16, 0x15, 0x11, 0x23,
  0x11, 0x34, 0x26, 0x23, 0x22, 0x06, 0x01, 0x70, 0xdc, 0xd2, 0x01, 0x34,
  0xaf, 0x76, 0xab, 0xd1, 0xdc, 0x7e, 0x6e, 0x70, 0x94, 0x02, 0x96, 0xfd,
  0x6a, 0x04, 0x5e, 0xd7, 0x76, 0x6f, 0xd7, 0xcf, 0xfd, 0x3a, 0x02, 0xab,
  0x79, 0x88, 0x91, 0x00, 0x00, 0x02, 0x00, 0x60, 0xff, 0xe9, 0x04, 0x75,
  0x04, 0x6c, 0x00, 0x0f, 0x00, 0x1f, 0x00, 0x2d, 0x40, 0x2a, 0x00, 0x03,
  0x03, 0x01, 0x61, 0x00, 0x01, 0x01, 0x5f, 0x4d, 0x05, 0x01, 0x02, 0x02,
  0x00, 0x61, 0x04, 0x01, 0x00, 0x00, 0x60, 0x00, 0x4e, 0x11, 0x10, 0x01,
  0x00, 0x19, 0x17, 0x10, 0x1f, 0x11, 0x1f, 0x09, 0x07, 0x00, 0x0f, 0x01,
  0x0f, 0x06, 0x0b, 0x16, 0x2b, 0x05, 0x22, 0x26, 0x02, 0x35, 0x34, 0x12,
  0x36, 0x33, 0x32, 0x16, 0x12, 0x15, 0x14, 0x02, 0x06, 0x27, 0x32, 0x36,
  0x36, 0x35, 0x34, 0x26, 0x26, 0x23, 0x22, 0x06, 0x06, 0x15, 0x14, 0x16,
  0x16, 0x02, 0x6a, 0x9d, 0xeb, 0x82, 0x82, 0xeb, 0x9d, 0x9e, 0xeb, 0x82,
  0x82, 0xeb, 0x9e, 0x66, 0x85, 0x41, 0x41, 0x85, 0x66, 0x65, 0x84, 0x41,
  0x41, 0x84, 0x17, 0x90, 0x01, 0x03, 0xad, 0xae, 0x01, 0x05, 0x90, 0x90,
  0xfe, 0xfb, 0xae, 0xad, 0xfe, 0xfd, 0x90, 0xba, 0x6b, 0xb1, 0x6a, 0x6b,
  0xb3, 0x6b, 0x6b, 0xb3, 0x6b, 0x6a, 0xb1, 0x6b, 0x00, 0x02, 0x00, 0x94,
  0xfe, 0x5e, 0x04, 0x92, 0x04, 0x6c, 0x00, 0x16, 0x00, 0x24, 0x00, 0x68,
  0xb6, 0x14, 0x03, 0x02, 0x04, 0x05, 0x01, 0x4c, 0x4b, 0xb0, 0x24, 0x50,
  0x58, 0x40, 0x1d, 0x00, 0x05, 0x05, 0x00, 0x61, 0x01, 0x01, 0x00, 0x00,
  0x59, 0x4d, 0x07, 0x01, 0x04, 0x04, 0x02, 0x61, 0x00, 0x02, 0x02, 0x5d,
  0x4d, 0x06, 0x01, 0x03, 0x03, 0x5b, 0x03, 0x4e, 0x1b, 0x40, 0x21, 0x00,
  0x00, 0x00, 0x59, 0x4d, 0x00, 0x05, 0x05, 0x01, 0x61, 0x00, 0x01, 0x01,
  0x5f, 0x4d, 0x07, 0x01, 0x04, 0x04, 0x02, 0x61, 0x00, 0x02, 0x02, 0x5d,
  0x4d, 0x06, 0x01, 0x03, 0x03, 0x5b, 0x03, 0x4e, 0x59, 0x40, 0x14, 0x18,
  0x17, 0x00, 0x00, 0x20, 0x1e, 0x17, 0x24, 0x18, 0x24, 0x00, 0x16, 0x00,
  0x16, 0x26, 0x25, 0x11, 0x08, 0x0b, 0x19, 0x2b, 0x13, 0x11, 0x33, 0x15,
  0x33, 0x3e, 0x02, 0x33, 0x32, 0x16, 0x12, 0x15, 0x14, 0x02, 0x06, 0x23,
  0x22, 0x26, 0x26, 0x27, 0x23, 0x11, 0x01, 0x32, 0x36, 0x36, 0x35, 0x34,
  0x26, 0x26, 0x23, 0x22, 0x06, 0x15, 0x14, 0x16, 0x94, 0xd6, 0x12, 0x13,
  0x47, 0x80, 0x69, 0x86, 0xd3, 0x7a, 0x78, 0xd3, 0x88, 0x66, 0x80, 0x49,
  0x14, 0x0c, 0x01, 0x1e, 0x60, 0x81, 0x42, 0x41, 0x81, 0x61, 0x8e, 0x94,
  0x96, 0xfe, 0x5e, 0x06, 0x00, 0xb6, 0x22, 0x5d, 0x45, 0x88, 0xfe, 0xfe,
  0xb6, 0xb4, 0xfe, 0xfc, 0x8a, 0x45, 0x5c, 0x24, 0xfd, 0xaf, 0x02, 0x47,
  0x68, 0xb2, 0x6f, 0x6e, 0xaf, 0x66, 0xd5, 0xae, 0xaf, 0xda, 0x00, 0x02,
  0x00, 0x60, 0xfe, 0x5e, 0x04, 0x5e, 0x04, 0x6c, 0x00, 0x16, 0x00, 0x24,
  0x00, 0x61, 0xb6, 0x13, 0x02, 0x02, 0x04, 0x05, 0x01, 0x4c, 0x4b, 0xb0,
  0x24, 0x50, 0x58, 0x40, 0x1c, 0x00, 0x05, 0x05, 0x02, 0x61, 0x03, 0x01,
  0x02, 0x02, 0x5f, 0x4d, 0x06, 0x01, 0x04, 0x04, 0x01, 0x61, 0x00, 0x01,
  0x01, 0x5d, 0x4d, 0x00, 0x00, 0x00, 0x5b, 0x00, 0x4e, 0x1b, 0x40, 0x20,
  0x00, 0x03, 0x03, 0x59, 0x4d, 0x00, 0x05, 0x05, 0x02, 0x61, 0x00, 0x02,
  0x02, 0x5f, 0x4d, 0x06, 0x01, 0x04, 0x04, 0x01, 0x61, 0x00, 0x01, 0x01,
  0x5d, 0x4d, 0x00, 0x00, 0x00, 0x5b, 0x00, 0x4e, 0x59, 0x40, 0x0f, 0x18,
  0x17, 0x1e, 0x1c, 0x17, 0x24, 0x18, 0x24, 0x15, 0x26, 0x25, 0x10, 0x07,
  0x0b, 0x1a, 0x2b, 0x01, 0x23, 0x11, 0x23, 0x0e, 0x02, 0x23, 0x22, 0x26,
  0x02, 0x35, 0x34, 0x12, 0x36, 0x33, 0x32, 0x16, 0x16, 0x17, 0x33, 0x35,
  0x33, 0x01, 0x32, 0x36, 0x35, 0x34, 0x26, 0x23, 0x22, 0x06, 0x06, 0x15,
  0x14, 0x16, 0x16, 0x04, 0x5e, 0xdc, 0x0c, 0x14, 0x49, 0x80, 0x65, 0x88,
  0xd3, 0x79, 0x7a, 0xd3, 0x87, 0x68, 0x80, 0x47, 0x13, 0x12, 0xd6, 0xfe,
  0x06, 0x8c, 0x96, 0x94, 0x8e, 0x61, 0x81, 0x41, 0x42, 0x82, 0xfe, 0x5e,
  0x02, 0x51, 0x24, 0x5c, 0x45, 0x8a, 0x01, 0x04, 0xb4, 0xb6, 0x01, 0x02,
  0x88, 0x45, 0x5d, 0x22, 0xb6, 0xfc, 0x47, 0xda, 0xaf, 0xae, 0xd5, 0x66,
  0xaf, 0x6e, 0x6f, 0xb2, 0x68, 0x00, 0x00, 0x01, 0x00, 0x94, 0x00, 0x00,
  0x02, 0xed, 0x04, 0x6e, 0x00, 0x12, 0x00, 0x4e, 0x40, 0x0a, 0x03, 0x01,
  0x02, 0x00, 0x0b, 0x01, 0x03, 0x02, 0x02, 0x4c, 0x4b, 0xb0, 0x20, 0x50,
  0x58, 0x40, 0x12, 0x00, 0x02, 0x02, 0x00, 0x61, 0x01, 0x01, 0x00, 0x00,
  0x59, 0x4d, 0x04, 0x01, 0x03, 0x03, 0x57, 0x03, 0x4e, 0x1b, 0x40, 0x16,
  0x00, 0x00, 0x00, 0x59, 0x4d, 0x00, 0x02, 0x02, 0x01, 0x61, 0x00, 0x01,
  0x01, 0x5f, 0x4d, 0x04, 0x01, 0x03, 0x03, 0x57, 0x03, 0x4e, 0x59, 0x40,
  0x0c, 0x00, 0x00, 0x00, 0x12, 0x00, 0x12, 0x25, 0x24, 0x11, 0x05, 0x0b,
  0x19, 0x2b, 0x33, 0x11, 0x33, 0x15, 0x33, 0x36, 0x36, 0x33, 0x32, 0x16,
  0x17, 0x15, 0x26, 0x26, 0x23, 0x22, 0x06, 0x15, 0x11, 0x94, 0xd5, 0x0c,
  0x1e, 0x9b, 0x62, 0x15, 0x37, 0x11, 0x0c, 0x44, 0x23, 0x73, 0x97, 0x04,
  0x5e, 0xb4, 0x5b, 0x69, 0x04, 0x02, 0xd2, 0x03, 0x09, 0x8d, 0x6e, 0xfd,
  0x59, 0x00, 0x00, 0x01, 0x00, 0x62, 0xff, 0xe9, 0x03, 0xf2, 0x04, 0x6c,
  0x00, 0x25, 0x00, 0x31, 0x40, 0x2e, 0x16, 0x15, 0x04, 0x03, 0x04, 0x01,
  0x03, 0x01, 0x4c, 0x00, 0x03, 0x03, 0x02, 0x61, 0x00, 0x02, 0x02, 0x5f,
  0x4d, 0x00, 0x01, 0x01, 0x00, 0x61, 0x04, 0x01, 0x00, 0x00, 0x60, 0x00,
  0x4e, 0x01, 0x00, 0x1a, 0x18, 0x13, 0x11, 0x07, 0x05, 0x00, 0x25, 0x01,
  0x25, 0x05, 0x0b, 0x16, 0x2b, 0x05, 0x22, 0x26, 0x27, 0x37, 0x16, 0x33,
  0x32, 0x36, 0x35, 0x34, 0x27, 0x27, 0x24, 0x35, 0x34, 0x36, 0x36, 0x33,
  0x32, 0x16, 0x17, 0x07, 0x26, 0x26, 0x23, 0x22, 0x06, 0x15, 0x14, 0x16,
  0x17, 0x17, 0x04, 0x15, 0x14, 0x06, 0x06, 0x02, 0x25, 0xb6, 0xef, 0x1e,
  0xcf, 0x2d, 0xc9, 0x6b, 0x7d, 0x9d, 0xbc, 0xfe, 0xcc, 0x6f, 0xc3, 0x7f,
  0xb5, 0xce, 0x24, 0xc5, 0x15, 0x68, 0x63, 0x5b, 0x7a, 0x51, 0x5c, 0xb4,
  0x01, 0x31, 0x75, 0xd0, 0x17, 0x9d, 0x95, 0x2b, 0xab, 0x59, 0x3e, 0x6a,
  0x23, 0x2b, 0x45, 0xf0, 0x64, 0x96, 0x53, 0x9b, 0x7c, 0x2b, 0x3b, 0x59,
  0x52, 0x3f, 0x38, 0x45, 0x15, 0x28, 0x45, 0xe9, 0x66, 0x9d, 0x59, 0x00,
  0x00, 0x01, 0x00, 0x14, 0xff, 0xf1, 0x02, 0x91, 0x05, 0x68, 0x00, 0x17,
  0x00, 0x39, 0x40, 0x36, 0x09, 0x01, 0x01, 0x00, 0x0a, 0x01, 0x02, 0x01,
  0x02, 0x4c, 0x00, 0x05, 0x04, 0x05, 0x85, 0x03, 0x01, 0x00, 0x00, 0x04,
  0x5f, 0x07, 0x06, 0x02, 0x04, 0x04, 0x59, 0x4d, 0x00, 0x01, 0x01, 0x02,
  0x62, 0x00, 0x02, 0x02, 0x5d, 0x02, 0x4e, 0x00, 0x00, 0x00, 0x17, 0x00,
  0x17, 0x11, 0x11, 0x13, 0x26, 0x13, 0x11, 0x08, 0x0b, 0x1c, 0x2b, 0x01,
  0x15, 0x23, 0x11, 0x14, 0x16, 0x33, 0x32, 0x36, 0x37, 0x17, 0x06, 0x06,
  0x23, 0x22, 0x26, 0x35, 0x11, 0x23, 0x35, 0x33, 0x11, 0x33, 0x11, 0x02,
  0x72, 0xdf, 0x39, 0x41, 0x12, 0x37, 0x14, 0x27, 0x23, 0x51, 0x26, 0x98,
  0xa8, 0xa3, 0xa3, 0xdc, 0x04, 0x5e, 0xb3, 0xfd, 0x83, 0x43, 0x3f, 0x08,
  0x04, 0xb0, 0x0c, 0x0b, 0x9d, 0x8e, 0x02, 0x8f, 0xb3, 0x01, 0x0a, 0xfe,
  0xf6, 0x00, 0x00, 0x01, 0x00, 0x94, 0xff, 0xf2, 0x04, 0x3d, 0x04, 0x5e,
  0x00, 0x13, 0x00, 0x50, 0xb5, 0x11, 0x01, 0x02, 0x01, 0x01, 0x4c, 0x4b,
  0xb0, 0x24, 0x50, 0x58, 0x40, 0x13, 0x03, 0x01, 0x01, 0x01, 0x59, 0x4d,
  0x00, 0x02, 0x02, 0x00, 0x62, 0x04, 0x05, 0x02, 0x00, 0x00, 0x5d, 0x00,
  0x4e, 0x1b, 0x40, 0x17, 0x03, 0x01, 0x01, 0x01, 0x59, 0x4d, 0x00, 0x04,
  0x04, 0x57, 0x4d, 0x00, 0x02, 0x02, 0x00, 0x62, 0x05, 0x01, 0x00, 0x00,
  0x5d, 0x00, 0x4e, 0x59, 0x40, 0x11, 0x01, 0x00, 0x10, 0x0f, 0x0e, 0x0d,
  0x0a, 0x08, 0x05, 0x04, 0x00, 0x13, 0x01, 0x13, 0x06, 0x0b, 0x16, 0x2b,
  0x05, 0x22, 0x26, 0x35, 0x11, 0x33, 0x11, 0x14, 0x16, 0x33, 0x32, 0x36,
  0x35, 0x11, 0x33, 0x11, 0x23, 0x27, 0x06, 0x06, 0x02, 0x11, 0xab, 0xd2,
  0xdc, 0x7f, 0x6d, 0x70, 0x94, 0xdd, 0xd3, 0x01, 0x35, 0xaf, 0x0e, 0xd7,
  0xcf, 0x02, 0xc6, 0xfd, 0x55, 0x79, 0x88, 0x91, 0x85, 0x02, 0x96, 0xfb,
  0xa2, 0xd9, 0x7a, 0x6d, 0x00, 0x01, 0x00, 0x2e, 0x00, 0x00, 0x04, 0x6a,
  0x04, 0x5e, 0x00, 0x0c, 0x00, 0x21, 0x40, 0x1e, 0x06, 0x01, 0x02, 0x00,
  0x01, 0x4c, 0x01, 0x01, 0x00, 0x00, 0x59, 0x4d, 0x03, 0x01, 0x02, 0x02,
  0x57, 0x02, 0x4e, 0x00, 0x00, 0x00, 0x0c, 0x00, 0x0c, 0x18, 0x11, 0x04,
  0x0b, 0x18, 0x2b, 0x21, 0x01, 0x33, 0x13, 0x16, 0x16, 0x17, 0x36, 0x36,
  0x37, 0x13, 0x33, 0x01, 0x01, 0xd4, 0xfe, 0x5a, 0xee, 0xdd, 0x1a, 0x28,
  0x13, 0x12, 0x28, 0x19, 0xdd, 0xec, 0xfe, 0x5a, 0x04, 0x5e, 0xfd, 0x85,
  0x4a, 0x93, 0x4a, 0x49, 0x94, 0x4a, 0x02, 0x7b, 0xfb, 0xa2, 0x00, 0x01,
  0x00, 0x39, 0x00, 0x00, 0x06, 0x69, 0x04, 0x5e, 0x00, 0x1e, 0x00, 0x27,
  0x40, 0x24, 0x1a, 0x0f, 0x06, 0x03, 0x03, 0x00, 0x01, 0x4c, 0x02, 0x01,
  0x02, 0x00, 0x00, 0x59, 0x4d, 0x05, 0x04, 0x02, 0x03, 0x03, 0x57, 0x03,
  0x4e, 0x00, 0x00, 0x00, 0x1e, 0x00, 0x1e, 0x11, 0x18, 0x18, 0x11, 0x06,
  0x0b, 0x1a, 0x2b, 0x21, 0x01, 0x33, 0x13, 0x16, 0x16, 0x17, 0x36, 0x36,
  0x37, 0x13, 0x33, 0x13, 0x16, 0x16, 0x17, 0x36, 0x36, 0x37, 0x13, 0x33,
  0x01, 0x23, 0x03, 0x26, 0x26, 0x27, 0x06, 0x06, 0x07, 0x03, 0x01, 0x89,
  0xfe, 0xb0, 0xe8, 0x7b, 0x17, 0x35, 0x1a, 0x1a, 0x34, 0x19, 0x7b, 0xdc,
  0x7a, 0x17, 0x34, 0x1a, 0x19, 0x34, 0x18, 0x7b, 0xea, 0xfe, 0xaf, 0xdd,
  0x8a, 0x19, 0x30, 0x17, 0x18, 0x30, 0x19, 0x8a, 0x04, 0x5e, 0xfe, 0x31,
  0x5a, 0xd7, 0x83, 0x7e, 0xd8, 0x5e, 0x01, 0xcf, 0xfe, 0x31, 0x5b, 0xd7,
  0x80, 0x7f, 0xd6, 0x5d, 0x01, 0xcf, 0xfb, 0xa2, 0x01, 0xe1, 0x58, 0xc5,
  0x65, 0x65, 0xc7, 0x56, 0xfe, 0x1f, 0x00, 0x01, 0x00, 0x39, 0x00, 0x00,
  0x04, 0x3c, 0x04, 0x5e, 0x00, 0x17, 0x00, 0x26, 0x40, 0x23, 0x13, 0x0d,
  0x07, 0x01, 0x04, 0x02, 0x00, 0x01, 0x4c, 0x01, 0x01, 0x00, 0x00, 0x59,
  0x4d, 0x04, 0x03, 0x02, 0x02, 0x02, 0x57, 0x02, 0x4e, 0x00, 0x00, 0x00,
  0x17, 0x00, 0x17, 0x12, 0x18, 0x12, 0x05, 0x0b, 0x19, 0x2b, 0x33, 0x01,
  0x01, 0x33, 0x17, 0x16, 0x16, 0x17, 0x36, 0x36, 0x37, 0x37, 0x33, 0x01,
  0x01, 0x23, 0x27, 0x26, 0x26, 0x27, 0x06, 0x06, 0x07, 0x07, 0x39, 0x01,
  0x7e, 0xfe, 0x99, 0xf8, 0x7e, 0x24, 0x3a, 0x1b, 0x1b, 0x37, 0x25, 0x81,
  0xf4, 0xfe, 0x94, 0x01, 0x7d, 0xf7, 0x96, 0x23, 0x39, 0x1b, 0x19, 0x36,
  0x23, 0x98, 0x02, 0x3e, 0x02, 0x20, 0xcb, 0x3b, 0x6d, 0x33, 0x33, 0x6d,
  0x3b, 0xcb, 0xfd, 0xd8, 0xfd, 0xca, 0xee, 0x38, 0x68, 0x32, 0x32, 0x68,
  0x38, 0xee, 0x00, 0x01, 0x00, 0x2e, 0xfe, 0x56, 0x04, 0x6c, 0x04, 0x5e,
  0x00, 0x17, 0x00, 0x1e, 0x40, 0x1b, 0x0c, 0x06, 0x01, 0x00, 0x04, 0x02,
  0x00, 0x01, 0x4c, 0x01, 0x01, 0x00, 0x00, 0x59, 0x4d, 0x00, 0x02, 0x02,
  0x61, 0x02, 0x4e, 0x23, 0x18, 0x17, 0x03, 0x0b, 0x19, 0x2b, 0x13, 0x37,
  0x17, 0x16, 0x36, 0x37, 0x37, 0x01, 0x33, 0x13, 0x16, 0x16, 0x17, 0x36,
  0x36, 0x37, 0x13, 0x33, 0x01, 0x06, 0x06, 0x23, 0x22, 0x26, 0x85, 0x36,
  0x19, 0x55, 0x77, 0x1f, 0x18, 0xfe, 0x57, 0xee, 0xdd, 0x19, 0x26, 0x12,
  0x13, 0x28, 0x1a, 0xe1, 0xec, 0xfe, 0x1a, 0x33, 0xad, 0x87, 0x34, 0x51,
  0xfe, 0x6e, 0xb3, 0x06, 0x17, 0x39, 0x6c, 0x52, 0x04, 0x63, 0xfd, 0x85,
  0x4a, 0x90, 0x48, 0x48, 0x91, 0x49, 0x02, 0x7b, 0xfb, 0x07, 0x86, 0x89,
  0x0f, 0x00, 0x00, 0x01, 0x00, 0x7c, 0x00, 0x00, 0x03, 0xfd, 0x04, 0x5e,
  0x00, 0x0b, 0x00, 0x2f, 0x40, 0x2c, 0x07, 0x01, 0x00, 0x01, 0x01, 0x01,
  0x03, 0x02, 0x02, 0x4c, 0x00, 0x00, 0x00, 0x01, 0x5f, 0x00, 0x01, 0x01,
  0x59, 0x4d, 0x00, 0x02, 0x02, 0x03, 0x5f, 0x04, 0x01, 0x03, 0x03, 0x57,
  0x03, 0x4e, 0x00, 0x00, 0x00, 0x0b, 0x00, 0x0b, 0x22, 0x11, 0x22, 0x05,
  0x0b, 0x19, 0x2b, 0x33, 0x35, 0x01, 0x35, 0x21, 0x35, 0x21, 0x15, 0x01,
  0x15, 0x21, 0x15, 0x7c, 0x02, 0x5a, 0xfd, 0xb9, 0x03, 0x5a, 0xfd, 0xbd,
  0x02, 0x57, 0x96, 0x02, 0xfe, 0x0a, 0xc0, 0xa2, 0xfd, 0x0e, 0x0a, 0xc0,
  0x00, 0x03, 0x00, 0x6a, 0xff, 0x2c, 0x04, 0xc1, 0x06, 0xa6, 0x00, 0x27,
  0x00, 0x2e, 0x00, 0x36, 0x00, 0x4c, 0x40, 0x49, 0x11, 0x01, 0x03, 0x02,
  0x30, 0x1c, 0x02, 0x04, 0x03, 0x2f, 0x2e, 0x1d, 0x09, 0x04, 0x01, 0x04,
  0x28, 0x08, 0x02, 0x00, 0x01, 0x04, 0x4c, 0x00, 0x04, 0x03, 0x01, 0x03,
  0x04, 0x01, 0x80, 0x00, 0x01, 0x00, 0x03, 0x01, 0x00, 0x7e, 0x00, 0x02,
  0x07, 0x01, 0x06, 0x02, 0x06, 0x63, 0x00, 0x03, 0x03, 0x5c, 0x4d, 0x05,
  0x01, 0x00, 0x00, 0x5d, 0x00, 0x4e, 0x00, 0x00, 0x00, 0x27, 0x00, 0x27,
  0x1c, 0x13, 0x11, 0x1d, 0x12, 0x11, 0x08, 0x0b, 0x1c, 0x2b, 0x05, 0x35,
  0x26, 0x24, 0x27, 0x33, 0x16, 0x16, 0x17, 0x11, 0x27, 0x26, 0x26, 0x35,
  0x34, 0x36, 0x36, 0x37, 0x35, 0x33, 0x15, 0x1e, 0x02, 0x17, 0x23, 0x26,
  0x26, 0x27, 0x11, 0x17, 0x1e, 0x03, 0x15, 0x14, 0x04, 0x07, 0x15, 0x11,
  0x36, 0x36, 0x35, 0x34, 0x26, 0x27, 0x27, 0x11, 0x06, 0x06, 0x15, 0x14,
  0x16, 0x16, 0x02, 0x5d, 0xe1, 0xfe, 0xf8, 0x0a, 0xe5, 0x09, 0x98, 0x6d,
  0x46, 0xb7, 0xcd, 0x77, 0xce, 0x85, 0x78, 0x8b, 0xd2, 0x78, 0x03, 0xde,
  0x0a, 0x87, 0x69, 0x3f, 0x47, 0x97, 0x80, 0x4f, 0xfe, 0xff, 0xeb, 0x76,
  0x95, 0x99, 0x72, 0x78, 0x6b, 0x7b, 0x46, 0x6a, 0xd4, 0xbd, 0x0f, 0xe6,
  0xc0, 0x6c, 0x74, 0x0c, 0x01, 0xe9, 0x14, 0x31, 0xc0, 0x99, 0x77, 0xb6,
  0x70, 0x0d, 0xc3, 0xc2, 0x09, 0x6e, 0xb3, 0x70, 0x5b, 0x6d, 0x0c, 0xfe,
  0x33, 0x11, 0x12, 0x3d, 0x61, 0x8f, 0x65, 0xb3, 0xf1, 0x0f, 0xbd, 0x01,
  0x86, 0x0e, 0x7f, 0x60, 0x5e, 0x5e, 0x20, 0xf6, 0x01, 0xab, 0x0f, 0x74,
  0x53, 0x3f, 0x53, 0x33, 0x00, 0x02, 0x00, 0x71, 0xff, 0xec, 0x04, 0xb9,
  0x05, 0xe6, 0x00, 0x0b, 0x00, 0x17, 0x00, 0x2d, 0x40, 0x2a, 0x00, 0x03,
  0x03, 0x01, 0x61, 0x00, 0x01, 0x01, 0x5c, 0x4d, 0x05, 0x01, 0x02, 0x02,
  0x00, 0x61, 0x04, 0x01, 0x00, 0x00, 0x5d, 0x00, 0x4e, 0x0d, 0x0c, 0x01,
  0x00, 0x13, 0x11, 0x0c, 0x17, 0x0d, 0x17, 0x07, 0x05, 0x00, 0x0b, 0x01,
  0x0b, 0x06, 0x0b, 0x16, 0x2b, 0x05, 0x20, 0x00, 0x11, 0x10, 0x00, 0x21,
  0x20, 0x00, 0x11, 0x10, 0x00, 0x25, 0x32, 0x12, 0x11, 0x10, 0x02, 0x23,
  0x22, 0x02, 0x11, 0x10, 0x12, 0x02, 0x95, 0xfe, 0xfc, 0xfe, 0xe0, 0x01,
  0x21, 0x01, 0x03, 0x01, 0x03, 0x01, 0x21, 0xfe, 0xe1, 0xfe, 0xfb, 0x9b,
  0xa7, 0xa7, 0x9b, 0x9b, 0xa8, 0xa8, 0x14, 0x01, 0x90, 0x01, 0x6c, 0x01,
  0x6a, 0x01, 0x94, 0xfe, 0x6c, 0xfe, 0x96, 0xfe, 0x95, 0xfe, 0x6f, 0xc3,
  0x01, 0x2a, 0x01, 0x0f, 0x01, 0x10, 0x01, 0x2c, 0xfe, 0xd3, 0xfe, 0xf1,
  0xfe, 0xf1, 0xfe, 0xd6, 0x00, 0x01, 0x00, 0x5f, 0x00, 0x00, 0x02, 0xad,
  0x05, 0xd2, 0x00, 0x07, 0x00, 0x21, 0x40, 0x1e, 0x06, 0x05, 0x03, 0x03,
  0x00, 0x01, 0x01, 0x4c, 0x02, 0x01, 0x01, 0x01, 0x56, 0x4d, 0x00, 0x00,
  0x00, 0x57, 0x00, 0x4e, 0x00, 0x00, 0x00, 0x07, 0x00, 0x07, 0x11, 0x03,
  0x0b, 0x17, 0x2b, 0x01, 0x11, 0x23, 0x11, 0x23, 0x01, 0x35, 0x25, 0x02,
  0xad, 0xe2, 0x0a, 0xfe, 0x9e, 0x01, 0x46, 0x05, 0xd2, 0xfa, 0x2e, 0x05,
  0x03, 0xfe, 0xfe, 0xe5, 0xec, 0x00, 0x00, 0x01, 0x00, 0x8e, 0x00, 0x00,
  0x04, 0x68, 0x05, 0xe6, 0x00, 0x1c, 0x00, 0x34, 0x40, 0x31, 0x01, 0x01,
  0x04, 0x03, 0x01, 0x4c, 0x00, 0x01, 0x00, 0x03, 0x00, 0x01, 0x03, 0x80,
  0x00, 0x00, 0x00, 0x02, 0x61, 0x00, 0x02, 0x02, 0x5c, 0x4d, 0x00, 0x03,
  0x03, 0x04, 0x5f, 0x05, 0x01, 0x04, 0x04, 0x57, 0x04, 0x4e, 0x00, 0x00,
  0x00, 0x1c, 0x00, 0x1c, 0x28, 0x23, 0x12, 0x27, 0x06, 0x0b, 0x1a, 0x2b,
  0x33, 0x35, 0x01, 0x36, 0x36, 0x35, 0x34, 0x26, 0x23, 0x22, 0x06, 0x15,
  0x23, 0x34, 0x36, 0x36, 0x33, 0x32, 0x16, 0x16, 0x15, 0x14, 0x06, 0x06,
  0x07, 0x01, 0x15, 0x21, 0x15, 0x90, 0x01, 0xfa, 0x74, 0x78, 0x97, 0x71,
  0x77, 0x8e, 0xdb, 0x7e, 0xdb, 0x8b, 0x8e, 0xd7, 0x7a, 0x3d, 0x99, 0x8b,
  0xfe, 0xdc, 0x02, 0x9c, 0xa5, 0x02, 0x0b, 0x7a, 0xaa, 0x62, 0x70, 0x81,
  0x8f, 0x78, 0x88, 0xcd, 0x71, 0x70, 0xbf, 0x79, 0x51, 0x9d, 0xc4, 0x8c,
  0xfe, 0xcf, 0x0c, 0xc3, 0x00, 0x01, 0x00, 0x74, 0xff, 0xec, 0x04, 0x93,
  0x05, 0xe6, 0x00, 0x2d, 0x00, 0x4e, 0x40, 0x4b, 0x26, 0x01, 0x03, 0x04,
  0x01, 0x4c, 0x00, 0x06, 0x05, 0x04, 0x05, 0x06, 0x04, 0x80, 0x00, 0x01,
  0x03, 0x02, 0x03, 0x01, 0x02, 0x80, 0x00, 0x04, 0x00, 0x03, 0x01, 0x04,
  0x03, 0x69, 0x00, 0x05, 0x05, 0x07, 0x61, 0x00, 0x07, 0x07, 0x5c, 0x4d,
  0x00, 0x02, 0x02, 0x00, 0x61, 0x08, 0x01, 0x00, 0x00, 0x5d, 0x00, 0x4e,
  0x01, 0x00, 0x20, 0x1e, 0x1b, 0x1a, 0x18, 0x16, 0x12, 0x10, 0x0f, 0x0d,
  0x09, 0x07, 0x05, 0x04, 0x00, 0x2d, 0x01, 0x2d, 0x09, 0x0b, 0x16, 0x2b,
  0x05, 0x22, 0x26, 0x26, 0x27, 0x33, 0x16, 0x16, 0x33, 0x32, 0x36, 0x35,
  0x34, 0x26, 0x23, 0x23, 0x35, 0x33, 0x32, 0x36, 0x35, 0x34, 0x26, 0x23,
  0x22, 0x06, 0x07, 0x23, 0x3e, 0x02, 0x33, 0x32, 0x16, 0x16, 0x15, 0x14,
  0x06, 0x07, 0x15, 0x16, 0x16, 0x15, 0x14, 0x06, 0x06, 0x02, 0x83, 0x97,
  0xeb, 0x89, 0x04, 0xe7, 0x06, 0xa8, 0x78, 0x82, 0xa9, 0xaa, 0x99, 0x7f,
  0x7f, 0x7b, 0x9b, 0x88, 0x72, 0x6c, 0xa6, 0x04, 0xdc, 0x04, 0x87, 0xe1,
  0x8a, 0x8f, 0xd3, 0x72, 0x8c, 0x75, 0x95, 0xa2, 0x89, 0xee, 0x14, 0x68,
  0xb8, 0x7a, 0x63, 0x73, 0x85, 0x6c, 0x6f, 0x8d, 0xba, 0x81, 0x6b, 0x67,
  0x7d, 0x73, 0x66, 0x79, 0xb8, 0x67, 0x70, 0xb9, 0x6d, 0x7e, 0xad, 0x1f,
  0x0b, 0x17, 0xbf, 0x8c, 0x7c, 0xc2, 0x6f, 0x00, 0x00, 0x02, 0x00, 0x72,
  0x00, 0x00, 0x04, 0xd2, 0x05, 0xd2, 0x00, 0x0a, 0x00, 0x0f, 0x00, 0x37,
  0x40, 0x34, 0x0c, 0x01, 0x01, 0x00, 0x01, 0x01, 0x02, 0x01, 0x02, 0x4c,
  0x07, 0x05, 0x02, 0x01, 0x06, 0x04, 0x02, 0x02, 0x03, 0x01, 0x02, 0x68,
  0x00, 0x00, 0x00, 0x56, 0x4d, 0x00, 0x03, 0x03, 0x57, 0x03, 0x4e, 0x0b,
  0x0b, 0x00, 0x00, 0x0b, 0x0f, 0x0b, 0x0e, 0x00, 0x0a, 0x00, 0x0a, 0x11,
  0x11, 0x11, 0x12, 0x08, 0x0b, 0x1a, 0x2b, 0x13, 0x35, 0x01, 0x21, 0x11,
  0x33, 0x15, 0x23, 0x11, 0x23, 0x11, 0x37, 0x11, 0x23, 0x01, 0x15, 0x72,
  0x02, 0x82, 0x01, 0x1a, 0xc4, 0xc4, 0xdb, 0x02, 0x0c, 0xfe, 0x37, 0x01,
  0x22, 0xb8, 0x03, 0xf8, 0xfc, 0x12, 0xc2, 0xfe, 0xde, 0x01, 0x22, 0xc2,
  0x02, 0xdf, 0xfd, 0x2d, 0x0c, 0x00, 0x00, 0x01, 0x00, 0x74, 0xff, 0xec,
  0x04, 0x62, 0x05, 0xd2, 0x00, 0x23, 0x00, 0x49, 0x40, 0x46, 0x18, 0x01,
  0x03, 0x06, 0x13, 0x12, 0x02, 0x01, 0x03, 0x02, 0x4c, 0x00, 0x01, 0x03,
  0x02, 0x03, 0x01, 0x02, 0x80, 0x00, 0x06, 0x00, 0x03, 0x01, 0x06, 0x03,
  0x69, 0x00, 0x05, 0x05, 0x04, 0x5f, 0x00, 0x04, 0x04, 0x56, 0x4d, 0x00,
  0x02, 0x02, 0x00, 0x61, 0x07, 0x01, 0x00, 0x00, 0x5d, 0x00, 0x4e, 0x01,
  0x00, 0x1d, 0x1b, 0x17, 0x16, 0x15, 0x14, 0x10, 0x0e, 0x09, 0x07, 0x05,
  0x04, 0x00, 0x23, 0x01, 0x23, 0x08, 0x0b, 0x16, 0x2b, 0x05, 0x22, 0x26,
  0x26, 0x27, 0x33, 0x16, 0x16, 0x33, 0x32, 0x36, 0x35, 0x34, 0x26, 0x26,
  0x23, 0x22, 0x06, 0x07, 0x27, 0x13, 0x21, 0x15, 0x21, 0x03, 0x33, 0x36,
  0x36, 0x33, 0x32, 0x16, 0x16, 0x15, 0x14, 0x06, 0x06, 0x02, 0x5f, 0x8b,
  0xda, 0x81, 0x05, 0xde, 0x08, 0x9a, 0x6b, 0x7f, 0xa5, 0x4e, 0x88, 0x58,
  0x44, 0x88, 0x29, 0xd2, 0x53, 0x03, 0x37, 0xfd, 0x88, 0x2f, 0x08, 0x2c,
  0x91, 0x54, 0x88, 0xd5, 0x7b, 0x84, 0xe9, 0x14, 0x6a, 0xba, 0x76, 0x60,
  0x7a, 0xac, 0x86, 0x5a, 0x8e, 0x51, 0x2f, 0x25, 0x1e, 0x02, 0xf1, 0xc3,
  0xfe, 0x60, 0x2c, 0x37, 0x80, 0xe0, 0x90, 0x91, 0xe3, 0x82, 0x00, 0x02,
  0x00, 0x71, 0xff, 0xec, 0x04, 0x9a, 0x05, 0xe6, 0x00, 0x1f, 0x00, 0x2f,
  0x00, 0x49, 0x40, 0x46, 0x14, 0x01, 0x05, 0x06, 0x01, 0x4c, 0x00, 0x02,
  0x03, 0x04, 0x03, 0x02, 0x04, 0x80, 0x00, 0x04, 0x00, 0x06, 0x05, 0x04,
  0x06, 0x69, 0x00, 0x03, 0x03, 0x01, 0x61, 0x00, 0x01, 0x01, 0x5c, 0x4d,
  0x08, 0x01, 0x05, 0x05, 0x00, 0x61, 0x07, 0x01, 0x00, 0x00, 0x5d, 0x00,
  0x4e, 0x21, 0x20, 0x01, 0x00, 0x29, 0x27, 0x20, 0x2f, 0x21, 0x2f, 0x19,
  0x17, 0x12, 0x10, 0x0e, 0x0d, 0x0a, 0x08, 0x00, 0x1f, 0x01, 0x1f, 0x09,
  0x0b, 0x16, 0x2b, 0x05, 0x22, 0x26, 0x26, 0x02, 0x35, 0x10, 0x12, 0x36,
  0x33, 0x32, 0x16, 0x16, 0x17, 0x23, 0x26, 0x26, 0x23, 0x22, 0x02, 0x15,
  0x33, 0x36, 0x36, 0x33, 0x32, 0x16, 0x16, 0x15, 0x14, 0x06, 0x06, 0x27,
  0x32, 0x36, 0x36, 0x35, 0x34, 0x26, 0x26, 0x23, 0x22, 0x06, 0x06, 0x15,
  0x14, 0x16, 0x16, 0x02, 0x93, 0x64, 0xc3, 0x9d, 0x5e, 0x89, 0xfe, 0xae,
  0x84, 0xcf, 0x82, 0x11, 0xe0, 0x16, 0x85, 0x6b, 0xa4, 0xb5, 0x0b, 0x39,
  0xc2, 0x76, 0x81, 0xd3, 0x7d, 0x82, 0xe9, 0x9d, 0x54, 0x87, 0x4f, 0x4c,
  0x85, 0x55, 0x55, 0x88, 0x50, 0x4d, 0x86, 0x14, 0x47, 0xa3, 0x01, 0x14,
  0xcd, 0x01, 0x02, 0x01, 0x6d, 0xc0, 0x69, 0xb8, 0x77, 0x5b, 0x75, 0xfe,
  0xe5, 0xfd, 0x5f, 0x6b, 0x7e, 0xdd, 0x8e, 0x8f, 0xe6, 0x86, 0xc0, 0x53,
  0x8e, 0x57, 0x56, 0x8b, 0x52, 0x56, 0x8c, 0x53, 0x53, 0x8d, 0x56, 0x00,
  0x00, 0x01, 0x00, 0x5a, 0x00, 0x00, 0x04, 0x37, 0x05, 0xd2, 0x00, 0x07,
  0x00, 0x25, 0x40, 0x22, 0x06, 0x01, 0x02, 0x00, 0x01, 0x4c, 0x00, 0x00,
  0x00, 0x01, 0x5f, 0x00, 0x01, 0x01, 0x56, 0x4d, 0x03, 0x01, 0x02, 0x02,
  0x57, 0x02, 0x4e, 0x00, 0x00, 0x00, 0x07, 0x00, 0x07, 0x11, 0x21, 0x04,
  0x0b, 0x18, 0x2b, 0x33, 0x01, 0x35, 0x21, 0x35, 0x21, 0x15, 0x01, 0xc0,
  0x02, 0x88, 0xfd, 0x12, 0x03, 0xdd, 0xfd, 0x78, 0x05, 0x03, 0x0c, 0xc3,
  0xcb, 0xfa, 0xf9, 0x00, 0x00, 0x03, 0x00, 0x71, 0xff, 0xec, 0x04, 0x99,
  0x05, 0xe6, 0x00, 0x1f, 0x00, 0x2b, 0x00, 0x37, 0x00, 0x45, 0x40, 0x42,
  0x17, 0x08, 0x02, 0x03, 0x04, 0x01, 0x4c, 0x08, 0x01, 0x04, 0x00, 0x03,
  0x02, 0x04, 0x03, 0x69, 0x00, 0x05, 0x05, 0x01, 0x61, 0x00, 0x01, 0x01,
  0x5c, 0x4d, 0x07, 0x01, 0x02, 0x02, 0x00, 0x61, 0x06, 0x01, 0x00, 0x00,
  0x5d, 0x00, 0x4e, 0x2d, 0x2c, 0x21, 0x20, 0x01, 0x00, 0x33, 0x31, 0x2c,
  0x37, 0x2d, 0x37, 0x27, 0x25, 0x20, 0x2b, 0x21, 0x2b, 0x11, 0x0f, 0x00,
  0x1f, 0x01, 0x1f, 0x09, 0x0b, 0x16, 0x2b, 0x05, 0x22, 0x26, 0x26, 0x35,
  0x34, 0x36, 0x36, 0x37, 0x35, 0x26, 0x26, 0x35, 0x34, 0x36, 0x36, 0x33,
  0x32, 0x16, 0x16, 0x15, 0x14, 0x06, 0x07, 0x15, 0x1e, 0x02, 0x15, 0x14,
  0x06, 0x06, 0x27, 0x32, 0x36, 0x35, 0x34, 0x26, 0x23, 0x22, 0x06, 0x15,
  0x14, 0x16, 0x13, 0x32, 0x36, 0x35, 0x34, 0x26, 0x23, 0x22, 0x06, 0x15,
  0x14, 0x16, 0x02, 0x84, 0x9d, 0xef, 0x87, 0x4e, 0x89, 0x56, 0x71, 0x86,
  0x7b, 0xd8, 0x8a, 0x89, 0xd7, 0x7d, 0x88, 0x6d, 0x53, 0x89, 0x51, 0x89,
  0xf0, 0x9c, 0x89, 0xa3, 0xab, 0x81, 0x83, 0xaa, 0xa2, 0x8b, 0x6e, 0x91,
  0x8e, 0x71, 0x73, 0x8c, 0x8e, 0x14, 0x6c, 0xbc, 0x79, 0x5e, 0xa0, 0x6b,
  0x0f, 0x08, 0x1b, 0xb9, 0x78, 0x72, 0xb3, 0x68, 0x68, 0xb3, 0x72, 0x78,
  0xb9, 0x1b, 0x08, 0x0f, 0x6b, 0xa0, 0x5e, 0x79, 0xbc, 0x6c, 0xb9, 0x88,
  0x6f, 0x73, 0x95, 0x94, 0x74, 0x6f, 0x88, 0x02, 0xb4, 0x82, 0x69, 0x69,
  0x7e, 0x7e, 0x69, 0x69, 0x82, 0x00, 0x00, 0x02, 0x00, 0x71, 0xff, 0xeb,
  0x04, 0x9a, 0x05, 0xe9, 0x00, 0x1f, 0x00, 0x2f, 0x00, 0x49, 0x40, 0x46,
  0x0b, 0x01, 0x05, 0x06, 0x01, 0x4c, 0x00, 0x01, 0x03, 0x02, 0x03, 0x01,
  0x02, 0x80, 0x08, 0x01, 0x05, 0x00, 0x03, 0x01, 0x05, 0x03, 0x69, 0x00,
  0x06, 0x06, 0x04, 0x61, 0x00, 0x04, 0x04, 0x5c, 0x4d, 0x00, 0x02, 0x02,
  0x00, 0x61, 0x07, 0x01, 0x00, 0x00, 0x5d, 0x00, 0x4e, 0x21, 0x20, 0x01,
  0x00, 0x29, 0x27, 0x20, 0x2f, 0x21, 0x2f, 0x18, 0x16, 0x10, 0x0e, 0x09,
  0x07, 0x05, 0x04, 0x00, 0x1f, 0x01, 0x1f, 0x09, 0x0b, 0x16, 0x2b, 0x05,
  0x22, 0x26, 0x26, 0x27, 0x33, 0x16, 0x16, 0x33, 0x32, 0x12, 0x35, 0x23,
  0x06, 0x06, 0x23, 0x22, 0x26, 0x26, 0x35, 0x34, 0x36, 0x36, 0x17, 0x1e,
  0x02, 0x12, 0x15, 0x10, 0x02, 0x06, 0x03, 0x32, 0x36, 0x36, 0x35, 0x34,
  0x26, 0x26, 0x23, 0x22, 0x06, 0x06, 0x15, 0x14, 0x16, 0x16, 0x02, 0x66,
  0x85, 0xd0, 0x83, 0x10, 0xe2, 0x15, 0x85, 0x6c, 0xa3, 0xb6, 0x0b, 0x39,
  0xc2, 0x76, 0x82, 0xd4, 0x7c, 0x82, 0xeb, 0x9d, 0x63, 0xc0, 0x9e, 0x5e,
  0x8a, 0xfd, 0x9f, 0x55, 0x89, 0x51, 0x4e, 0x86, 0x56, 0x54, 0x87, 0x4e,
  0x4b, 0x85, 0x15, 0x6a, 0xba, 0x78, 0x5d, 0x77, 0x01, 0x1c, 0xfe, 0x5d,
  0x6d, 0x7e, 0xdd, 0x8e, 0x8f, 0xe7, 0x87, 0x02, 0x02, 0x46, 0xa3, 0xfe,
  0xee, 0xce, 0xfe, 0xfd, 0xfe, 0x93, 0xc1, 0x02, 0xd1, 0x57, 0x8d, 0x53,
  0x51, 0x8c, 0x56, 0x53, 0x8d, 0x56, 0x57, 0x8b, 0x52, 0x00, 0x00, 0x03,
  0x00, 0x60, 0xff, 0xeb, 0x05, 0x22, 0x05, 0xe1, 0x00, 0x24, 0x00, 0x2e,
  0x00, 0x3b, 0x00, 0x91, 0x4b, 0xb0, 0x19, 0x50, 0x58, 0x40, 0x11, 0x17,
  0x08, 0x02, 0x02, 0x05, 0x26, 0x1f, 0x18, 0x03, 0x04, 0x02, 0x22, 0x01,
  0x00, 0x04, 0x03, 0x4c, 0x1b, 0x40, 0x11, 0x17, 0x08, 0x02, 0x02, 0x05,
  0x26, 0x1f, 0x18, 0x03, 0x04, 0x02, 0x22, 0x01, 0x03, 0x04, 0x03, 0x4c,
  0x59, 0x4b, 0xb0, 0x19, 0x50, 0x58, 0x40, 0x23, 0x00, 0x05, 0x05, 0x01,
  0x61, 0x00, 0x01, 0x01, 0x5c, 0x4d, 0x00, 0x02, 0x02, 0x00, 0x61, 0x03,
  0x06, 0x02, 0x00, 0x00, 0x5d, 0x4d, 0x00, 0x04, 0x04, 0x00, 0x61, 0x03,
  0x06, 0x02, 0x00, 0x00, 0x5d, 0x00, 0x4e, 0x1b, 0x40, 0x20, 0x00, 0x05,
  0x05, 0x01, 0x61, 0x00, 0x01, 0x01, 0x5c, 0x4d, 0x00, 0x02, 0x02, 0x03,
  0x5f, 0x00, 0x03, 0x03, 0x57, 0x4d, 0x00, 0x04, 0x04, 0x00, 0x61, 0x06,
  0x01, 0x00, 0x00, 0x5d, 0x00, 0x4e, 0x59, 0x40, 0x13, 0x01, 0x00, 0x37,
  0x35, 0x2e, 0x2c, 0x21, 0x20, 0x1c, 0x1b, 0x10, 0x0e, 0x00, 0x24, 0x01,
  0x24, 0x07, 0x0b, 0x16, 0x2b, 0x05, 0x22, 0x26, 0x26, 0x35, 0x34, 0x36,
  0x36, 0x37, 0x26, 0x26, 0x35, 0x34, 0x36, 0x36, 0x33, 0x32, 0x16, 0x16,
  0x15, 0x14, 0x06, 0x07, 0x07, 0x01, 0x36, 0x36, 0x35, 0x33, 0x14, 0x06,
  0x07, 0x17, 0x23, 0x27, 0x06, 0x06, 0x13, 0x01, 0x07, 0x06, 0x06, 0x15,
  0x14, 0x16, 0x33, 0x32, 0x03, 0x37, 0x36, 0x36, 0x35, 0x34, 0x26, 0x23,
  0x22, 0x06, 0x15, 0x14, 0x16, 0x02, 0x44, 0x96, 0xd9, 0x75, 0x4a, 0x81,
  0x55, 0x48, 0x5b, 0x5d, 0xaa, 0x72, 0x73, 0xa5, 0x5a, 0x6e, 0x58, 0x66,
  0x01, 0x29, 0x1d, 0x20, 0xc7, 0x4c, 0x30, 0xd5, 0xfa, 0x64, 0x4c, 0xd0,
  0xa0, 0xfe, 0xb4, 0x26, 0x52, 0x47, 0x8e, 0x73, 0x92, 0xad, 0x5c, 0x2a,
  0x55, 0x57, 0x4d, 0x4e, 0x60, 0x41, 0x15, 0x6e, 0xba, 0x73, 0x5d, 0x8a,
  0x75, 0x3d, 0x57, 0xa7, 0x66, 0x65, 0x9f, 0x5a, 0x59, 0x97, 0x5b, 0x67,
  0xa2, 0x41, 0x4b, 0xfe, 0x9f, 0x38, 0x84, 0x4b, 0x9b, 0xcf, 0x3f, 0xfe,
  0x74, 0x45, 0x44, 0x01, 0x1b, 0x01, 0x86, 0x1c, 0x3d, 0x6b, 0x42, 0x65,
  0x7c, 0x02, 0xed, 0x42, 0x1e, 0x5c, 0x46, 0x40, 0x55, 0x5c, 0x4a, 0x3e,
  0x71, 0x00, 0x00, 0x02, 0x00, 0xa3, 0xff, 0xf1, 0x01, 0xcd, 0x05, 0xd2,
  0x00, 0x03, 0x00, 0x0f, 0x00, 0x2c, 0x40, 0x29, 0x04, 0x01, 0x01, 0x01,
  0x00, 0x5f, 0x00, 0x00, 0x00, 0x56, 0x4d, 0x00, 0x03, 0x03, 0x02, 0x61,
  0x05, 0x01, 0x02, 0x02, 0x5d, 0x02, 0x4e, 0x05, 0x04, 0x00, 0x00, 0x0b,
  0x09, 0x04, 0x0f, 0x05, 0x0f, 0x00, 0x03, 0x00, 0x03, 0x11, 0x06, 0x0b,
  0x17, 0x2b, 0x13, 0x03, 0x33, 0x03, 0x03, 0x22, 0x26, 0x35, 0x34, 0x36,
  0x33, 0x32, 0x16, 0x15, 0x14, 0x06, 0xcd, 0x10, 0xf4, 0x10, 0x69, 0x40,
  0x55, 0x55, 0x40, 0x3f, 0x56, 0x56, 0x01, 0xdd, 0x03, 0xf5, 0xfc, 0x0b,
  0xfe, 0x14, 0x54, 0x3e, 0x3e, 0x54, 0x54, 0x3e, 0x3e, 0x54, 0x00, 0x02,
  0x00, 0x51, 0xff, 0xf1, 0x03, 0xd4, 0x05, 0xe6, 0x00, 0x1f, 0x00, 0x2b,
  0x00, 0x36, 0x40, 0x33, 0x1e, 0x00, 0x02, 0x04, 0x01, 0x01, 0x4c, 0x00,
  0x01, 0x00, 0x04, 0x00, 0x01, 0x04, 0x80, 0x00, 0x00, 0x00, 0x02, 0x61,
  0x00, 0x02, 0x02, 0x5c, 0x4d, 0x00, 0x04, 0x04, 0x03, 0x61, 0x05, 0x01,
  0x03, 0x03, 0x5d, 0x03, 0x4e, 0x21, 0x20, 0x27, 0x25, 0x20, 0x2b, 0x21,
  0x2b, 0x23, 0x12, 0x2a, 0x06, 0x0b, 0x19, 0x2b, 0x01, 0x35, 0x34, 0x36,
  0x36, 0x37, 0x36, 0x36, 0x35, 0x34, 0x26, 0x23, 0x22, 0x06, 0x07, 0x23,
  0x3e, 0x02, 0x33, 0x32, 0x16, 0x16, 0x15, 0x14, 0x06, 0x07, 0x0e, 0x02,
  0x15, 0x15, 0x03, 0x22, 0x26, 0x35, 0x34, 0x36, 0x33, 0x32, 0x16, 0x15,
  0x14, 0x06, 0x01, 0x81, 0x33, 0x5f, 0x42, 0x43, 0x5a, 0x82, 0x5c, 0x54,
  0x8a, 0x06, 0xdf, 0x04, 0x7b, 0xca, 0x7a, 0x86, 0xca, 0x70, 0x6f, 0x63,
  0x3e, 0x4d, 0x24, 0x67, 0x3f, 0x56, 0x56, 0x3f, 0x3f, 0x56, 0x56, 0x01,
  0xc4, 0x0f, 0x86, 0x94, 0x56, 0x29, 0x29, 0x74, 0x52, 0x60, 0x70, 0x69,
  0x72, 0x84, 0xb5, 0x5d, 0x64, 0xb2, 0x76, 0x7b, 0xab, 0x3c, 0x26, 0x47,
  0x65, 0x53, 0x0f, 0xfe, 0x2d, 0x54, 0x3e, 0x3e, 0x54, 0x54, 0x3e, 0x3e,
  0x54, 0x00, 0x00, 0x01, 0x00, 0xca, 0xfe, 0xe9, 0x02, 0x9d, 0x06, 0x2d,
  0x00, 0x0f, 0x00, 0x18, 0x40, 0x15, 0x00, 0x00, 0x01, 0x01, 0x00, 0x57,
  0x00, 0x00, 0x00, 0x01, 0x5f, 0x00, 0x01, 0x00, 0x01, 0x4f, 0x17, 0x14,
  0x02, 0x0b, 0x18, 0x2b, 0x13, 0x34, 0x12, 0x12, 0x37, 0x33, 0x06, 0x02,
  0x02, 0x15, 0x14, 0x12, 0x13, 0x23, 0x26, 0x02, 0xca, 0x42, 0x75, 0x4b,
  0xd1, 0x4c, 0x6d, 0x3a, 0x74, 0x7f, 0xd1, 0x80, 0x82, 0x02, 0x5f, 0xa3,
  0x01, 0x66, 0x01, 0x4a, 0x7b, 0x9d, 0xfe, 0xae, 0xfe, 0xb4, 0x93, 0xc6,
  0xfe, 0x5f, 0xfe, 0xf1, 0xd7, 0x01, 0xc2, 0x00, 0x00, 0x01, 0x00, 0x56,
  0xfe, 0xe9, 0x02, 0x2a, 0x06, 0x2d, 0x00, 0x10, 0x00, 0x1e, 0x40, 0x1b,
  0x00, 0x00, 0x01, 0x01, 0x00, 0x57, 0x00, 0x00, 0x00, 0x01, 0x5f, 0x02,
  0x01, 0x01, 0x00, 0x01, 0x4f, 0x00, 0x00, 0x00, 0x10, 0x00, 0x10, 0x18,
  0x03, 0x0b, 0x17, 0x2b, 0x13, 0x36, 0x12, 0x12, 0x35, 0x34, 0x02, 0x02,
  0x27, 0x33, 0x16, 0x12, 0x12, 0x15, 0x14, 0x02, 0x07, 0x56, 0x57, 0x6b,
  0x32, 0x3b, 0x6d, 0x4c, 0xd2, 0x4b, 0x74, 0x43, 0x85, 0x7d, 0xfe, 0xe9,
  0xb9, 0x01, 0x31, 0x01, 0x0b, 0x81, 0x93, 0x01, 0x4c, 0x01, 0x52, 0x9d,
  0x7a, 0xfe, 0xb5, 0xfe, 0x9a, 0xa3, 0xe0, 0xfe, 0x3e, 0xd4, 0x00, 0x01,
  0x00, 0xd3, 0xfe, 0xe9, 0x02, 0x7f, 0x06, 0x2d, 0x00, 0x07, 0x00, 0x28,
  0x40, 0x25, 0x00, 0x00, 0x00, 0x01, 0x02, 0x00, 0x01, 0x67, 0x00, 0x02,
  0x03, 0x03, 0x02, 0x57, 0x00, 0x02, 0x02, 0x03, 0x5f, 0x04, 0x01, 0x03,
  0x02, 0x03, 0x4f, 0x00, 0x00, 0x00, 0x07, 0x00, 0x07, 0x11, 0x11, 0x11,
  0x05, 0x0b, 0x19, 0x2b, 0x13, 0x11, 0x21, 0x15, 0x23, 0x11, 0x33, 0x15,
  0xd3, 0x01, 0xac, 0xd9, 0xd9, 0xfe, 0xe9, 0x07, 0x44, 0xb2, 0xfa, 0x20,
  0xb2, 0x00, 0x00, 0x01, 0x00, 0x74, 0xfe, 0xe9, 0x02, 0x20, 0x06, 0x2d,
  0x00, 0x07, 0x00, 0x28, 0x40, 0x25, 0x00, 0x02, 0x00, 0x01, 0x00, 0x02,
  0x01, 0x67, 0x00, 0x00, 0x03, 0x03, 0x00, 0x57, 0x00, 0x00, 0x00, 0x03,
  0x5f, 0x04, 0x01, 0x03, 0x00, 0x03, 0x4f, 0x00, 0x00, 0x00, 0x07, 0x00,
  0x07, 0x11, 0x11, 0x11, 0x05, 0x0b, 0x19, 0x2b, 0x13, 0x35, 0x33, 0x11,
  0x23, 0x35, 0x21, 0x11, 0x74, 0xd9, 0xd9, 0x01, 0xac, 0xfe, 0xe9, 0xb2,
  0x05, 0xe0, 0xb2, 0xf8, 0xbc, 0x00, 0x00, 0x01, 0x00, 0x8f, 0xfe, 0xe9,
  0x03, 0x12, 0x06, 0x2d, 0x00, 0x21, 0x00, 0x59, 0xb6, 0x1a, 0x19, 0x02,
  0x01, 0x02, 0x01, 0x4c, 0x4b, 0xb0, 0x19, 0x50, 0x58, 0x40, 0x1a, 0x00,
  0x02, 0x00, 0x01, 0x05, 0x02, 0x01, 0x69, 0x00, 0x05, 0x00, 0x00, 0x05,
  0x00, 0x65, 0x00, 0x04, 0x04, 0x03, 0x61, 0x00, 0x03, 0x03, 0x5e, 0x04,
  0x4e, 0x1b, 0x40, 0x20, 0x00, 0x03, 0x00, 0x04, 0x02, 0x03, 0x04, 0x69,
  0x00, 0x02, 0x00, 0x01, 0x05, 0x02, 0x01, 0x69, 0x00, 0x05, 0x00, 0x00,
  0x05, 0x59, 0x00, 0x05, 0x05, 0x00, 0x61, 0x00, 0x00, 0x05, 0x00, 0x51,
  0x59, 0x40, 0x09, 0x1d, 0x11, 0x15, 0x21, 0x25, 0x10, 0x06, 0x0b, 0x1c,
  0x2b, 0x01, 0x22, 0x26, 0x35, 0x35, 0x34, 0x26, 0x27, 0x23, 0x35, 0x33,
  0x36, 0x36, 0x35, 0x35, 0x34, 0x36, 0x33, 0x15, 0x22, 0x06, 0x15, 0x11,
  0x14, 0x06, 0x07, 0x15, 0x16, 0x16, 0x15, 0x11, 0x14, 0x16, 0x33, 0x03,
  0x12, 0xd8, 0xd0, 0x54, 0x69, 0x1e, 0x1f, 0x68, 0x54, 0xd0, 0xd8, 0x7f,
  0x5d, 0x53, 0x84, 0x84, 0x53, 0x5c, 0x80, 0xfe, 0xe9, 0xab, 0xe1, 0xd2,
  0x6d, 0x67, 0x06, 0xd4, 0x06, 0x65, 0x6d, 0xd4, 0xe0, 0xac, 0xb0, 0x70,
  0x78, 0xfe, 0xf9, 0x56, 0x86, 0x1d, 0x15, 0x1d, 0x87, 0x55, 0xfe, 0xfa,
  0x78, 0x71, 0x00, 0x01, 0x00, 0x74, 0xfe, 0xe9, 0x02, 0xf7, 0x06, 0x2d,
  0x00, 0x20, 0x00, 0x60, 0xb6, 0x09, 0x08, 0x02, 0x04, 0x03, 0x01, 0x4c,
  0x4b, 0xb0, 0x19, 0x50, 0x58, 0x40, 0x1b, 0x00, 0x03, 0x00, 0x04, 0x00,
  0x03, 0x04, 0x69, 0x00, 0x00, 0x06, 0x01, 0x05, 0x00, 0x05, 0x65, 0x00,
  0x01, 0x01, 0x02, 0x61, 0x00, 0x02, 0x02, 0x5e, 0x01, 0x4e, 0x1b, 0x40,
  0x21, 0x00, 0x02, 0x00, 0x01, 0x03, 0x02, 0x01, 0x69, 0x00, 0x03, 0x00,
  0x04, 0x00, 0x03, 0x04, 0x69, 0x00, 0x00, 0x05, 0x05, 0x00, 0x59, 0x00,
  0x00, 0x00, 0x05, 0x61, 0x06, 0x01, 0x05, 0x00, 0x05, 0x51, 0x59, 0x40,
  0x0e, 0x00, 0x00, 0x00, 0x20, 0x00, 0x20, 0x12, 0x15, 0x11, 0x1d, 0x11,
  0x07, 0x0b, 0x1b, 0x2b, 0x13, 0x35, 0x32, 0x36, 0x35, 0x11, 0x34, 0x36,
  0x37, 0x35, 0x26, 0x26, 0x35, 0x11, 0x34, 0x26, 0x23, 0x35, 0x32, 0x16,
  0x15, 0x15, 0x14, 0x16, 0x17, 0x33, 0x15, 0x06, 0x06, 0x15, 0x15, 0x14,
  0x06, 0x74, 0x80, 0x5d, 0x51, 0x85, 0x85, 0x51, 0x5d, 0x80, 0xd8, 0xcf,
  0x5f, 0x78, 0x05, 0x7b, 0x61, 0xcf, 0xfe, 0xe9, 0xaf, 0x71, 0x78, 0x01,
  0x06, 0x55, 0x87, 0x1d, 0x15, 0x1d, 0x86, 0x56, 0x01, 0x07, 0x78, 0x70,
  0xb0, 0xac, 0xe0, 0xd4, 0x73, 0x65, 0x01, 0xd2, 0x01, 0x66, 0x74, 0xd2,
  0xe1, 0xab, 0x00, 0x02, 0x00, 0x71, 0xfe, 0x6a, 0x07, 0x6c, 0x05, 0xac,
  0x00, 0x41, 0x00, 0x4e, 0x01, 0x93, 0x4b, 0xb0, 0x15, 0x50, 0x58, 0x40,
  0x12, 0x24, 0x01, 0x0a, 0x04, 0x15, 0x01, 0x06, 0x0a, 0x3d, 0x01, 0x08,
  0x02, 0x3e, 0x01, 0x00, 0x08, 0x04, 0x4c, 0x1b, 0x4b, 0xb0, 0x1c, 0x50,
  0x58, 0x40, 0x12, 0x24, 0x01, 0x0a, 0x05, 0x15, 0x01, 0x06, 0x0a, 0x3d,
  0x01, 0x08, 0x02, 0x3e, 0x01, 0x00, 0x08, 0x04, 0x4c, 0x1b, 0x40, 0x12,
  0x24, 0x01, 0x0a, 0x05, 0x15, 0x01, 0x06, 0x09, 0x3d, 0x01, 0x08, 0x02,
  0x3e, 0x01, 0x00, 0x08, 0x04, 0x4c, 0x59, 0x59, 0x4b, 0xb0, 0x15, 0x50,
  0x58, 0x40, 0x2c, 0x05, 0x01, 0x04, 0x00, 0x0a, 0x06, 0x04, 0x0a, 0x69,
  0x00, 0x07, 0x07, 0x01, 0x61, 0x00, 0x01, 0x01, 0x56, 0x4d, 0x0c, 0x09,
  0x02, 0x06, 0x06, 0x02, 0x61, 0x03, 0x01, 0x02, 0x02, 0x57, 0x4d, 0x00,
  0x08, 0x08, 0x00, 0x61, 0x0b, 0x01, 0x00, 0x00, 0x5b, 0x00, 0x4e, 0x1b,
  0x4b, 0xb0, 0x1a, 0x50, 0x58, 0x40, 0x33, 0x00, 0x05, 0x04, 0x0a, 0x04,
  0x05, 0x0a, 0x80, 0x00, 0x04, 0x00, 0x0a, 0x06, 0x04, 0x0a, 0x69, 0x00,
  0x07, 0x07, 0x01, 0x61, 0x00, 0x01, 0x01, 0x56, 0x4d, 0x0c, 0x09, 0x02,
  0x06, 0x06, 0x02, 0x61, 0x03, 0x01, 0x02, 0x02, 0x57, 0x4d, 0x00, 0x08,
  0x08, 0x00, 0x61, 0x0b, 0x01, 0x00, 0x00, 0x5b, 0x00, 0x4e, 0x1b, 0x4b,
  0xb0, 0x1c, 0x50, 0x58, 0x40, 0x31, 0x00, 0x05, 0x04, 0x0a, 0x04, 0x05,
  0x0a, 0x80, 0x00, 0x01, 0x00, 0x07, 0x04, 0x01, 0x07, 0x69, 0x00, 0x04,
  0x00, 0x0a, 0x06, 0x04, 0x0a, 0x69, 0x0c, 0x09, 0x02, 0x06, 0x06, 0x02,
  0x61, 0x03, 0x01, 0x02, 0x02, 0x57, 0x4d, 0x00, 0x08, 0x08, 0x00, 0x61,
  0x0b, 0x01, 0x00, 0x00, 0x5b, 0x00, 0x4e, 0x1b, 0x4b, 0xb0, 0x24, 0x50,
  0x58, 0x40, 0x3b, 0x00, 0x05, 0x04, 0x0a, 0x04, 0x05, 0x0a, 0x80, 0x00,
  0x01, 0x00, 0x07, 0x04, 0x01, 0x07, 0x69, 0x00, 0x04, 0x00, 0x0a, 0x09,
  0x04, 0x0a, 0x69, 0x0c, 0x01, 0x09, 0x09, 0x02, 0x61, 0x03, 0x01, 0x02,
  0x02, 0x57, 0x4d, 0x00, 0x06, 0x06, 0x02, 0x61, 0x03, 0x01, 0x02, 0x02,
  0x57, 0x4d, 0x00, 0x08, 0x08, 0x00, 0x61, 0x0b, 0x01, 0x00, 0x00, 0x5b,
  0x00, 0x4e, 0x1b, 0x40, 0x34, 0x00, 0x05, 0x04, 0x0a, 0x04, 0x05, 0x0a,
  0x80, 0x00, 0x01, 0x00, 0x07, 0x04, 0x01, 0x07, 0x69, 0x00, 0x04, 0x00,
  0x0a, 0x09, 0x04, 0x0a, 0x69, 0x0c, 0x01, 0x09, 0x06, 0x02, 0x09, 0x59,
  0x00, 0x06, 0x03, 0x01, 0x02, 0x08, 0x06, 0x02, 0x69, 0x00, 0x08, 0x08,
  0x00, 0x61, 0x0b, 0x01, 0x00, 0x00, 0x5b, 0x00, 0x4e, 0x59, 0x59, 0x59,
  0x59, 0x40, 0x21, 0x43, 0x42, 0x01, 0x00, 0x49, 0x47, 0x42, 0x4e, 0x43,
  0x4e, 0x3a, 0x38, 0x33, 0x31, 0x2c, 0x2a, 0x27, 0x26, 0x22, 0x20, 0x1a,
  0x18, 0x12, 0x10, 0x08, 0x06, 0x00, 0x41, 0x01, 0x41, 0x0d, 0x0b, 0x16,
  0x2b, 0x01, 0x20, 0x00, 0x11, 0x10, 0x12, 0x24, 0x21, 0x32, 0x04, 0x16,
  0x12, 0x15, 0x14, 0x0e, 0x02, 0x23, 0x22, 0x26, 0x26, 0x27, 0x23, 0x06,
  0x06, 0x23, 0x22, 0x26, 0x26, 0x35, 0x34, 0x36, 0x36, 0x33, 0x32, 0x16,
  0x17, 0x33, 0x35, 0x33, 0x11, 0x14, 0x16, 0x33, 0x32, 0x36, 0x35, 0x34,
  0x02, 0x24, 0x23, 0x22, 0x04, 0x02, 0x15, 0x10, 0x00, 0x21, 0x32, 0x36,
  0x36, 0x37, 0x17, 0x0e, 0x02, 0x03, 0x32, 0x36, 0x35, 0x34, 0x26, 0x23,
  0x22, 0x06, 0x15, 0x14, 0x16, 0x16, 0x04, 0x1a, 0xfe, 0x3d, 0xfe, 0x1a,
  0xd9, 0x01, 0x9c, 0x01, 0x23, 0xd2, 0x01, 0x42, 0xdd, 0x72, 0x1e, 0x4f,
  0x90, 0x73, 0x38, 0x78, 0x58, 0x09, 0x08, 0x1b, 0x8d, 0x73, 0x86, 0xb8,
  0x5e, 0x6c, 0xbe, 0x7b, 0x60, 0x85, 0x1c, 0x0a, 0xae, 0x3b, 0x3b, 0x68,
  0x49, 0x95, 0xfe, 0xd4, 0xe5, 0xe7, 0xfe, 0xbb, 0xab, 0x01, 0x82, 0x01,
  0x70, 0x51, 0x98, 0x79, 0x21, 0x37, 0x2f, 0x95, 0xad, 0x99, 0x8a, 0x7c,
  0x84, 0x7e, 0x78, 0x85, 0x33, 0x6d, 0xfe, 0x6a, 0x01, 0xe4, 0x01, 0xbc,
  0x01, 0x1d, 0x01, 0xa2, 0xe3, 0x84, 0xe5, 0xfe, 0xd9, 0xa2, 0x71, 0xd8,
  0xad, 0x67, 0x21, 0x4a, 0x3d, 0x44, 0x60, 0x82, 0xe1, 0x90, 0x8a, 0xd9,
  0x7c, 0x46, 0x2c, 0x5a, 0xfd, 0x68, 0x38, 0x4f, 0xd4, 0xe4, 0xb0, 0x01,
  0x28, 0xb4, 0xb6, 0xfe, 0xac, 0xed, 0xfe, 0x95, 0xfe, 0x79, 0x1c, 0x25,
  0x0c, 0xa2, 0x15, 0x29, 0x1a, 0x02, 0x64, 0xa7, 0xa6, 0xa7, 0x81, 0xad,
  0x7b, 0x5a, 0x97, 0x5c, 0xff, 0xff, 0x00, 0xca, 0xff, 0x47, 0x02, 0x9d,
  0x06, 0x8b, 0x03, 0x06, 0x00, 0x45, 0x00, 0x5e, 0x00, 0x08, 0xb1, 0x00,
  0x01, 0xb0, 0x5e, 0xb0, 0x35, 0x2b, 0x00, 0x00, 0xff, 0xff, 0x00, 0x56,
  0xff, 0x47, 0x02, 0x2a, 0x06, 0x8b, 0x03, 0x06, 0x00, 0x46, 0x00, 0x5e,
  0x00, 0x08, 0xb1, 0x00, 0x01, 0xb0, 0x5e, 0xb0, 0x35, 0x2b, 0x00, 0x00,
  0xff, 0xff, 0x00, 0xd3, 0xff, 0x47, 0x02, 0x7f, 0x06, 0x8b, 0x03, 0x06,
  0x00, 0x47, 0x00, 0x5e, 0x00, 0x08, 0xb1, 0x00, 0x01, 0xb0, 0x5e, 0xb0,
  0x35, 0x2b, 0x00, 0x00, 0xff, 0xff, 0x00, 0x74, 0xff, 0x47, 0x02, 0x20,
  0x06, 0x8b, 0x03, 0x06, 0x00, 0x48, 0x00, 0x5e, 0x00, 0x08, 0xb1, 0x00,
  0x01, 0xb0, 0x5e, 0xb0, 0x35, 0x2b, 0x00, 0x00, 0xff, 0xff, 0x00, 0x8f,
  0xff, 0x47, 0x03, 0x12, 0x06, 0x8b, 0x03, 0x06, 0x00, 0x49, 0x00, 0x5e,
  0x00, 0x08, 0xb1, 0x00, 0x01, 0xb0, 0x5e, 0xb0, 0x35, 0x2b, 0x00, 0x00,
  0xff, 0xff, 0x00, 0x74, 0xff, 0x47, 0x02, 0xf7, 0x06, 0x8b, 0x03, 0x06,
  0x00, 0x4a, 0x00, 0x5e, 0x00, 0x08, 0xb1, 0x00, 0x01, 0xb0, 0x5e, 0xb0,
  0x35, 0x2b, 0x00, 0x00, 0xff, 0xff, 0x00, 0x71, 0xff, 0x48, 0x07, 0x6c,
  0x06, 0x8a, 0x03, 0x07, 0x00, 0x4b, 0x00, 0x00, 0x00, 0xde, 0x00, 0x08,
  0xb1, 0x00, 0x02, 0xb0, 0xde, 0xb0, 0x35, 0x2b, 0x00, 0x02, 0x00, 0x1e,
  0x00, 0x00, 0x04, 0xfc, 0x05, 0xd2, 0x00, 0x1b, 0x00, 0x1f, 0x00, 0x7a,
  0x4b, 0xb0, 0x27, 0x50, 0x58, 0x40, 0x28, 0x0e, 0x0b, 0x02, 0x03, 0x0c,
  0x02, 0x02, 0x00, 0x01, 0x03, 0x00, 0x67, 0x08, 0x01, 0x06, 0x06, 0x56,
  0x4d, 0x0f, 0x0a, 0x02, 0x04, 0x04, 0x05, 0x5f, 0x09, 0x07, 0x02, 0x05,
  0x05, 0x59, 0x4d, 0x10, 0x0d, 0x02, 0x01, 0x01, 0x57, 0x01, 0x4e, 0x1b,
  0x40, 0x26, 0x09, 0x07, 0x02, 0x05, 0x0f, 0x0a, 0x02, 0x04, 0x03, 0x05,
  0x04, 0x68, 0x0e, 0x0b, 0x02, 0x03, 0x0c, 0x02, 0x02, 0x00, 0x01, 0x03,
  0x00, 0x67, 0x08, 0x01, 0x06, 0x06, 0x56, 0x4d, 0x10, 0x0d, 0x02, 0x01,
  0x01, 0x57, 0x01, 0x4e, 0x59, 0x40, 0x1e, 0x00, 0x00, 0x1f, 0x1e, 0x1d,
  0x1c, 0x00, 0x1b, 0x00, 0x1b, 0x1a, 0x19, 0x18, 0x17, 0x16, 0x15, 0x14,
  0x13, 0x11, 0x11, 0x11, 0x11, 0x11, 0x11, 0x11, 0x11, 0x11, 0x11, 0x0b,
  0x1f, 0x2b, 0x21, 0x13, 0x21, 0x03, 0x23, 0x13, 0x23, 0x37, 0x33, 0x13,
  0x23, 0x37, 0x33, 0x13, 0x33, 0x03, 0x21, 0x13, 0x33, 0x03, 0x33, 0x07,
  0x23, 0x03, 0x33, 0x07, 0x23, 0x03, 0x01, 0x21, 0x13, 0x21, 0x02, 0xc0,
  0x42, 0xfe, 0xa5, 0x41, 0xb0, 0x41, 0xd9, 0x1e, 0xd8, 0x37, 0xd6, 0x1e,
  0xd5, 0x42, 0xb0, 0x41, 0x01, 0x5b, 0x42, 0xb0, 0x41, 0xd7, 0x1c, 0xd8,
  0x38, 0xd6, 0x1d, 0xd6, 0x41, 0xfe, 0x52, 0x01, 0x5b, 0x38, 0xfe, 0xa5,
  0x01, 0x8e, 0xfe, 0x72, 0x01, 0x8e, 0xb0, 0x01, 0x55, 0xb1, 0x01, 0x8e,
  0xfe, 0x72, 0x01, 0x8e, 0xfe, 0x72, 0xb1, 0xfe, 0xab, 0xb0, 0xfe, 0x72,
  0x02, 0x3e, 0x01, 0x55, 0x00, 0x01, 0x00, 0x28, 0xff, 0x20, 0x02, 0xcd,
  0x06, 0x18, 0x00, 0x03, 0x00, 0x17, 0x40, 0x14, 0x02, 0x01, 0x01, 0x00,
  0x01, 0x85, 0x00, 0x00, 0x00, 0x76, 0x00, 0x00, 0x00, 0x03, 0x00, 0x03,
  0x11, 0x03, 0x0b, 0x17, 0x2b, 0x01, 0x01, 0x23, 0x01, 0x02, 0xcd, 0xfe,
  0x20, 0xc5, 0x01, 0xe0, 0x06, 0x18, 0xf9, 0x08, 0x06, 0xf8, 0x00, 0x01,
  0x00, 0xfe, 0xfe, 0x20, 0x01, 0xc5, 0x07, 0xb2, 0x00, 0x03, 0x00, 0x17,
  0x40, 0x14, 0x02, 0x01, 0x01, 0x00, 0x01, 0x85, 0x00, 0x00, 0x00, 0x76,
  0x00, 0x00, 0x00, 0x03, 0x00, 0x03, 0x11, 0x03, 0x0b, 0x17, 0x2b, 0x01,
  0x11, 0x23, 0x11, 0x01, 0xc5, 0xc7, 0x07, 0xb2, 0xf6, 0x6e, 0x09, 0x92,
  0x00, 0x01, 0x00, 0x28, 0xff, 0x20, 0x02, 0xcd, 0x06, 0x18, 0x00, 0x03,
  0x00, 0x17, 0x40, 0x14, 0x00, 0x00, 0x01, 0x00, 0x85, 0x02, 0x01, 0x01,
  0x01, 0x76, 0x00, 0x00, 0x00, 0x03, 0x00, 0x03, 0x11, 0x03, 0x0b, 0x17,
  0x2b, 0x05, 0x01, 0x33, 0x01, 0x02, 0x08, 0xfe, 0x20, 0xc5, 0x01, 0xe0,
  0xe0, 0x06, 0xf8, 0xf9, 0x08, 0x00, 0x00, 0x01, 0x00, 0x8f, 0x02, 0x15,
  0x03, 0x25, 0x02, 0xd4, 0x00, 0x03, 0x00, 0x1f, 0x40, 0x1c, 0x02, 0x01,
  0x01, 0x00, 0x00, 0x01, 0x57, 0x02, 0x01, 0x01, 0x01, 0x00, 0x5f, 0x00,
  0x00, 0x01, 0x00, 0x4f, 0x00, 0x00, 0x00, 0x03, 0x00, 0x03, 0x11, 0x03,
  0x0b, 0x17, 0x2b, 0x01, 0x15, 0x21, 0x35, 0x03, 0x25, 0xfd, 0x6a, 0x02,
  0xd4, 0xbf, 0xbf, 0x00, 0xff, 0xff, 0x00, 0x8f, 0x02, 0x88, 0x03, 0x25,
  0x03, 0x47, 0x03, 0x06, 0x00, 0x57, 0x00, 0x73, 0x00, 0x08, 0xb1, 0x00,
  0x01, 0xb0, 0x73, 0xb0, 0x35, 0x2b, 0x00, 0x00, 0x00, 0x01, 0x00, 0xa2,
  0x03, 0x89, 0x01, 0xe7, 0x05, 0xd2, 0x00, 0x03, 0x00, 0x26, 0xb1, 0x06,
  0x64, 0x44, 0x40, 0x1b, 0x00, 0x00, 0x01, 0x01, 0x00, 0x57, 0x00, 0x00,
  0x00, 0x01, 0x5f, 0x02, 0x01, 0x01, 0x00, 0x01, 0x4f, 0x00, 0x00, 0x00,
  0x03, 0x00, 0x03, 0x11, 0x03, 0x0b, 0x17, 0x2b, 0xb1, 0x06, 0x00, 0x44,
  0x13, 0x13, 0x33, 0x03, 0xa2, 0x58, 0xed, 0xa5, 0x03, 0x89, 0x02, 0x49,
  0xfd, 0xb7, 0x00, 0x01, 0x00, 0xcf, 0x03, 0x89, 0x01, 0xb1, 0x05, 0xd2,
  0x00, 0x03, 0x00, 0x19, 0x40, 0x16, 0x02, 0x01, 0x01, 0x01, 0x00, 0x5f,
  0x00, 0x00, 0x00, 0x56, 0x01, 0x4e, 0x00, 0x00, 0x00, 0x03, 0x00, 0x03,
  0x11, 0x03, 0x0b, 0x17, 0x2b, 0x13, 0x03, 0x33, 0x03, 0xe8, 0x19, 0xe2,
  0x19, 0x03, 0x89, 0x02, 0x49, 0xfd, 0xb7, 0x00, 0xff, 0xff, 0x00, 0xcf,
  0x03, 0x89, 0x03, 0x25, 0x05, 0xd2, 0x00, 0x26, 0x00, 0x5a, 0x00, 0x00,
  0x00, 0x07, 0x00, 0x5a, 0x01, 0x74, 0x00, 0x00, 0xff, 0xff, 0x00, 0x7d,
  0xfe, 0x8d, 0x01, 0xc2, 0x00, 0xd6, 0x01, 0x07, 0x00, 0x59, 0xff, 0xdb,
  0xfb, 0x04, 0x00, 0x09, 0xb1, 0x00, 0x01, 0xb8, 0xfb, 0x04, 0xb0, 0x35,
  0x2b, 0x00, 0x00, 0x00, 0x00, 0x01, 0x00, 0xa3, 0xff, 0xf1, 0x01, 0xca,
  0x01, 0x18, 0x00, 0x0b, 0x00, 0x1a, 0x40, 0x17, 0x00, 0x01, 0x01, 0x00,
  0x61, 0x02, 0x01, 0x00, 0x00, 0x5d, 0x00, 0x4e, 0x01, 0x00, 0x07, 0x05,
  0x00, 0x0b, 0x01, 0x0b, 0x03, 0x0b, 0x16, 0x2b, 0x05, 0x22, 0x26, 0x35,
  0x34, 0x36, 0x33, 0x32, 0x16, 0x15, 0x14, 0x06, 0x01, 0x37, 0x3e, 0x56,
  0x56, 0x3e, 0x3e, 0x55, 0x55, 0x0f, 0x55, 0x3e, 0x3e, 0x56, 0x56, 0x3e,
  0x3e, 0x55, 0xff, 0xff, 0x00, 0xa3, 0xff, 0xf1, 0x01, 0xca, 0x04, 0x2b,
  0x02, 0x26, 0x00, 0x5d, 0x00, 0x00, 0x01, 0x07, 0x00, 0x5d, 0x00, 0x00,
  0x03, 0x13, 0x00, 0x09, 0xb1, 0x01, 0x01, 0xb8, 0x03, 0x13, 0xb0, 0x35,
  0x2b, 0x00, 0xff, 0xff, 0x00, 0xa3, 0x00, 0xcc, 0x01, 0xca, 0x05, 0x06,
  0x02, 0x27, 0x00, 0x5d, 0x00, 0x00, 0x00, 0xdb, 0x01, 0x07, 0x00, 0x5d,
  0x00, 0x00, 0x03, 0xee, 0x00, 0x11, 0xb1, 0x00, 0x01, 0xb0, 0xdb, 0xb0,
  0x35, 0x2b, 0xb1, 0x01, 0x01, 0xb8, 0x03, 0xee, 0xb0, 0x35, 0x2b, 0x00,
  0x00, 0x00, 0xff, 0xff, 0x00, 0x7d, 0xfe, 0x8d, 0x01, 0xe3, 0x04, 0x2b,
  0x00, 0x27, 0x00, 0x59, 0xff, 0xdb, 0xfb, 0x04, 0x01, 0x07, 0x00, 0x5d,
  0x00, 0x19, 0x03, 0x13, 0x00, 0x12, 0xb1, 0x00, 0x01, 0xb8, 0xfb, 0x04,
  0xb0, 0x35, 0x2b, 0xb1, 0x01, 0x01, 0xb8, 0x03, 0x13, 0xb0, 0x35, 0x2b,
  0x00, 0x00, 0x00, 0x01, 0x00, 0xab, 0x00, 0x24, 0x04, 0x74, 0x04, 0x73,
  0x00, 0x07, 0x00, 0x06, 0xb3, 0x07, 0x02, 0x01, 0x32, 0x2b, 0x13, 0x35,
  0x01, 0x15, 0x01, 0x15, 0x01, 0x15, 0xab, 0x03, 0xc9, 0xfd, 0x3f, 0x02,
  0xc1, 0x01, 0xf8, 0xa6, 0x01, 0xd5, 0xe3, 0xfe, 0xc0, 0x0c, 0xfe, 0xc1,
  0xe1, 0x00, 0x00, 0x01, 0x00, 0xe2, 0x00, 0x24, 0x04, 0xab, 0x04, 0x73,
  0x00, 0x07, 0x00, 0x06, 0xb3, 0x06, 0x01, 0x01, 0x32, 0x2b, 0x01, 0x01,
  0x35, 0x01, 0x35, 0x01, 0x35, 0x01, 0x04, 0xab, 0xfc, 0x37, 0x02, 0xc2,
  0xfd, 0x3e, 0x03, 0xc9, 0x01, 0xf8, 0xfe, 0x2c, 0xe1, 0x01, 0x3f, 0x0d,
  0x01, 0x3f, 0xe3, 0xfe, 0x2b, 0x00, 0x00, 0x02, 0x00, 0xd8, 0x01, 0x09,
  0x04, 0x7f, 0x03, 0x8d, 0x00, 0x03, 0x00, 0x07, 0x00, 0x2f, 0x40, 0x2c,
  0x00, 0x02, 0x05, 0x01, 0x03, 0x00, 0x02, 0x03, 0x67, 0x00, 0x00, 0x01,
  0x01, 0x00, 0x57, 0x00, 0x00, 0x00, 0x01, 0x5f, 0x04, 0x01, 0x01, 0x00,
  0x01, 0x4f, 0x04, 0x04, 0x00, 0x00, 0x04, 0x07, 0x04, 0x07, 0x06, 0x05,
  0x00, 0x03, 0x00, 0x03, 0x11, 0x06, 0x0b, 0x17, 0x2b, 0x13, 0x35, 0x21,
  0x15, 0x01, 0x35, 0x21, 0x15, 0xd8, 0x03, 0xa7, 0xfc, 0x59, 0x03, 0xa7,
  0x01, 0x09, 0xc3, 0xc3, 0x01, 0xc1, 0xc3, 0xc3, 0x00, 0x01, 0x00, 0xbf,
  0x00, 0x5e, 0x04, 0x98, 0x04, 0x38, 0x00, 0x0b, 0x00, 0x4d, 0x4b, 0xb0,
  0x1a, 0x50, 0x58, 0x40, 0x16, 0x03, 0x01, 0x01, 0x04, 0x01, 0x00, 0x05,
  0x01, 0x00, 0x67, 0x06, 0x01, 0x05, 0x05, 0x02, 0x5f, 0x00, 0x02, 0x02,
  0x59, 0x05, 0x4e, 0x1b, 0x40, 0x1b, 0x00, 0x02, 0x01, 0x05, 0x02, 0x57,
  0x03, 0x01, 0x01, 0x04, 0x01, 0x00, 0x05, 0x01, 0x00, 0x67, 0x00, 0x02,
  0x02, 0x05, 0x5f, 0x06, 0x01, 0x05, 0x02, 0x05, 0x4f, 0x59, 0x40, 0x0e,
  0x00, 0x00, 0x00, 0x0b, 0x00, 0x0b, 0x11, 0x11, 0x11, 0x11, 0x11, 0x07,
  0x0b, 0x1b, 0x2b, 0x25, 0x11, 0x21, 0x35, 0x21, 0x11, 0x33, 0x11, 0x21,
  0x15, 0x21, 0x11, 0x02, 0x49, 0xfe, 0x76, 0x01, 0x8a, 0xc5, 0x01, 0x8a,
  0xfe, 0x76, 0x5e, 0x01, 0x90, 0xba, 0x01, 0x90, 0xfe, 0x70, 0xba, 0xfe,
  0x70, 0x00, 0x00, 0x01, 0x00, 0xa2, 0x01, 0x86, 0x04, 0xb5, 0x03, 0x1b,
  0x00, 0x1b, 0x00, 0x42, 0xb1, 0x06, 0x64, 0x44, 0x40, 0x37, 0x00, 0x02,
  0x00, 0x04, 0x00, 0x02, 0x04, 0x80, 0x06, 0x01, 0x05, 0x01, 0x03, 0x01,
  0x05, 0x03, 0x80, 0x00, 0x00, 0x00, 0x04, 0x01, 0x00, 0x04, 0x69, 0x00,
  0x01, 0x05, 0x03, 0x01, 0x59, 0x00, 0x01, 0x01, 0x03, 0x61, 0x00, 0x03,
  0x01, 0x03, 0x51, 0x00, 0x00, 0x00, 0x1b, 0x00, 0x1b, 0x24, 0x23, 0x12,
  0x24, 0x23, 0x07, 0x0b, 0x1b, 0x2b, 0xb1, 0x06, 0x00, 0x44, 0x13, 0x26,
  0x36, 0x36, 0x33, 0x32, 0x16, 0x17, 0x16, 0x16, 0x33, 0x32, 0x36, 0x27,
  0x33, 0x16, 0x06, 0x06, 0x23, 0x22, 0x26, 0x27, 0x26, 0x26, 0x23, 0x22,
  0x06, 0x17, 0xa4, 0x02, 0x51, 0x89, 0x52, 0x48, 0x7b, 0x51, 0x31, 0x3e,
  0x26, 0x3b, 0x46, 0x01, 0xbb, 0x03, 0x53, 0x89, 0x50, 0x4b, 0x7d, 0x4d,
  0x33, 0x3c, 0x26, 0x38, 0x49, 0x01, 0x01, 0xac, 0x80, 0xa2, 0x4d, 0x3c,
  0x47, 0x2b, 0x26, 0x57, 0x57, 0x80, 0xa2, 0x4d, 0x40, 0x42, 0x2d, 0x25,
  0x51, 0x5d, 0xff, 0xff, 0x00, 0xab, 0x00, 0xc3, 0x04, 0x74, 0x05, 0x12,
  0x03, 0x07, 0x00, 0x61, 0x00, 0x00, 0x00, 0x9f, 0x00, 0x08, 0xb1, 0x00,
  0x01, 0xb0, 0x9f, 0xb0, 0x35, 0x2b, 0xff, 0xff, 0x00, 0xe2, 0x00, 0xc3,
  0x04, 0xab, 0x05, 0x12, 0x03, 0x07, 0x00, 0x62, 0x00, 0x00, 0x00, 0x9f,
  0x00, 0x08, 0xb1, 0x00, 0x01, 0xb0, 0x9f, 0xb0, 0x35, 0x2b, 0xff, 0xff,
  0x00, 0xd8, 0x01, 0xa8, 0x04, 0x7f, 0x04, 0x2c, 0x03, 0x07, 0x00, 0x63,
  0x00, 0x00, 0x00, 0x9f, 0x00, 0x08, 0xb1, 0x00, 0x02, 0xb0, 0x9f, 0xb0,
  0x35, 0x2b, 0xff, 0xff, 0x00, 0xbf, 0x00, 0xf5, 0x04, 0x98, 0x04, 0xcf,
  0x03, 0x07, 0x00, 0x64, 0x00, 0x00, 0x00, 0x97, 0x00, 0x08, 0xb1, 0x00,
  0x01, 0xb0, 0x97, 0xb0, 0x35, 0x2b, 0xff, 0xff, 0x00, 0xa2, 0x02, 0x1f,
  0x04, 0xb5, 0x03, 0xb4, 0x03, 0x07, 0x00, 0x65, 0x00, 0x00, 0x00, 0x99,
  0x00, 0x08, 0xb1, 0x00, 0x01, 0xb0, 0x99, 0xb0, 0x35, 0x2b, 0x00, 0x01,
  0x00, 0x00, 0xff, 0x44, 0x03, 0xb4, 0x00, 0x00, 0x00, 0x03, 0x00, 0x27,
  0xb1, 0x06, 0x64, 0x44, 0x40, 0x1c, 0x02, 0x01, 0x01, 0x00, 0x00, 0x01,
  0x57, 0x02, 0x01, 0x01, 0x01, 0x00, 0x5f, 0x00, 0x00, 0x01, 0x00, 0x4f,
  0x00, 0x00, 0x00, 0x03, 0x00, 0x03, 0x11, 0x03, 0x0b, 0x17, 0x2b, 0xb1,
  0x06, 0x00, 0x44, 0x21, 0x15, 0x21, 0x35, 0x03, 0xb4, 0xfc, 0x4c, 0xbc,
  0xbc, 0x00, 0x00, 0x01, 0x00, 0x4e, 0x03, 0x2e, 0x03, 0x82, 0x05, 0xa7,
  0x00, 0x07, 0x00, 0x27, 0xb1, 0x06, 0x64, 0x44, 0x40, 0x1c, 0x05, 0x01,
  0x01, 0x00, 0x01, 0x4c, 0x00, 0x00, 0x01, 0x00, 0x85, 0x03, 0x02, 0x02,
  0x01, 0x01, 0x76, 0x00, 0x00, 0x00, 0x07, 0x00, 0x07, 0x11, 0x11, 0x04,
  0x0b, 0x18, 0x2b, 0xb1, 0x06, 0x00, 0x44, 0x13, 0x01, 0x33, 0x01, 0x23,
  0x03, 0x23, 0x03, 0x4e, 0x01, 0x2f, 0xd6, 0x01, 0x2f, 0xc3, 0xd1, 0x0c,
  0xd0, 0x03, 0x2e, 0x02, 0x79, 0xfd, 0x87, 0x01, 0xcc, 0xfe, 0x34, 0x00,
  0x00, 0x01, 0x00, 0x81, 0x02, 0x8c, 0x03, 0xa8, 0x05, 0xd2, 0x00, 0x11,
  0x00, 0x2c, 0x40, 0x29, 0x10, 0x0f, 0x0e, 0x0d, 0x0c, 0x0b, 0x0a, 0x07,
  0x06, 0x05, 0x04, 0x03, 0x02, 0x01, 0x0e, 0x01, 0x00, 0x01, 0x4c, 0x02,
  0x01, 0x01, 0x01, 0x00, 0x5f, 0x00, 0x00, 0x00, 0x56, 0x01, 0x4e, 0x00,
  0x00, 0x00, 0x11, 0x00, 0x11, 0x18, 0x03, 0x0b, 0x17, 0x2b, 0x01, 0x13,
  0x05, 0x27, 0x25, 0x25, 0x37, 0x05, 0x03, 0x33, 0x03, 0x25, 0x17, 0x05,
  0x05, 0x07, 0x25, 0x13, 0x01, 0xc5, 0x0f, 0xfe, 0xfe, 0x51, 0x01, 0x12,
  0xfe, 0xee, 0x51, 0x01, 0x02, 0x0f, 0xa0, 0x0e, 0x01, 0x01, 0x50, 0xfe,
  0xef, 0x01, 0x11, 0x50, 0xfe, 0xff, 0x0e, 0x02, 0x8c, 0x01, 0x32, 0xa7,
  0x8c, 0x8b, 0x8b, 0x8e, 0xa7, 0x01, 0x32, 0xfe, 0xce, 0xa7, 0x8e, 0x8b,
  0x8b, 0x8c, 0xa7, 0xfe, 0xce, 0x00, 0x00, 0x01, 0x00, 0xbf, 0x00, 0xf6,
  0x04, 0x7d, 0x04, 0xdc, 0x00, 0x11, 0x00, 0x31, 0x40, 0x2e, 0x10, 0x0f,
  0x0e, 0x0d, 0x0c, 0x0b, 0x0a, 0x07, 0x06, 0x05, 0x04, 0x03, 0x02, 0x01,
  0x0e, 0x01, 0x00, 0x01, 0x4c, 0x00, 0x00, 0x01, 0x01, 0x00, 0x57, 0x00,
  0x00, 0x00, 0x01, 0x5f, 0x02, 0x01, 0x01, 0x00, 0x01, 0x4f, 0x00, 0x00,
  0x00, 0x11, 0x00, 0x11, 0x18, 0x03, 0x0b, 0x17, 0x2b, 0x25, 0x13, 0x05,
  0x27, 0x25, 0x25, 0x37, 0x05, 0x03, 0x33, 0x03, 0x25, 0x17, 0x05, 0x05,
  0x07, 0x25, 0x13, 0x02, 0x43, 0x0c, 0xfe, 0xcb, 0x5b, 0x01, 0x4f, 0xfe,
  0xb2, 0x5c, 0x01, 0x33, 0x0c, 0xb7, 0x0c, 0x01, 0x32, 0x5d, 0xfe, 0xb1,
  0x01, 0x4f, 0x5b, 0xfe, 0xcc, 0x0c, 0xf6, 0x01, 0x77, 0xcc, 0x9f, 0xa9,
  0xac, 0x9e, 0xcd, 0x01, 0x76, 0xfe, 0x8a, 0xcd, 0x9e, 0xac, 0xa9, 0x9f,
  0xcb, 0xfe, 0x8a, 0x00, 0x00, 0x02, 0x00, 0x52, 0x02, 0xe8, 0x01, 0x19,
  0x07, 0x23, 0x00, 0x03, 0x00, 0x0f, 0x00, 0x4f, 0x4b, 0xb0, 0x17, 0x50,
  0x58, 0x40, 0x15, 0x00, 0x03, 0x05, 0x01, 0x02, 0x00, 0x03, 0x02, 0x69,
  0x04, 0x01, 0x01, 0x01, 0x00, 0x5f, 0x00, 0x00, 0x00, 0x56, 0x01, 0x4e,
  0x1b, 0x40, 0x1a, 0x00, 0x03, 0x05, 0x01, 0x02, 0x00, 0x03, 0x02, 0x69,
  0x00, 0x00, 0x01, 0x01, 0x00, 0x57, 0x00, 0x00, 0x00, 0x01, 0x5f, 0x04,
  0x01, 0x01, 0x00, 0x01, 0x4f, 0x59, 0x40, 0x12, 0x05, 0x04, 0x00, 0x00,
  0x0b, 0x09, 0x04, 0x0f, 0x05, 0x0f, 0x00, 0x03, 0x00, 0x03, 0x11, 0x06,
  0x0b, 0x17, 0x2b, 0x13, 0x11, 0x33, 0x11, 0x03, 0x22, 0x26, 0x35, 0x34,
  0x36, 0x33, 0x32, 0x16, 0x15, 0x14, 0x06, 0x5c, 0xb3, 0x58, 0x2a, 0x3b,
  0x3b, 0x2a, 0x28, 0x3a, 0x3a, 0x02, 0xe8, 0x03, 0x18, 0xfc, 0xe8, 0x03,
  0x77, 0x3b, 0x28, 0x26, 0x3b, 0x3a, 0x27, 0x2a, 0x39, 0x00, 0x00, 0x01,
  0x00, 0x5a, 0x02, 0xe8, 0x02, 0xec, 0x06, 0x08, 0x00, 0x14, 0x00, 0x6a,
  0xb5, 0x05, 0x01, 0x04, 0x01, 0x01, 0x4c, 0x4b, 0xb0, 0x20, 0x50, 0x58,
  0x40, 0x18, 0x00, 0x04, 0x04, 0x01, 0x61, 0x02, 0x01, 0x01, 0x01, 0x5e,
  0x4d, 0x03, 0x01, 0x00, 0x00, 0x01, 0x61, 0x02, 0x01, 0x01, 0x01, 0x5e,
  0x00, 0x4e, 0x1b, 0x4b, 0xb0, 0x27, 0x50, 0x58, 0x40, 0x18, 0x00, 0x04,
  0x04, 0x01, 0x61, 0x02, 0x01, 0x01, 0x01, 0x5c, 0x4d, 0x03, 0x01, 0x00,
  0x00, 0x01, 0x61, 0x02, 0x01, 0x01, 0x01, 0x5c, 0x00, 0x4e, 0x1b, 0x40,
  0x15, 0x02, 0x01, 0x01, 0x00, 0x04, 0x00, 0x01, 0x04, 0x69, 0x02, 0x01,
  0x01, 0x01, 0x00, 0x5f, 0x03, 0x01, 0x00, 0x01, 0x00, 0x4f, 0x59, 0x59,
  0xb7, 0x23, 0x13, 0x24, 0x11, 0x11, 0x05, 0x0b, 0x1b, 0x2b, 0x01, 0x11,
  0x23, 0x11, 0x33, 0x15, 0x33, 0x36, 0x36, 0x33, 0x32, 0x16, 0x15, 0x11,
  0x23, 0x11, 0x34, 0x26, 0x23, 0x22, 0x06, 0x01, 0x0c, 0xb2, 0xab, 0x07,
  0x19, 0x75, 0x52, 0x71, 0x8f, 0xb2, 0x50, 0x43, 0x43, 0x58, 0x04, 0xce,
  0xfe, 0x1a, 0x03, 0x18, 0x81, 0x3e, 0x4b, 0x93, 0x81, 0xfd, 0xf4, 0x01,
  0xee, 0x49, 0x54, 0x58, 0x00, 0x01, 0xfe, 0x70, 0x00, 0x00, 0x03, 0x26,
  0x05, 0xd2, 0x00, 0x03, 0x00, 0x19, 0x40, 0x16, 0x00, 0x00, 0x00, 0x56,
  0x4d, 0x02, 0x01, 0x01, 0x01, 0x57, 0x01, 0x4e, 0x00, 0x00, 0x00, 0x03,
  0x00, 0x03, 0x11, 0x03, 0x0b, 0x17, 0x2b, 0x21, 0x01, 0x33, 0x01, 0xfe,
  0x70, 0x04, 0x00, 0xb6, 0xfc, 0x00, 0x05, 0xd2, 0xfa, 0x2e, 0x00, 0x02,
  0x00, 0x4b, 0xff, 0xf7, 0x02, 0xd3, 0x03, 0x3a, 0x00, 0x0b, 0x00, 0x16,
  0x00, 0x2b, 0x40, 0x28, 0x00, 0x01, 0x00, 0x03, 0x02, 0x01, 0x03, 0x69,
  0x05, 0x01, 0x02, 0x02, 0x00, 0x61, 0x04, 0x01, 0x00, 0x00, 0x57, 0x00,
  0x4e, 0x0d, 0x0c, 0x01, 0x00, 0x13, 0x11, 0x0c, 0x16, 0x0d, 0x16, 0x07,
  0x05, 0x00, 0x0b, 0x01, 0x0b, 0x06, 0x0b, 0x16, 0x2b, 0x05, 0x22, 0x26,
  0x35, 0x34, 0x36, 0x33, 0x32, 0x16, 0x15, 0x14, 0x06, 0x27, 0x32, 0x36,
  0x35, 0x34, 0x26, 0x23, 0x22, 0x06, 0x15, 0x10, 0x01, 0x8f, 0x9d, 0xa7,
  0xa9, 0x9b, 0x9b, 0xa9, 0xa7, 0x9d, 0x48, 0x47, 0x47, 0x48, 0x48, 0x48,
  0x09, 0xd5, 0xcc, 0xca, 0xd8, 0xd9, 0xc9, 0xcb, 0xd6, 0x92, 0x8b, 0x84,
  0x85, 0x8d, 0x8e, 0x84, 0xfe, 0xf1, 0x00, 0x01, 0x00, 0x4d, 0x00, 0x00,
  0x01, 0xc3, 0x03, 0x31, 0x00, 0x07, 0x00, 0x21, 0x40, 0x1e, 0x06, 0x05,
  0x03, 0x03, 0x00, 0x01, 0x01, 0x4c, 0x02, 0x01, 0x01, 0x01, 0x00, 0x5f,
  0x00, 0x00, 0x00, 0x57, 0x00, 0x4e, 0x00, 0x00, 0x00, 0x07, 0x00, 0x07,
  0x11, 0x03, 0x0b, 0x17, 0x2b, 0x01, 0x11, 0x23, 0x11, 0x23, 0x07, 0x35,
  0x37, 0x01, 0xc3, 0xaf, 0x09, 0xbe, 0xa4, 0x03, 0x31, 0xfc, 0xcf, 0x02,
  0x9f, 0x92, 0xa7, 0x7d, 0x00, 0x01, 0x00, 0x5a, 0x00, 0x00, 0x02, 0x9a,
  0x03, 0x3a, 0x00, 0x1a, 0x00, 0x32, 0x40, 0x2f, 0x01, 0x01, 0x04, 0x03,
  0x01, 0x4c, 0x00, 0x01, 0x00, 0x03, 0x00, 0x01, 0x03, 0x80, 0x00, 0x02,
  0x00, 0x00, 0x01, 0x02, 0x00, 0x69, 0x00, 0x03, 0x03, 0x04, 0x5f, 0x05,
  0x01, 0x04, 0x04, 0x57, 0x04, 0x4e, 0x00, 0x00, 0x00, 0x1a, 0x00, 0x1a,
  0x27, 0x22, 0x12, 0x27, 0x06, 0x0b, 0x1a, 0x2b, 0x33, 0x35, 0x01, 0x36,
  0x36, 0x35, 0x34, 0x26, 0x23, 0x22, 0x06, 0x15, 0x23, 0x34, 0x36, 0x33,
  0x32, 0x16, 0x15, 0x14, 0x06, 0x06, 0x07, 0x07, 0x15, 0x21, 0x15, 0x64,
  0x01, 0x16, 0x35, 0x36, 0x47, 0x2f, 0x30, 0x3d, 0xa8, 0xa1, 0x78, 0x81,
  0x9b, 0x20, 0x60, 0x5e, 0x5a, 0x01, 0x43, 0x77, 0x01, 0x21, 0x37, 0x50,
  0x2c, 0x30, 0x34, 0x34, 0x2f, 0x6f, 0x7f, 0x85, 0x61, 0x25, 0x54, 0x7c,
  0x62, 0x62, 0x0a, 0x91, 0x00, 0x01, 0x00, 0x5c, 0xff, 0xf7, 0x02, 0xc7,
  0x03, 0x3a, 0x00, 0x2a, 0x00, 0x4c, 0x40, 0x49, 0x24, 0x01, 0x03, 0x04,
  0x01, 0x4c, 0x00, 0x06, 0x05, 0x04, 0x05, 0x06, 0x04, 0x80, 0x00, 0x01,
  0x03, 0x02, 0x03, 0x01, 0x02, 0x80, 0x00, 0x07, 0x00, 0x05, 0x06, 0x07,
  0x05, 0x69, 0x00, 0x04, 0x00, 0x03, 0x01, 0x04, 0x03, 0x69, 0x00, 0x02,
  0x02, 0x00, 0x61, 0x08, 0x01, 0x00, 0x00, 0x57, 0x00, 0x4e, 0x01, 0x00,
  0x1f, 0x1d, 0x1a, 0x19, 0x17, 0x15, 0x11, 0x0f, 0x0e, 0x0c, 0x08, 0x06,
  0x04, 0x03, 0x00, 0x2a, 0x01, 0x2a, 0x09, 0x0b, 0x16, 0x2b, 0x05, 0x22,
  0x26, 0x27, 0x33, 0x16, 0x16, 0x33, 0x32, 0x36, 0x35, 0x34, 0x26, 0x23,
  0x23, 0x35, 0x33, 0x32, 0x36, 0x35, 0x34, 0x26, 0x23, 0x22, 0x06, 0x07,
  0x23, 0x3e, 0x02, 0x33, 0x32, 0x16, 0x15, 0x14, 0x06, 0x07, 0x15, 0x16,
  0x16, 0x15, 0x14, 0x06, 0x01, 0x8e, 0x7c, 0xb1, 0x05, 0xb1, 0x06, 0x4d,
  0x2f, 0x36, 0x4b, 0x47, 0x47, 0x55, 0x55, 0x34, 0x44, 0x37, 0x2f, 0x2b,
  0x52, 0x03, 0xa8, 0x03, 0x53, 0x86, 0x4e, 0x81, 0x8e, 0x4e, 0x41, 0x5a,
  0x57, 0xb1, 0x09, 0x6b, 0x5e, 0x17, 0x1f, 0x37, 0x2c, 0x30, 0x41, 0x85,
  0x3c, 0x31, 0x29, 0x33, 0x26, 0x22, 0x40, 0x61, 0x35, 0x8b, 0x57, 0x46,
  0x5c, 0x0d, 0x09, 0x0b, 0x64, 0x4e, 0x66, 0x86, 0x00, 0x02, 0x00, 0x56,
  0x00, 0x00, 0x02, 0xd7, 0x03, 0x31, 0x00, 0x0a, 0x00, 0x0f, 0x00, 0x37,
  0x40, 0x34, 0x0c, 0x01, 0x01, 0x00, 0x01, 0x01, 0x02, 0x01, 0x02, 0x4c,
  0x00, 0x00, 0x01, 0x00, 0x85, 0x07, 0x05, 0x02, 0x01, 0x06, 0x04, 0x02,
  0x02, 0x03, 0x01, 0x02, 0x68, 0x00, 0x03, 0x03, 0x57, 0x03, 0x4e, 0x0b,
  0x0b, 0x00, 0x00, 0x0b, 0x0f, 0x0b, 0x0e, 0x00, 0x0a, 0x00, 0x0a, 0x11,
  0x11, 0x11, 0x12, 0x08, 0x0b, 0x1a, 0x2b, 0x37, 0x35, 0x01, 0x33, 0x11,
  0x33, 0x15, 0x23, 0x15, 0x23, 0x35, 0x37, 0x11, 0x23, 0x03, 0x15, 0x56,
  0x01, 0x44, 0xda, 0x63, 0x63, 0xa7, 0x04, 0x0b, 0xc0, 0x79, 0x8b, 0x02,
  0x2d, 0xfd, 0xd7, 0x8f, 0x79, 0x79, 0x8f, 0x01, 0x5c, 0xfe, 0xb0, 0x0c,
  0x00, 0x01, 0x00, 0x70, 0xff, 0xf5, 0x02, 0xbb, 0x03, 0x31, 0x00, 0x1f,
  0x00, 0xfb, 0x40, 0x0b, 0x16, 0x11, 0x02, 0x03, 0x06, 0x10, 0x01, 0x01,
  0x03, 0x02, 0x4c, 0x4b, 0xb0, 0x0a, 0x50, 0x58, 0x40, 0x23, 0x00, 0x01,
  0x03, 0x02, 0x02, 0x01, 0x72, 0x00, 0x04, 0x00, 0x05, 0x06, 0x04, 0x05,
  0x67, 0x00, 0x06, 0x00, 0x03, 0x01, 0x06, 0x03, 0x69, 0x00, 0x02, 0x02,
  0x00, 0x62, 0x07, 0x01, 0x00, 0x00, 0x57, 0x00, 0x4e, 0x1b, 0x4b, 0xb0,
  0x0c, 0x50, 0x58, 0x40, 0x23, 0x00, 0x01, 0x03, 0x02, 0x02, 0x01, 0x72,
  0x00, 0x04, 0x00, 0x05, 0x06, 0x04, 0x05, 0x67, 0x00, 0x06, 0x00, 0x03,
  0x01, 0x06, 0x03, 0x69, 0x00, 0x02, 0x02, 0x00, 0x62, 0x07, 0x01, 0x00,
  0x00, 0x5d, 0x00, 0x4e, 0x1b, 0x4b, 0xb0, 0x0d, 0x50, 0x58, 0x40, 0x23,
  0x00, 0x01, 0x03, 0x02, 0x02, 0x01, 0x72, 0x00, 0x04, 0x00, 0x05, 0x06,
  0x04, 0x05, 0x67, 0x00, 0x06, 0x00, 0x03, 0x01, 0x06, 0x03, 0x69, 0x00,
  0x02, 0x02, 0x00, 0x62, 0x07, 0x01, 0x00, 0x00, 0x57, 0x00, 0x4e, 0x1b,
  0x4b, 0xb0, 0x22, 0x50, 0x58, 0x40, 0x23, 0x00, 0x01, 0x03, 0x02, 0x02,
  0x01, 0x72, 0x00, 0x04, 0x00, 0x05, 0x06, 0x04, 0x05, 0x67, 0x00, 0x06,
  0x00, 0x03, 0x01, 0x06, 0x03, 0x69, 0x00, 0x02, 0x02, 0x00, 0x62, 0x07,
  0x01, 0x00, 0x00, 0x5d, 0x00, 0x4e, 0x1b, 0x40, 0x24, 0x00, 0x01, 0x03,
  0x02, 0x03, 0x01, 0x02, 0x80, 0x00, 0x04, 0x00, 0x05, 0x06, 0x04, 0x05,
  0x67, 0x00, 0x06, 0x00, 0x03, 0x01, 0x06, 0x03, 0x69, 0x00, 0x02, 0x02,
  0x00, 0x62, 0x07, 0x01, 0x00, 0x00, 0x5d, 0x00, 0x4e, 0x59, 0x59, 0x59,
  0x59, 0x40, 0x15, 0x01, 0x00, 0x1b, 0x19, 0x15, 0x14, 0x13, 0x12, 0x0d,
  0x0c, 0x08, 0x06, 0x04, 0x03, 0x00, 0x1f, 0x01, 0x1f, 0x08, 0x0b, 0x16,
  0x2b, 0x05, 0x22, 0x26, 0x27, 0x33, 0x16, 0x16, 0x33, 0x32, 0x36, 0x35,
  0x34, 0x26, 0x23, 0x22, 0x06, 0x07, 0x27, 0x13, 0x21, 0x15, 0x21, 0x07,
  0x33, 0x36, 0x36, 0x33, 0x32, 0x16, 0x15, 0x14, 0x06, 0x01, 0x8b, 0x79,
  0x9f, 0x03, 0xaa, 0x03, 0x43, 0x2b, 0x38, 0x4d, 0x51, 0x40, 0x12, 0x3c,
  0x16, 0x99, 0x36, 0x01, 0xd8, 0xfe, 0xb3, 0x1a, 0x07, 0x0e, 0x4f, 0x2c,
  0x71, 0x91, 0xac, 0x0b, 0x7d, 0x5d, 0x23, 0x2a, 0x49, 0x3c, 0x3c, 0x50,
  0x0a, 0x03, 0x28, 0x01, 0x83, 0x90, 0xbf, 0x14, 0x21, 0x98, 0x74, 0x78,
  0x9e, 0x00, 0x00, 0x02, 0x00, 0x4b, 0xff, 0xf7, 0x02, 0xc8, 0x03, 0x3a,
  0x00, 0x1b, 0x00, 0x27, 0x00, 0x47, 0x40, 0x44, 0x13, 0x01, 0x06, 0x04,
  0x01, 0x4c, 0x00, 0x02, 0x03, 0x04, 0x03, 0x02, 0x04, 0x80, 0x00, 0x01,
  0x00, 0x03, 0x02, 0x01, 0x03, 0x69, 0x00, 0x04, 0x00, 0x06, 0x05, 0x04,
  0x06, 0x69, 0x08, 0x01, 0x05, 0x05, 0x00, 0x61, 0x07, 0x01, 0x00, 0x00,
  0x57, 0x00, 0x4e, 0x1d, 0x1c, 0x01, 0x00, 0x23, 0x21, 0x1c, 0x27, 0x1d,
  0x27, 0x17, 0x15, 0x11, 0x0f, 0x0d, 0x0c, 0x0a, 0x08, 0x00, 0x1b, 0x01,
  0x1b, 0x09, 0x0b, 0x16, 0x2b, 0x05, 0x22, 0x2e, 0x02, 0x35, 0x34, 0x36,
  0x36, 0x33, 0x32, 0x16, 0x17, 0x23, 0x26, 0x26, 0x23, 0x22, 0x06, 0x15,
  0x33, 0x36, 0x33, 0x32, 0x16, 0x15, 0x14, 0x06, 0x27, 0x32, 0x36, 0x35,
  0x34, 0x26, 0x23, 0x22, 0x06, 0x07, 0x06, 0x16, 0x01, 0x93, 0x31, 0x72,
  0x65, 0x40, 0x5b, 0x99, 0x5c, 0x77, 0xa0, 0x10, 0xae, 0x0e, 0x3f, 0x2d,
  0x4a, 0x59, 0x0a, 0x44, 0x8a, 0x68, 0x91, 0xa8, 0x8e, 0x3c, 0x51, 0x4d,
  0x3d, 0x37, 0x52, 0x05, 0x06, 0x51, 0x09, 0x1d, 0x53, 0x9f, 0x81, 0x93,
  0xc2, 0x5e, 0x88, 0x62, 0x24, 0x2c, 0x7f, 0x77, 0x74, 0x93, 0x75, 0x7a,
  0xa5, 0x8b, 0x52, 0x3d, 0x3a, 0x53, 0x4f, 0x38, 0x38, 0x5d, 0x00, 0x01,
  0x00, 0x42, 0x00, 0x00, 0x02, 0x84, 0x03, 0x31, 0x00, 0x07, 0x00, 0x23,
  0x40, 0x20, 0x06, 0x01, 0x02, 0x00, 0x01, 0x4c, 0x00, 0x01, 0x00, 0x00,
  0x02, 0x01, 0x00, 0x67, 0x03, 0x01, 0x02, 0x02, 0x57, 0x02, 0x4e, 0x00,
  0x00, 0x00, 0x07, 0x00, 0x07, 0x11, 0x21, 0x04, 0x0b, 0x18, 0x2b, 0x33,
  0x01, 0x35, 0x21, 0x35, 0x21, 0x15, 0x01, 0x7a, 0x01, 0x52, 0xfe, 0x76,
  0x02, 0x42, 0xfe, 0xab, 0x02, 0x98, 0x0a, 0x8f, 0x95, 0xfd, 0x64, 0x00,
  0x00, 0x03, 0x00, 0x4b, 0xff, 0xf7, 0x02, 0xc4, 0x03, 0x3a, 0x00, 0x19,
  0x00, 0x25, 0x00, 0x31, 0x00, 0x43, 0x40, 0x40, 0x13, 0x06, 0x02, 0x03,
  0x04, 0x01, 0x4c, 0x00, 0x01, 0x00, 0x05, 0x04, 0x01, 0x05, 0x69, 0x08,
  0x01, 0x04, 0x00, 0x03, 0x02, 0x04, 0x03, 0x69, 0x07, 0x01, 0x02, 0x02,
  0x00, 0x61, 0x06, 0x01, 0x00, 0x00, 0x57, 0x00, 0x4e, 0x27, 0x26, 0x1b,
  0x1a, 0x01, 0x00, 0x2d, 0x2b, 0x26, 0x31, 0x27, 0x31, 0x21, 0x1f, 0x1a,
  0x25, 0x1b, 0x25, 0x0e, 0x0c, 0x00, 0x19, 0x01, 0x19, 0x09, 0x0b, 0x16,
  0x2b, 0x05, 0x22, 0x26, 0x35, 0x34, 0x36, 0x37, 0x35, 0x26, 0x26, 0x35,
  0x34, 0x36, 0x33, 0x32, 0x16, 0x15, 0x14, 0x06, 0x07, 0x15, 0x16, 0x16,
  0x15, 0x14, 0x06, 0x27, 0x32, 0x36, 0x35, 0x34, 0x26, 0x23, 0x22, 0x06,
  0x15, 0x14, 0x16, 0x13, 0x32, 0x36, 0x35, 0x34, 0x26, 0x23, 0x22, 0x06,
  0x15, 0x14, 0x16, 0x01, 0x87, 0x8c, 0xb0, 0x5b, 0x42, 0x39, 0x46, 0xa2,
  0x7c, 0x7a, 0xa4, 0x47, 0x37, 0x3e, 0x5f, 0xb2, 0x8b, 0x3f, 0x48, 0x4d,
  0x3a, 0x3b, 0x4d, 0x47, 0x41, 0x31, 0x42, 0x3f, 0x34, 0x35, 0x3e, 0x40,
  0x09, 0x83, 0x63, 0x48, 0x73, 0x0d, 0x09, 0x0f, 0x66, 0x3d, 0x5e, 0x7c,
  0x7e, 0x5c, 0x3e, 0x65, 0x0f, 0x09, 0x0d, 0x72, 0x49, 0x63, 0x83, 0x84,
  0x3c, 0x33, 0x35, 0x42, 0x41, 0x36, 0x33, 0x3c, 0x01, 0x68, 0x39, 0x30,
  0x30, 0x37, 0x37, 0x30, 0x30, 0x39, 0x00, 0x02, 0x00, 0x4b, 0xff, 0xf5,
  0x02, 0xc8, 0x03, 0x3e, 0x00, 0x1c, 0x00, 0x28, 0x00, 0xd4, 0xb5, 0x0a,
  0x01, 0x03, 0x05, 0x01, 0x4c, 0x4b, 0xb0, 0x0a, 0x50, 0x58, 0x40, 0x25,
  0x00, 0x01, 0x03, 0x02, 0x03, 0x01, 0x02, 0x80, 0x00, 0x04, 0x00, 0x06,
  0x05, 0x04, 0x06, 0x69, 0x08, 0x01, 0x05, 0x00, 0x03, 0x01, 0x05, 0x03,
  0x69, 0x00, 0x02, 0x02, 0x00, 0x61, 0x07, 0x01, 0x00, 0x00, 0x57, 0x00,
  0x4e, 0x1b, 0x4b, 0xb0, 0x0c, 0x50, 0x58, 0x40, 0x25, 0x00, 0x01, 0x03,
  0x02, 0x03, 0x01, 0x02, 0x80, 0x00, 0x04, 0x00, 0x06, 0x05, 0x04, 0x06,
  0x69, 0x08, 0x01, 0x05, 0x00, 0x03, 0x01, 0x05, 0x03, 0x69, 0x00, 0x02,
  0x02, 0x00, 0x61, 0x07, 0x01, 0x00, 0x00, 0x5d, 0x00, 0x4e, 0x1b, 0x4b,
  0xb0, 0x0d, 0x50, 0x58, 0x40, 0x25, 0x00, 0x01, 0x03, 0x02, 0x03, 0x01,
  0x02, 0x80, 0x00, 0x04, 0x00, 0x06, 0x05, 0x04, 0x06, 0x69, 0x08, 0x01,
  0x05, 0x00, 0x03, 0x01, 0x05, 0x03, 0x69, 0x00, 0x02, 0x02, 0x00, 0x61,
  0x07, 0x01, 0x00, 0x00, 0x57, 0x00, 0x4e, 0x1b, 0x40, 0x25, 0x00, 0x01,
  0x03, 0x02, 0x03, 0x01, 0x02, 0x80, 0x00, 0x04, 0x00, 0x06, 0x05, 0x04,
  0x06, 0x69, 0x08, 0x01, 0x05, 0x00, 0x03, 0x01, 0x05, 0x03, 0x69, 0x00,
  0x02, 0x02, 0x00, 0x61, 0x07, 0x01, 0x00, 0x00, 0x5d, 0x00, 0x4e, 0x59,
  0x59, 0x59, 0x40, 0x19, 0x1e, 0x1d, 0x01, 0x00, 0x24, 0x22, 0x1d, 0x28,
  0x1e, 0x28, 0x15, 0x13, 0x0f, 0x0d, 0x08, 0x06, 0x04, 0x03, 0x00, 0x1c,
  0x01, 0x1c, 0x09, 0x0b, 0x16, 0x2b, 0x05, 0x22, 0x26, 0x27, 0x33, 0x16,
  0x16, 0x33, 0x32, 0x36, 0x35, 0x23, 0x06, 0x06, 0x23, 0x22, 0x26, 0x35,
  0x34, 0x36, 0x17, 0x32, 0x1e, 0x02, 0x15, 0x14, 0x06, 0x06, 0x03, 0x32,
  0x36, 0x37, 0x36, 0x26, 0x23, 0x22, 0x06, 0x15, 0x14, 0x16, 0x01, 0x7a,
  0x77, 0xa0, 0x0f, 0xae, 0x0d, 0x3e, 0x2f, 0x48, 0x5a, 0x09, 0x21, 0x6e,
  0x41, 0x69, 0x91, 0xab, 0x89, 0x2d, 0x71, 0x68, 0x43, 0x5b, 0x97, 0x59,
  0x3e, 0x4f, 0x04, 0x04, 0x50, 0x41, 0x3c, 0x4f, 0x4b, 0x0b, 0x8a, 0x65,
  0x25, 0x2e, 0x80, 0x78, 0x38, 0x40, 0x95, 0x74, 0x7e, 0xa6, 0x02, 0x1c,
  0x51, 0x9f, 0x84, 0x95, 0xc3, 0x5f, 0x01, 0x9e, 0x58, 0x34, 0x34, 0x5c,
  0x53, 0x3c, 0x3b, 0x52, 0x00, 0x01, 0x00, 0x77, 0x00, 0x7d, 0x02, 0xa7,
  0x02, 0xae, 0x00, 0x0b, 0x00, 0x2c, 0x40, 0x29, 0x00, 0x02, 0x01, 0x05,
  0x02, 0x57, 0x03, 0x01, 0x01, 0x04, 0x01, 0x00, 0x05, 0x01, 0x00, 0x67,
  0x00, 0x02, 0x02, 0x05, 0x5f, 0x06, 0x01, 0x05, 0x02, 0x05, 0x4f, 0x00,
  0x00, 0x00, 0x0b, 0x00, 0x0b, 0x11, 0x11, 0x11, 0x11, 0x11, 0x07, 0x0b,
  0x1b, 0x2b, 0x25, 0x35, 0x23, 0x35, 0x33, 0x35, 0x33, 0x15, 0x33, 0x15,
  0x23, 0x15, 0x01, 0x49, 0xd2, 0xd2, 0x8c, 0xd2, 0xd2, 0x7d, 0xd7, 0x84,
  0xd6, 0xd6, 0x84, 0xd7, 0x00, 0x02, 0x00, 0x81, 0x00, 0xc8, 0x02, 0x9d,
  0x02, 0x5c, 0x00, 0x03, 0x00, 0x07, 0x00, 0x2f, 0x40, 0x2c, 0x00, 0x02,
  0x05, 0x01, 0x03, 0x00, 0x02, 0x03, 0x67, 0x00, 0x00, 0x01, 0x01, 0x00,
  0x57, 0x00, 0x00, 0x00, 0x01, 0x5f, 0x04, 0x01, 0x01, 0x00, 0x01, 0x4f,
  0x04, 0x04, 0x00, 0x00, 0x04, 0x07, 0x04, 0x07, 0x06, 0x05, 0x00, 0x03,
  0x00, 0x03, 0x11, 0x06, 0x0b, 0x17, 0x2b, 0x37, 0x35, 0x21, 0x15, 0x01,
  0x35, 0x21, 0x15, 0x81, 0x02, 0x1c, 0xfd, 0xe4, 0x02, 0x1c, 0xc8, 0x8b,
  0x8b, 0x01, 0x09, 0x8b, 0x8b, 0x00, 0x00, 0x01, 0x00, 0x7d, 0xff, 0xb1,
  0x01, 0xb3, 0x03, 0xb0, 0x00, 0x0e, 0x00, 0x18, 0x40, 0x15, 0x00, 0x00,
  0x01, 0x01, 0x00, 0x57, 0x00, 0x00, 0x00, 0x01, 0x5f, 0x00, 0x01, 0x00,
  0x01, 0x4f, 0x16, 0x14, 0x02, 0x0b, 0x18, 0x2b, 0x13, 0x34, 0x36, 0x36,
  0x37, 0x33, 0x06, 0x02, 0x15, 0x14, 0x16, 0x17, 0x23, 0x26, 0x26, 0x7d,
  0x27, 0x45, 0x2c, 0x9e, 0x40, 0x49, 0x3f, 0x4a, 0x9e, 0x4a, 0x4e, 0x01,
  0x94, 0x57, 0xc8, 0xba, 0x43, 0x87, 0xfe, 0xe0, 0x75, 0x65, 0xd9, 0xa5,
  0x76, 0xf5, 0x00, 0x01, 0x00, 0x37, 0xff, 0xb1, 0x01, 0x6d, 0x03, 0xb0,
  0x00, 0x0d, 0x00, 0x1e, 0x40, 0x1b, 0x00, 0x00, 0x01, 0x01, 0x00, 0x57,
  0x00, 0x00, 0x00, 0x01, 0x5f, 0x02, 0x01, 0x01, 0x00, 0x01, 0x4f, 0x00,
  0x00, 0x00, 0x0d, 0x00, 0x0d, 0x16, 0x03, 0x0b, 0x17, 0x2b, 0x17, 0x36,
  0x36, 0x35, 0x34, 0x02, 0x27, 0x33, 0x1e, 0x02, 0x15, 0x14, 0x07, 0x37,
  0x4d, 0x3c, 0x49, 0x40, 0x9d, 0x2c, 0x45, 0x28, 0x99, 0x4f, 0xaa, 0xd9,
  0x60, 0x75, 0x01, 0x20, 0x87, 0x42, 0xba, 0xc9, 0x57, 0xf0, 0xf3, 0x00,
  0x00, 0x01, 0x00, 0x82, 0xff, 0xf4, 0x01, 0x6f, 0x00, 0xe0, 0x00, 0x0b,
  0x00, 0x1a, 0x40, 0x17, 0x00, 0x01, 0x01, 0x00, 0x61, 0x02, 0x01, 0x00,
  0x00, 0x5d, 0x00, 0x4e, 0x01, 0x00, 0x07, 0x05, 0x00, 0x0b, 0x01, 0x0b,
  0x03, 0x0b, 0x16, 0x2b, 0x17, 0x22, 0x26, 0x35, 0x34, 0x36, 0x33, 0x32,
  0x16, 0x15, 0x14, 0x06, 0xf9, 0x32, 0x45, 0x45, 0x32, 0x31, 0x45, 0x45,
  0x0c, 0x44, 0x32, 0x31, 0x45, 0x45, 0x31, 0x32, 0x44, 0x00, 0x00, 0x01,
  0x00, 0x64, 0xfe, 0xd7, 0x01, 0x68, 0x00, 0xab, 0x00, 0x03, 0x00, 0x1e,
  0x40, 0x1b, 0x00, 0x00, 0x01, 0x01, 0x00, 0x57, 0x00, 0x00, 0x00, 0x01,
  0x5f, 0x02, 0x01, 0x01, 0x00, 0x01, 0x4f, 0x00, 0x00, 0x00, 0x03, 0x00,
  0x03, 0x11, 0x03, 0x0b, 0x17, 0x2b, 0x13, 0x13, 0x33, 0x03, 0x64, 0x46,
  0xbe, 0x84, 0xfe, 0xd7, 0x01, 0xd4, 0xfe, 0x2c, 0xff, 0xff, 0x00, 0x4b,
  0x02, 0x98, 0x02, 0xd3, 0x05, 0xdb, 0x03, 0x07, 0x00, 0x72, 0x00, 0x00,
  0x02, 0xa1, 0x00, 0x09, 0xb1, 0x00, 0x02, 0xb8, 0x02, 0xa1, 0xb0, 0x35,
  0x2b, 0x00, 0x00, 0x00, 0xff, 0xff, 0x00, 0x4d, 0x02, 0xa1, 0x01, 0xc3,
  0x05, 0xd2, 0x03, 0x07, 0x00, 0x73, 0x00, 0x00, 0x02, 0xa1, 0x00, 0x09,
  0xb1, 0x00, 0x01, 0xb8, 0x02, 0xa1, 0xb0, 0x35, 0x2b, 0x00, 0x00, 0x00,
  0xff, 0xff, 0x00, 0x5a, 0x02, 0xa1, 0x02, 0x9a, 0x05, 0xdb, 0x03, 0x07,
  0x00, 0x74, 0x00, 0x00, 0x02, 0xa1, 0x00, 0x09, 0xb1, 0x00, 0x01, 0xb8,
  0x02, 0xa1, 0xb0, 0x35, 0x2b, 0x00, 0x00, 0x00, 0xff, 0xff, 0x00, 0x5c,
  0x02, 0x98, 0x02, 0xc7, 0x05, 0xdb, 0x03, 0x07, 0x00, 0x75, 0x00, 0x00,
  0x02, 0xa1, 0x00, 0x09, 0xb1, 0x00, 0x01, 0xb8, 0x02, 0xa1, 0xb0, 0x35,
  0x2b, 0x00, 0x00, 0x00, 0xff, 0xff, 0x00, 0x56, 0x02, 0xa1, 0x02, 0xd7,
  0x05, 0xd2, 0x03, 0x07, 0x00, 0x76, 0x00, 0x00, 0x02, 0xa1, 0x00, 0x09,
  0xb1, 0x00, 0x02, 0xb8, 0x02, 0xa1, 0xb0, 0x35, 0x2b, 0x00, 0x00, 0x00,
  0xff, 0xff, 0x00, 0x70, 0x02, 0x96, 0x02, 0xbb, 0x05, 0xd2, 0x03, 0x07,
  0x00, 0x77, 0x00, 0x00, 0x02, 0xa1, 0x00, 0x09, 0xb1, 0x00, 0x01, 0xb8,
  0x02, 0xa1, 0xb0, 0x35, 0x2b, 0x00, 0x00, 0x00, 0xff, 0xff, 0x00, 0x4b,
  0x02, 0x98, 0x02, 0xc8, 0x05, 0xdb, 0x03, 0x07, 0x00, 0x78, 0x00, 0x00,
  0x02, 0xa1, 0x00, 0x09, 0xb1, 0x00, 0x02, 0xb8, 0x02, 0xa1, 0xb0, 0x35,
  0x2b, 0x00, 0x00, 0x00, 0xff, 0xff, 0x00, 0x42, 0x02, 0xa1, 0x02, 0x84,
  0x05, 0xd2, 0x03, 0x07, 0x00, 0x79, 0x00, 0x00, 0x02, 0xa1, 0x00, 0x09,
  0xb1, 0x00, 0x01, 0xb8, 0x02, 0xa1, 0xb0, 0x35, 0x2b, 0x00, 0x00, 0x00,
  0xff, 0xff, 0x00, 0x4b, 0x02, 0x98, 0x02, 0xc4, 0x05, 0xdb, 0x03, 0x07,
  0x00, 0x7a, 0x00, 0x00, 0x02, 0xa1, 0x00, 0x09, 0xb1, 0x00, 0x03, 0xb8,
  0x02, 0xa1, 0xb0, 0x35, 0x2b, 0x00, 0x00, 0x00, 0xff, 0xff, 0x00, 0x4b,
  0x02, 0x96, 0x02, 0xc8, 0x05, 0xdf, 0x03, 0x07, 0x00, 0x7b, 0x00, 0x00,
  0x02, 0xa1, 0x00, 0x09, 0xb1, 0x00, 0x02, 0xb8, 0x02, 0xa1, 0xb0, 0x35,
  0x2b, 0x00, 0x00, 0x00, 0xff, 0xff, 0x00, 0x77, 0x03, 0x1e, 0x02, 0xa7,
  0x05, 0x4f, 0x03, 0x07, 0x00, 0x7c, 0x00, 0x00, 0x02, 0xa1, 0x00, 0x09,
  0xb1, 0x00, 0x01, 0xb8, 0x02, 0xa1, 0xb0, 0x35, 0x2b, 0x00, 0x00, 0x00,
  0xff, 0xff, 0x00, 0x81, 0x03, 0x69, 0x02, 0x9d, 0x04, 0xfd, 0x03, 0x07,
  0x00, 0x7d, 0x00, 0x00, 0x02, 0xa1, 0x00, 0x09, 0xb1, 0x00, 0x02, 0xb8,
  0x02, 0xa1, 0xb0, 0x35, 0x2b, 0x00, 0x00, 0x00, 0xff, 0xff, 0x00, 0x7d,
  0x02, 0x52, 0x01, 0xb3, 0x06, 0x51, 0x03, 0x07, 0x00, 0x7e, 0x00, 0x00,
  0x02, 0xa1, 0x00, 0x09, 0xb1, 0x00, 0x01, 0xb8, 0x02, 0xa1, 0xb0, 0x35,
  0x2b, 0x00, 0x00, 0x00, 0xff, 0xff, 0x00, 0x37, 0x02, 0x52, 0x01, 0x6d,
  0x06, 0x51, 0x03, 0x07, 0x00, 0x7f, 0x00, 0x00, 0x02, 0xa1, 0x00, 0x09,
  0xb1, 0x00, 0x01, 0xb8, 0x02, 0xa1, 0xb0, 0x35, 0x2b, 0x00, 0x00, 0x00,
  0x00, 0x01, 0x00, 0x82, 0x02, 0x75, 0x01, 0x6f, 0x03, 0x61, 0x00, 0x0b,
  0x00, 0x1f, 0x40, 0x1c, 0x00, 0x01, 0x00, 0x00, 0x01, 0x59, 0x00, 0x01,
  0x01, 0x00, 0x61, 0x02, 0x01, 0x00, 0x01, 0x00, 0x51, 0x01, 0x00, 0x07,
  0x05, 0x00, 0x0b, 0x01, 0x0b, 0x03, 0x0b, 0x16, 0x2b, 0x13, 0x22, 0x26,
  0x35, 0x34, 0x36, 0x33, 0x32, 0x16, 0x15, 0x14, 0x06, 0xf9, 0x32, 0x45,
  0x45, 0x32, 0x31, 0x45, 0x45, 0x02, 0x75, 0x45, 0x31, 0x32, 0x44, 0x44,
  0x32, 0x31, 0x45, 0x00, 0x00, 0x01, 0x00, 0x64, 0x01, 0x7e, 0x01, 0x68,
  0x03, 0x52, 0x00, 0x03, 0x00, 0x1e, 0x40, 0x1b, 0x00, 0x00, 0x01, 0x01,
  0x00, 0x57, 0x00, 0x00, 0x00, 0x01, 0x5f, 0x02, 0x01, 0x01, 0x00, 0x01,
  0x4f, 0x00, 0x00, 0x00, 0x03, 0x00, 0x03, 0x11, 0x03, 0x0b, 0x17, 0x2b,
  0x13, 0x13, 0x33, 0x03, 0x64, 0x46, 0xbe, 0x84, 0x01, 0x7e, 0x01, 0xd4,
  0xfe, 0x2c, 0x00, 0x05, 0x00, 0xd7, 0xff, 0xe4, 0x07, 0x1b, 0x05, 0xea,
  0x00, 0x11, 0x00, 0x23, 0x00, 0x27, 0x00, 0x35, 0x00, 0x43, 0x00, 0xd2,
  0x4b, 0xb0, 0x11, 0x50, 0x58, 0x40, 0x2c, 0x0e, 0x01, 0x08, 0x0a, 0x01,
  0x00, 0x03, 0x08, 0x00, 0x69, 0x00, 0x03, 0x00, 0x07, 0x06, 0x03, 0x07,
  0x6a, 0x00, 0x09, 0x09, 0x01, 0x61, 0x04, 0x01, 0x01, 0x01, 0x5c, 0x4d,
  0x0d, 0x01, 0x06, 0x06, 0x02, 0x61, 0x0c, 0x05, 0x0b, 0x03, 0x02, 0x02,
  0x60, 0x02, 0x4e, 0x1b, 0x4b, 0xb0, 0x15, 0x50, 0x58, 0x40, 0x30, 0x0e,
  0x01, 0x08, 0x0a, 0x01, 0x00, 0x03, 0x08, 0x00, 0x69, 0x00, 0x03, 0x00,
  0x07, 0x06, 0x03, 0x07, 0x6a, 0x00, 0x09, 0x09, 0x01, 0x61, 0x04, 0x01,
  0x01, 0x01, 0x5c, 0x4d, 0x0c, 0x01, 0x05, 0x05, 0x57, 0x4d, 0x0d, 0x01,
  0x06, 0x06, 0x02, 0x61, 0x0b, 0x01, 0x02, 0x02, 0x60, 0x02, 0x4e, 0x1b,
  0x40, 0x34, 0x0e, 0x01, 0x08, 0x0a, 0x01, 0x00, 0x03, 0x08, 0x00, 0x69,
  0x00, 0x03, 0x00, 0x07, 0x06, 0x03, 0x07, 0x6a, 0x00, 0x04, 0x04, 0x56,
  0x4d, 0x00, 0x09, 0x09, 0x01, 0x61, 0x00, 0x01, 0x01, 0x5c, 0x4d, 0x0c,
  0x01, 0x05, 0x05, 0x57, 0x4d, 0x0d, 0x01, 0x06, 0x06, 0x02, 0x61, 0x0b,
  0x01, 0x02, 0x02, 0x60, 0x02, 0x4e, 0x59, 0x59, 0x40, 0x2b, 0x37, 0x36,
  0x29, 0x28, 0x24, 0x24, 0x13, 0x12, 0x01, 0x00, 0x3e, 0x3c, 0x36, 0x43,
  0x37, 0x43, 0x30, 0x2e, 0x28, 0x35, 0x29, 0x35, 0x24, 0x27, 0x24, 0x27,
  0x26, 0x25, 0x1c, 0x1a, 0x12, 0x23, 0x13, 0x23, 0x0a, 0x08, 0x00, 0x11,
  0x01, 0x11, 0x0f, 0x0b, 0x16, 0x2b, 0x01, 0x22, 0x26, 0x26, 0x35, 0x35,
  0x34, 0x36, 0x36, 0x33, 0x32, 0x16, 0x16, 0x15, 0x15, 0x14, 0x06, 0x06,
  0x01, 0x22, 0x26, 0x26, 0x35, 0x35, 0x34, 0x36, 0x36, 0x33, 0x32, 0x16,
  0x16, 0x15, 0x15, 0x14, 0x06, 0x06, 0x25, 0x01, 0x33, 0x01, 0x25, 0x32,
  0x36, 0x35, 0x35, 0x34, 0x26, 0x23, 0x22, 0x06, 0x15, 0x15, 0x14, 0x16,
  0x01, 0x32, 0x36, 0x35, 0x35, 0x34, 0x26, 0x23, 0x22, 0x06, 0x15, 0x15,
  0x14, 0x16, 0x02, 0x07, 0x63, 0x87, 0x46, 0x47, 0x88, 0x61, 0x63, 0x87,
  0x44, 0x45, 0x87, 0x03, 0x83, 0x63, 0x87, 0x45, 0x47, 0x87, 0x61, 0x64,
  0x86, 0x45, 0x46, 0x87, 0xfb, 0x4b, 0x04, 0x00, 0xb6, 0xfc, 0x00, 0x03,
  0x9d, 0x49, 0x3a, 0x38, 0x4b, 0x48, 0x3c, 0x3b, 0xfc, 0x64, 0x49, 0x3a,
  0x38, 0x4b, 0x48, 0x3c, 0x3a, 0x03, 0x2e, 0x55, 0x8e, 0x54, 0x4e, 0x55,
  0x8d, 0x55, 0x55, 0x8e, 0x54, 0x4e, 0x55, 0x8d, 0x55, 0xfc, 0xb6, 0x55,
  0x8e, 0x54, 0x4e, 0x55, 0x8d, 0x55, 0x55, 0x8e, 0x54, 0x4e, 0x54, 0x8e,
  0x55, 0x1c, 0x05, 0xd2, 0xfa, 0x2e, 0x78, 0x65, 0x3e, 0x4e, 0x3e, 0x66,
  0x66, 0x3e, 0x4e, 0x3e, 0x65, 0x03, 0x4a, 0x64, 0x3f, 0x4e, 0x3e, 0x66,
  0x66, 0x3e, 0x4e, 0x3f, 0x64, 0x00, 0xff, 0xff, 0x00, 0x9a, 0x04, 0xef,
  0x02, 0x08, 0x06, 0x1a, 0x00, 0x06, 0x00, 0x94, 0x00, 0x00, 0x00, 0x01,
  0x00, 0x9a, 0x04, 0xef, 0x02, 0x08, 0x06, 0x1a, 0x00, 0x03, 0x00, 0x26,
  0xb1, 0x06, 0x64, 0x44, 0x40, 0x1b, 0x00, 0x00, 0x01, 0x01, 0x00, 0x57,
  0x00, 0x00, 0x00, 0x01, 0x5f, 0x02, 0x01, 0x01, 0x00, 0x01, 0x4f, 0x00,
  0x00, 0x00, 0x03, 0x00, 0x03, 0x11, 0x03, 0x0b, 0x17, 0x2b, 0xb1, 0x06,
  0x00, 0x44, 0x01, 0x03, 0x33, 0x13, 0x01, 0x5f, 0xc5, 0xe2, 0x8c, 0x04,
  0xef, 0x01, 0x2b, 0xfe, 0xd5, 0x00, 0x00, 0x01, 0x00, 0xca, 0xff, 0xe8,
  0x06, 0xa2, 0x05, 0x30, 0x00, 0x14, 0x00, 0x29, 0x40, 0x26, 0x10, 0x07,
  0x01, 0x03, 0x01, 0x00, 0x01, 0x4c, 0x03, 0x02, 0x02, 0x00, 0x4a, 0x14,
  0x01, 0x01, 0x49, 0x00, 0x00, 0x01, 0x01, 0x00, 0x57, 0x00, 0x00, 0x00,
  0x01, 0x5f, 0x00, 0x01, 0x00, 0x01, 0x4f, 0x21, 0x29, 0x02, 0x0b, 0x18,
  0x2b, 0x05, 0x01, 0x01, 0x17, 0x07, 0x06, 0x06, 0x07, 0x36, 0x36, 0x33,
  0x21, 0x15, 0x21, 0x22, 0x26, 0x27, 0x16, 0x16, 0x17, 0x17, 0x03, 0x6e,
  0xfd, 0x5c, 0x02, 0xa5, 0x84, 0xdb, 0x3f, 0xac, 0x49, 0x38, 0x7a, 0x38,
  0x03, 0xd4, 0xfc, 0x2c, 0x38, 0x7b, 0x37, 0x49, 0xad, 0x3e, 0xdb, 0x18,
  0x02, 0xa4, 0x02, 0xa4, 0x84, 0xd9, 0x40, 0x8c, 0x38, 0x0a, 0x12, 0xbe,
  0x11, 0x0b, 0x38, 0x8e, 0x3e, 0xd9, 0x00, 0x01, 0x00, 0xca, 0xff, 0xe8,
  0x09, 0xba, 0x05, 0x30, 0x00, 0x14, 0x00, 0x29, 0x40, 0x26, 0x10, 0x07,
  0x01, 0x03, 0x01, 0x00, 0x01, 0x4c, 0x03, 0x02, 0x02, 0x00, 0x4a, 0x14,
  0x01, 0x01, 0x49, 0x00, 0x00, 0x01, 0x01, 0x00, 0x57, 0x00, 0x00, 0x00,
  0x01, 0x5f, 0x00, 0x01, 0x00, 0x01, 0x4f, 0x21, 0x29, 0x02, 0x0b, 0x18,
  0x2b, 0x05, 0x01, 0x01, 0x17, 0x07, 0x06, 0x06, 0x07, 0x36, 0x36, 0x33,
  0x21, 0x15, 0x21, 0x22, 0x26, 0x27, 0x16, 0x16, 0x17, 0x17, 0x03, 0x6e,
  0xfd, 0x5c, 0x02, 0xa4, 0x85, 0xdb, 0x3f, 0xac, 0x49, 0x38, 0x7a, 0x38,
  0x06, 0xec, 0xf9, 0x14, 0x38, 0x7b, 0x37, 0x49, 0xad, 0x3e, 0xdb, 0x18,
  0x02, 0xa4, 0x02, 0xa4, 0x84, 0xd9, 0x40, 0x8c, 0x38, 0x0a, 0x12, 0xbe,
  0x11, 0x0b, 0x38, 0x8e, 0x3e, 0xd9, 0x00, 0x01, 0x00, 0xca, 0xff, 0xe3,
  0x14, 0x74, 0x05, 0x35, 0x00, 0x08, 0x00, 0x27, 0x40, 0x24, 0x01, 0x01,
  0x01, 0x00, 0x01, 0x4c, 0x03, 0x02, 0x02, 0x00, 0x4a, 0x08, 0x01, 0x01,
  0x49, 0x00, 0x00, 0x01, 0x01, 0x00, 0x57, 0x00, 0x00, 0x00, 0x01, 0x5f,
  0x00, 0x01, 0x00, 0x01, 0x4f, 0x11, 0x14, 0x02, 0x0b, 0x18, 0x2b, 0x05,
  0x01, 0x01, 0x17, 0x01, 0x21, 0x15, 0x21, 0x01, 0x03, 0x73, 0xfd, 0x57,
  0x02, 0xa9, 0x85, 0xfe, 0x39, 0x12, 0x43, 0xed, 0xbd, 0x01, 0xc7, 0x1d,
  0x02, 0xa9, 0x02, 0xa9, 0x84, 0xfe, 0x3a, 0xbe, 0xfe, 0x3a, 0x00, 0x01,
  0x00, 0xca, 0xff, 0xe3, 0x09, 0xba, 0x05, 0x35, 0x00, 0x0d, 0x00, 0x32,
  0x40, 0x2f, 0x08, 0x01, 0x02, 0x02, 0x01, 0x01, 0x4c, 0x03, 0x02, 0x02,
  0x00, 0x4a, 0x0d, 0x01, 0x03, 0x49, 0x00, 0x00, 0x00, 0x01, 0x02, 0x00,
  0x01, 0x67, 0x00, 0x02, 0x03, 0x03, 0x02, 0x57, 0x00, 0x02, 0x02, 0x03,
  0x5f, 0x00, 0x03, 0x02, 0x03, 0x4f, 0x11, 0x12, 0x11, 0x14, 0x04, 0x0b,
  0x1a, 0x2b, 0x05, 0x01, 0x01, 0x17, 0x01, 0x21, 0x15, 0x21, 0x07, 0x17,
  0x21, 0x15, 0x21, 0x01, 0x03, 0x73, 0xfd, 0x57, 0x02, 0xa9, 0x85, 0xfe,
  0xec, 0x06, 0xd6, 0xf8, 0x6e, 0x57, 0x58, 0x07, 0x91, 0xf9, 0x2b, 0x01,
  0x13, 0x1d, 0x02, 0xa9, 0x02, 0xa9, 0x84, 0xfe, 0xed, 0xbb, 0x57, 0x58,
  0xbc, 0xfe, 0xed, 0x00, 0x00, 0x01, 0x01, 0x00, 0xff, 0xe8, 0x06, 0xd8,
  0x05, 0x30, 0x00, 0x14, 0x00, 0x29, 0x40, 0x26, 0x14, 0x0e, 0x05, 0x03,
  0x00, 0x01, 0x01, 0x4c, 0x13, 0x12, 0x02, 0x01, 0x4a, 0x01, 0x01, 0x00,
  0x49, 0x00, 0x01, 0x00, 0x00, 0x01, 0x57, 0x00, 0x01, 0x01, 0x00, 0x5f,
  0x00, 0x00, 0x01, 0x00, 0x4f, 0x21, 0x27, 0x02, 0x0b, 0x18, 0x2b, 0x05,
  0x27, 0x37, 0x36, 0x36, 0x37, 0x06, 0x06, 0x23, 0x21, 0x35, 0x21, 0x32,
  0x16, 0x17, 0x26, 0x26, 0x27, 0x27, 0x37, 0x01, 0x04, 0x34, 0x85, 0xdb,
  0x3e, 0xad, 0x49, 0x37, 0x7b, 0x38, 0xfc, 0x2c, 0x03, 0xd4, 0x38, 0x7a,
  0x38, 0x49, 0xac, 0x3f, 0xdb, 0x84, 0x02, 0xa5, 0x18, 0x84, 0xd9, 0x3e,
  0x8e, 0x38, 0x0b, 0x11, 0xbe, 0x12, 0x0a, 0x38, 0x8c, 0x40, 0xd9, 0x84,
  0xfd, 0x5c, 0x00, 0x01, 0x01, 0x00, 0xff, 0xe8, 0x09, 0xf0, 0x05, 0x30,
  0x00, 0x14, 0x00, 0x29, 0x40, 0x26, 0x14, 0x0e, 0x05, 0x03, 0x00, 0x01,
  0x01, 0x4c, 0x13, 0x12, 0x02, 0x01, 0x4a, 0x01, 0x01, 0x00, 0x49, 0x00,
  0x01, 0x00, 0x00, 0x01, 0x57, 0x00, 0x01, 0x01, 0x00, 0x5f, 0x00, 0x00,
  0x01, 0x00, 0x4f, 0x21, 0x27, 0x02, 0x0b, 0x18, 0x2b, 0x05, 0x27, 0x37,
  0x36, 0x36, 0x37, 0x06, 0x06, 0x23, 0x21, 0x35, 0x21, 0x32, 0x16, 0x17,
  0x26, 0x26, 0x27, 0x27, 0x37, 0x01, 0x07, 0x4c, 0x85, 0xdb, 0x3e, 0xad,
  0x49, 0x37, 0x7b, 0x38, 0xf9, 0x14, 0x06, 0xec, 0x38, 0x7a, 0x38, 0x49,
  0xac, 0x3f, 0xdb, 0x85, 0x02, 0xa4, 0x18, 0x84, 0xd9, 0x3e, 0x8e, 0x38,
  0x0b, 0x11, 0xbe, 0x12, 0x0a, 0x38, 0x8c, 0x40, 0xd9, 0x84, 0xfd, 0x5c,
  0x00, 0x01, 0x01, 0x00, 0xff, 0xe3, 0x14, 0xaa, 0x05, 0x35, 0x00, 0x08,
  0x00, 0x27, 0x40, 0x24, 0x08, 0x01, 0x00, 0x01, 0x01, 0x4c, 0x07, 0x06,
  0x02, 0x01, 0x4a, 0x01, 0x01, 0x00, 0x49, 0x00, 0x01, 0x00, 0x00, 0x01,
  0x57, 0x00, 0x01, 0x01, 0x00, 0x5f, 0x00, 0x00, 0x01, 0x00, 0x4f, 0x11,
  0x12, 0x02, 0x0b, 0x18, 0x2b, 0x05, 0x27, 0x01, 0x21, 0x35, 0x21, 0x01,
  0x37, 0x01, 0x12, 0x01, 0x85, 0x01, 0xc7, 0xed, 0xbd, 0x12, 0x43, 0xfe,
  0x39, 0x85, 0x02, 0xa9, 0x1d, 0x84, 0x01, 0xc6, 0xbe, 0x01, 0xc6, 0x84,
  0xfd, 0x57, 0x00, 0x01, 0x01, 0x00, 0xff, 0xe3, 0x06, 0xd8, 0x05, 0x35,
  0x00, 0x0d, 0x00, 0x32, 0x40, 0x2f, 0x0d, 0x06, 0x02, 0x01, 0x02, 0x01,
  0x4c, 0x0c, 0x0b, 0x02, 0x03, 0x4a, 0x01, 0x01, 0x00, 0x49, 0x00, 0x03,
  0x00, 0x02, 0x01, 0x03, 0x02, 0x67, 0x00, 0x01, 0x00, 0x00, 0x01, 0x57,
  0x00, 0x01, 0x01, 0x00, 0x5f, 0x00, 0x00, 0x01, 0x00, 0x4f, 0x11, 0x12,
  0x11, 0x12, 0x04, 0x0b, 0x1a, 0x2b, 0x05, 0x27, 0x01, 0x21, 0x35, 0x21,
  0x37, 0x27, 0x21, 0x35, 0x21, 0x01, 0x37, 0x01, 0x04, 0x31, 0x85, 0x01,
  0x12, 0xfc, 0x42, 0x04, 0x79, 0x59, 0x57, 0xfb, 0x85, 0x03, 0xbf, 0xfe,
  0xed, 0x85, 0x02, 0xa7, 0x1d, 0x82, 0x01, 0x13, 0xbc, 0x58, 0x57, 0xbb,
  0x01, 0x13, 0x84, 0xfd, 0x57, 0x00, 0x00, 0x01, 0x01, 0x00, 0xff, 0xe3,
  0x09, 0xf0, 0x05, 0x35, 0x00, 0x0d, 0x00, 0x32, 0x40, 0x2f, 0x0d, 0x06,
  0x02, 0x01, 0x02, 0x01, 0x4c, 0x0c, 0x0b, 0x02, 0x03, 0x4a, 0x01, 0x01,
  0x00, 0x49, 0x00, 0x03, 0x00, 0x02, 0x01, 0x03, 0x02, 0x67, 0x00, 0x01,
  0x00, 0x00, 0x01, 0x57, 0x00, 0x01, 0x01, 0x00, 0x5f, 0x00, 0x00, 0x01,
  0x00, 0x4f, 0x11, 0x12, 0x11, 0x12, 0x04, 0x0b, 0x1a, 0x2b, 0x05, 0x27,
  0x01, 0x21, 0x35, 0x21, 0x37, 0x27, 0x21, 0x35, 0x21, 0x01, 0x37, 0x01,
  0x07, 0x47, 0x85, 0x01, 0x13, 0xf9, 0x2b, 0x07, 0x91, 0x58, 0x57, 0xf8,
  0x6e, 0x06, 0xd6, 0xfe, 0xec, 0x85, 0x02, 0xa9, 0x1d, 0x82, 0x01, 0x13,
  0xbc, 0x58, 0x57, 0xbb, 0x01, 0x13, 0x84, 0xfd, 0x57, 0x00, 0x00, 0x01,
  0x00, 0xca, 0xff, 0xf8, 0x09, 0xf0, 0x05, 0x20, 0x00, 0x25, 0x00, 0x31,
  0x40, 0x2e, 0x21, 0x1a, 0x14, 0x0e, 0x07, 0x01, 0x06, 0x01, 0x00, 0x01,
  0x4c, 0x13, 0x12, 0x03, 0x02, 0x04, 0x00, 0x4a, 0x25, 0x16, 0x15, 0x03,
  0x01, 0x49, 0x00, 0x00, 0x01, 0x01, 0x00, 0x57, 0x00, 0x00, 0x00, 0x01,
  0x5f, 0x00, 0x01, 0x00, 0x01, 0x4f, 0x1f, 0x1c, 0x39, 0x02, 0x0b, 0x17,
  0x2b, 0x05, 0x01, 0x01, 0x17, 0x07, 0x06, 0x06, 0x07, 0x36, 0x36, 0x33,
  0x21, 0x32, 0x16, 0x17, 0x26, 0x26, 0x27, 0x27, 0x37, 0x01, 0x01, 0x27,
  0x37, 0x36, 0x36, 0x37, 0x06, 0x06, 0x23, 0x21, 0x22, 0x26, 0x27, 0x16,
  0x16, 0x17, 0x17, 0x03, 0x5e, 0xfd, 0x6c, 0x02, 0x94, 0x84, 0xca, 0x3f,
  0xac, 0x49, 0x38, 0x7a, 0x38, 0x05, 0x1e, 0x38, 0x7a, 0x38, 0x49, 0xac,
  0x3f, 0xca, 0x84, 0x02, 0x94, 0xfd, 0x6c, 0x84, 0xca, 0x3e, 0xad, 0x49,
  0x37, 0x7b, 0x38, 0xfa, 0xe2, 0x38, 0x7b, 0x37, 0x49, 0xad, 0x3e, 0xca,
  0x08, 0x02, 0x94, 0x02, 0x94, 0x84, 0xc9, 0x40, 0x8c, 0x38, 0x0a, 0x12,
  0x12, 0x0a, 0x38, 0x8c, 0x40, 0xc9, 0x84, 0xfd, 0x6c, 0xfd, 0x6c, 0x84,
  0xc9, 0x3e, 0x8e, 0x38, 0x0b, 0x11, 0x11, 0x0b, 0x38, 0x8e, 0x3e, 0xc9,
  0x00, 0x01, 0x00, 0xca, 0xff, 0xf8, 0x0d, 0x36, 0x05, 0x20, 0x00, 0x25,
  0x00, 0x31, 0x40, 0x2e, 0x21, 0x1a, 0x14, 0x0e, 0x07, 0x01, 0x06, 0x01,
  0x00, 0x01, 0x4c, 0x13, 0x12, 0x03, 0x02, 0x04, 0x00, 0x4a, 0x25, 0x16,
  0x15, 0x03, 0x01, 0x49, 0x00, 0x00, 0x01, 0x01, 0x00, 0x57, 0x00, 0x00,
  0x00, 0x01, 0x5f, 0x00, 0x01, 0x00, 0x01, 0x4f, 0x1f, 0x1c, 0x39, 0x02,
  0x0b, 0x17, 0x2b, 0x05, 0x01, 0x01, 0x17, 0x07, 0x06, 0x06, 0x07, 0x36,
  0x36, 0x33, 0x21, 0x32, 0x16, 0x17, 0x26, 0x26, 0x27, 0x27, 0x37, 0x01,
  0x01, 0x27, 0x37, 0x36, 0x36, 0x37, 0x06, 0x06, 0x23, 0x21, 0x22, 0x26,
  0x27, 0x16, 0x16, 0x17, 0x17, 0x03, 0x5e, 0xfd, 0x6c, 0x02, 0x94, 0x84,
  0xca, 0x3f, 0xac, 0x49, 0x38, 0x7a, 0x38, 0x08, 0x64, 0x38, 0x7a, 0x38,
  0x49, 0xac, 0x3f, 0xca, 0x84, 0x02, 0x94, 0xfd, 0x6c, 0x84, 0xca, 0x3e,
  0xad, 0x49, 0x37, 0x7b, 0x38, 0xf7, 0x9c, 0x38, 0x7b, 0x37, 0x49, 0xad,
  0x3e, 0xca, 0x08, 0x02, 0x94, 0x02, 0x94, 0x84, 0xc9, 0x40, 0x8c, 0x38,
  0x0a, 0x12, 0x12, 0x0a, 0x38, 0x8c, 0x40, 0xc9, 0x84, 0xfd, 0x6c, 0xfd,
  0x6c, 0x84, 0xc9, 0x3e, 0x8e, 0x38, 0x0b, 0x11, 0x11, 0x0b, 0x38, 0x8e,
  0x3e, 0xc9, 0x00, 0x02, 0x00, 0xca, 0xff, 0xe3, 0x09, 0xf0, 0x05, 0x35,
  0x00, 0x0d, 0x00, 0x13, 0x00, 0x38, 0x40, 0x35, 0x13, 0x10, 0x0d, 0x06,
  0x04, 0x02, 0x03, 0x01, 0x4c, 0x0c, 0x0b, 0x08, 0x07, 0x04, 0x01, 0x4a,
  0x05, 0x04, 0x01, 0x03, 0x00, 0x49, 0x00, 0x01, 0x00, 0x03, 0x02, 0x01,
  0x03, 0x67, 0x00, 0x02, 0x00, 0x00, 0x02, 0x57, 0x00, 0x02, 0x02, 0x00,
  0x5f, 0x00, 0x00, 0x02, 0x00, 0x4f, 0x12, 0x14, 0x16, 0x12, 0x04, 0x0b,
  0x1a, 0x2b, 0x05, 0x27, 0x01, 0x21, 0x01, 0x07, 0x01, 0x01, 0x17, 0x01,
  0x21, 0x01, 0x37, 0x01, 0x05, 0x21, 0x37, 0x27, 0x21, 0x07, 0x07, 0x47,
  0x85, 0x01, 0x13, 0xfb, 0x10, 0x01, 0x13, 0x85, 0xfd, 0x57, 0x02, 0xa9,
  0x85, 0xfe, 0xec, 0x04, 0xf2, 0xfe, 0xec, 0x85, 0x02, 0xa9, 0xf8, 0x39,
  0x06, 0x68, 0x58, 0x57, 0xf9, 0x96, 0x57, 0x1d, 0x82, 0x01, 0x13, 0xfe,
  0xed, 0x82, 0x02, 0xa9, 0x02, 0xa9, 0x84, 0xfe, 0xed, 0x01, 0x13, 0x84,
  0xfd, 0x57, 0x58, 0x58, 0x57, 0x57, 0x00, 0x02, 0x00, 0xca, 0xff, 0xe3,
  0x0d, 0x36, 0x05, 0x35, 0x00, 0x0d, 0x00, 0x13, 0x00, 0x38, 0x40, 0x35,
  0x13, 0x10, 0x0d, 0x06, 0x04, 0x02, 0x03, 0x01, 0x4c, 0x0c, 0x0b, 0x08,
  0x07, 0x04, 0x01, 0x4a, 0x05, 0x04, 0x01, 0x03, 0x00, 0x49, 0x00, 0x01,
  0x00, 0x03, 0x02, 0x01, 0x03, 0x67, 0x00, 0x02, 0x00, 0x00, 0x02, 0x57,
  0x00, 0x02, 0x02, 0x00, 0x5f, 0x00, 0x00, 0x02, 0x00, 0x4f, 0x12, 0x14,
  0x16, 0x12, 0x04, 0x0b, 0x1a, 0x2b, 0x05, 0x27, 0x01, 0x21, 0x01, 0x07,
  0x01, 0x01, 0x17, 0x01, 0x21, 0x01, 0x37, 0x01, 0x05, 0x21, 0x37, 0x27,
  0x21, 0x07, 0x0a, 0x8d, 0x85, 0x01, 0x13, 0xf7, 0xca, 0x01, 0x13, 0x85,
  0xfd, 0x57, 0x02, 0xa9, 0x85, 0xfe, 0xec, 0x08, 0x38, 0xfe, 0xec, 0x85,
  0x02, 0xa9, 0xf4, 0xf3, 0x09, 0xae, 0x58, 0x57, 0xf6, 0x50, 0x57, 0x1d,
  0x82, 0x01, 0x13, 0xfe, 0xed, 0x82, 0x02, 0xa9, 0x02, 0xa9, 0x84, 0xfe,
  0xed, 0x01, 0x13, 0x84, 0xfd, 0x57, 0x58, 0x58, 0x57, 0x57, 0xff, 0xff,
  0x00, 0xca, 0x00, 0x45, 0x06, 0xa2, 0x05, 0x8d, 0x03, 0x06, 0x00, 0x97,
  0x00, 0x5d, 0x00, 0x08, 0xb1, 0x00, 0x01, 0xb0, 0x5d, 0xb0, 0x35, 0x2b,
  0x00, 0x00, 0xff, 0xff, 0x00, 0xca, 0x00, 0x45, 0x09, 0xba, 0x05, 0x8d,
  0x03, 0x06, 0x00, 0x98, 0x00, 0x5d, 0x00, 0x08, 0xb1, 0x00, 0x01, 0xb0,
  0x5d, 0xb0, 0x35, 0x2b, 0x00, 0x00, 0xff, 0xff, 0x00, 0xca, 0x00, 0x40,
  0x14, 0x74, 0x05, 0x92, 0x03, 0x06, 0x00, 0x99, 0x00, 0x5d, 0x00, 0x08,
  0xb1, 0x00, 0x01, 0xb0, 0x5d, 0xb0, 0x35, 0x2b, 0x00, 0x00, 0xff, 0xff,
  0x00, 0xca, 0x00, 0x40, 0x09, 0xba, 0x05, 0x92, 0x03, 0x06, 0x00, 0x9a,
  0x00, 0x5d, 0x00, 0x08, 0xb1, 0x00, 0x01, 0xb0, 0x5d, 0xb0, 0x35, 0x2b,
  0x00, 0x00, 0xff, 0xff, 0x01, 0x00, 0x00, 0x45, 0x06, 0xd8, 0x05, 0x8d,
  0x03, 0x06, 0x00, 0x9b, 0x00, 0x5d, 0x00, 0x08, 0xb1, 0x00, 0x01, 0xb0,
  0x5d, 0xb0, 0x35, 0x2b, 0x00, 0x00, 0xff, 0xff, 0x01, 0x00, 0x00, 0x45,
  0x09, 0xf0, 0x05, 0x8d, 0x03, 0x06, 0x00, 0x9c, 0x00, 0x5d, 0x00, 0x08,
  0xb1, 0x00, 0x01, 0xb0, 0x5d, 0xb0, 0x35, 0x2b, 0x00, 0x00, 0xff, 0xff,
  0x01, 0x00, 0x00, 0x40, 0x14, 0xaa, 0x05, 0x92, 0x03, 0x06, 0x00, 0x9d,
  0x00, 0x5d, 0x00, 0x08, 0xb1, 0x00, 0x01, 0xb0, 0x5d, 0xb0, 0x35, 0x2b,
  0x00, 0x00, 0xff, 0xff, 0x01, 0x00, 0x00, 0x40, 0x06, 0xd8, 0x05, 0x92,
  0x03, 0x06, 0x00, 0x9e, 0x00, 0x5d, 0x00, 0x08, 0xb1, 0x00, 0x01, 0xb0,
  0x5d, 0xb0, 0x35, 0x2b, 0x00, 0x00, 0xff, 0xff, 0x01, 0x00, 0x00, 0x40,
  0x09, 0xf0, 0x05, 0x92, 0x03, 0x06, 0x00, 0x9f, 0x00, 0x5d, 0x00, 0x08,
  0xb1, 0x00, 0x01, 0xb0, 0x5d, 0xb0, 0x35, 0x2b, 0x00, 0x00, 0xff, 0xff,
  0x00, 0xca, 0x00, 0x55, 0x09, 0xf0, 0x05, 0x7d, 0x03, 0x06, 0x00, 0xa0,
  0x00, 0x5d, 0x00, 0x08, 0xb1, 0x00, 0x01, 0xb0, 0x5d, 0xb0, 0x35, 0x2b,
  0x00, 0x00, 0xff, 0xff, 0x00, 0xca, 0x00, 0x55, 0x0d, 0x36, 0x05, 0x7d,
  0x03, 0x06, 0x00, 0xa1, 0x00, 0x5d, 0x00, 0x08, 0xb1, 0x00, 0x01, 0xb0,
  0x5d, 0xb0, 0x35, 0x2b, 0x00, 0x00, 0xff, 0xff, 0x00, 0xca, 0x00, 0x40,
  0x09, 0xf0, 0x05, 0x92, 0x03, 0x06, 0x00, 0xa2, 0x00, 0x5d, 0x00, 0x08,
  0xb1, 0x00, 0x02, 0xb0, 0x5d, 0xb0, 0x35, 0x2b, 0x00, 0x00, 0xff, 0xff,
  0x00, 0xca, 0x00, 0x40, 0x0d, 0x36, 0x05, 0x92, 0x03, 0x06, 0x00, 0xa3,
  0x00, 0x5d, 0x00, 0x08, 0xb1, 0x00, 0x02, 0xb0, 0x5d, 0xb0, 0x35, 0x2b,
  0x00, 0x00, 0x00, 0x01, 0x00, 0x7d, 0x05, 0x09, 0x01, 0x92, 0x06, 0x0e,
  0x00, 0x0b, 0x00, 0x27, 0xb1, 0x06, 0x64, 0x44, 0x40, 0x1c, 0x00, 0x01,
  0x00, 0x00, 0x01, 0x59, 0x00, 0x01, 0x01, 0x00, 0x61, 0x02, 0x01, 0x00,
  0x01, 0x00, 0x51, 0x01, 0x00, 0x07, 0x05, 0x00, 0x0b, 0x01, 0x0b, 0x03,
  0x0b, 0x16, 0x2b, 0xb1, 0x06, 0x00, 0x44, 0x01, 0x22, 0x26, 0x35, 0x34,
  0x36, 0x33, 0x32, 0x16, 0x15, 0x14, 0x06, 0x01, 0x07, 0x39, 0x51, 0x51,
  0x39, 0x39, 0x52, 0x52, 0x05, 0x09, 0x4c, 0x36, 0x37, 0x4c, 0x4c, 0x37,
  0x36, 0x4c, 0x00, 0x00
};
static const unsigned int g_zcl_inter_medium_ascii_len = 40480;
